HS_code,text,main_fibre,rule
50010000_1988,"Silkworm cocoons suitable for reeling (1988-) (Q1=kg, Q2=none)",UNK,
50020000_1988,"Raw silk non-thrown (1988-) (Q1=kg, Q2=none)",OTH,\bsilk\b|\bflax\b|\bjute\b|\bramie\b|\bhemp\b|coconut|abaca|sisal|coarse animal hair|vegetable textile (fibres|materials)|paper yarn
50030000_2007,"Silk waste, incl. cocoons unsuitable for reeling, yarn waste and garnetted stock (2007-) (Q1=kg, Q2=none)",OTH,\bsilk\b|\bflax\b|\bjute\b|\bramie\b|\bhemp\b|coconut|abaca|sisal|coarse animal hair|vegetable textile (fibres|materials)|paper yarn
50031000_1988,"Silk waste, incl. cocoons unsuitable for reeling, yarn waste and garnetted stock, neither carded nor combed (1988-2006) (Q1=kg, Q2=none)",OTH,\bsilk\b|\bflax\b|\bjute\b|\bramie\b|\bhemp\b|coconut|abaca|sisal|coarse animal hair|vegetable textile (fibres|materials)|paper yarn
50039000_1988,"Silk waste, incl. cocoons unsuitable for reeling, yarn waste and garnetted stock, carded or combed (1988-2006) (Q1=kg, Q2=none)",OTH,\bsilk\b|\bflax\b|\bjute\b|\bramie\b|\bhemp\b|coconut|abaca|sisal|coarse animal hair|vegetable textile (fibres|materials)|paper yarn
50040000_1988,"Silk yarn (excl. that spun from silk waste and that put up for retail sale) (1988-) (Q1=kg, Q2=none)",OTH,\bsilk\b|\bflax\b|\bjute\b|\bramie\b|\bhemp\b|coconut|abaca|sisal|coarse animal hair|vegetable textile (fibres|materials)|paper yarn
50050000_1988,"Yarn spun from silk waste (excl. that put up for retail sale) (1988-) (Q1=kg, Q2=none)",OTH,\bsilk\b|\bflax\b|\bjute\b|\bramie\b|\bhemp\b|coconut|abaca|sisal|coarse animal hair|vegetable textile (fibres|materials)|paper yarn
50060000_1988,"Silk yarn and yarn spun from silk waste, put up for retail sale; silkworm gut (1988-) (Q1=kg, Q2=none)",OTH,\bsilk\b|\bflax\b|\bjute\b|\bramie\b|\bhemp\b|coconut|abaca|sisal|coarse animal hair|vegetable textile (fibres|materials)|paper yarn
50071000_1988,"Woven fabrics of noil silk (1988-) (Q1=kg, Q2=none)",OTH,\bsilk\b|\bflax\b|\bjute\b|\bramie\b|\bhemp\b|coconut|abaca|sisal|coarse animal hair|vegetable textile (fibres|materials)|paper yarn
50072000_1988,"Woven fabrics containing >= 85% silk or schappe by weight (1988-) (Q1=kg, Q2=none)",OTH,\bsilk\b|\bflax\b|\bjute\b|\bramie\b|\bhemp\b|coconut|abaca|sisal|coarse animal hair|vegetable textile (fibres|materials)|paper yarn
50079000_1988,"Woven fabrics containing predominantly, but < 85% silk or silk waste by weight (1988-) (Q1=kg, Q2=none)",OTH,\bsilk\b|\bflax\b|\bjute\b|\bramie\b|\bhemp\b|coconut|abaca|sisal|coarse animal hair|vegetable textile (fibres|materials)|paper yarn
51011100_1988,"Greasy shorn wool, incl. fleece-washed wool, neither carded nor combed (1988-) (Q1=kg, Q2=none)",WO,\bof wool\b|fine animal hair|kashmir|cashmere|\bwool\b
51011900_1988,"Greasy wool, incl. fleece-washed wool, neither carded nor combed (excl. shorn wool) (1988-) (Q1=kg, Q2=none)",WO,\bof wool\b|fine animal hair|kashmir|cashmere|\bwool\b
51012100_1988,"Shorn wool, degreased, non-carbonised, neither carded nor combed (1988-) (Q1=kg, Q2=none)",WO,\bof wool\b|fine animal hair|kashmir|cashmere|\bwool\b
51012900_1988,"Degreased wool, non-carbonised, neither carded nor combed (excl. shorn wool) (1988-) (Q1=kg, Q2=none)",WO,\bof wool\b|fine animal hair|kashmir|cashmere|\bwool\b
51013000_1988,"Carbonised wool, neither carded nor combed (1988-) (Q1=kg, Q2=none)",WO,\bof wool\b|fine animal hair|kashmir|cashmere|\bwool\b
51021000_1988,"Fine animal hair, neither carded nor combed (excl. wool) (1988-2001) (Q1=kg, Q2=none)",WO,\bof wool\b|fine animal hair|kashmir|cashmere|\bwool\b
51021100_2002,"Hair of Kashmir cashmere goats, neither carded nor combed (2002-) (Q1=kg, Q2=none)",WO,\bof wool\b|fine animal hair|kashmir|cashmere|\bwool\b
51021900_2002,"Fine animal hair, neither carded nor combed (excl. wool and hair of Kashmir cashmere goats) (2002-) (Q1=kg, Q2=none)",WO,\bof wool\b|fine animal hair|kashmir|cashmere|\bwool\b
51022000_1988,"Coarse animal hair, neither carded nor combed (excl. wool, hair and bristles used in the manufacture of brooms and brushes, and horsehair from the man (1988-) (Q1=kg, Q2=none)",OTH,\bsilk\b|\bflax\b|\bjute\b|\bramie\b|\bhemp\b|coconut|abaca|sisal|coarse animal hair|vegetable textile (fibres|materials)|paper yarn
51031000_1988,"Noils of wool or of fine animal hair (excl. garnetted stock) (1988-) (Q1=kg, Q2=none)",WO,\bof wool\b|fine animal hair|kashmir|cashmere|\bwool\b
51032000_1988,"Waste of wool or of fine animal hair, incl. yarn waste (excl. noils and garnetted stock) (1988-) (Q1=kg, Q2=none)",WO,\bof wool\b|fine animal hair|kashmir|cashmere|\bwool\b
51033000_1988,"Waste of coarse animal hair, incl. yarn waste (excl. garnetted stock, waste of hair or bristles used in the manufacture of brooms and brushes, and of (1988-) (Q1=kg, Q2=none)",OTH,\bsilk\b|\bflax\b|\bjute\b|\bramie\b|\bhemp\b|coconut|abaca|sisal|coarse animal hair|vegetable textile (fibres|materials)|paper yarn
51040000_1988,"Garnetted stock of wool or of fine or coarse animal hair, neither carded nor combed (1988-) (Q1=kg, Q2=none)",WO,\bof wool\b|fine animal hair|kashmir|cashmere|\bwool\b
51051000_1988,"Wool, carded (1988-) (Q1=kg, Q2=none)",WO,\bof wool\b|fine animal hair|kashmir|cashmere|\bwool\b
51052100_1988,"Wool, combed, in fragments open tops (1988-) (Q1=kg, Q2=none)",WO,\bof wool\b|fine animal hair|kashmir|cashmere|\bwool\b
51052900_1988,"Wool, combed (excl. that in fragments open tops) (1988-) (Q1=kg, Q2=none)",WO,\bof wool\b|fine animal hair|kashmir|cashmere|\bwool\b
51053000_1988,"Fine animal hair, carded or combed (excl. wool) (1988-2001) (Q1=kg, Q2=none)",WO,\bof wool\b|fine animal hair|kashmir|cashmere|\bwool\b
51053100_2002,"Hair of Kashmir cashmere goats, carded or combed (2002-) (Q1=kg, Q2=none)",WO,\bof wool\b|fine animal hair|kashmir|cashmere|\bwool\b
51053900_2002,"Fine animal hair, carded or combed (excl. wool and hair of Kashmir cashmere goats) (2002-) (Q1=kg, Q2=none)",WO,\bof wool\b|fine animal hair|kashmir|cashmere|\bwool\b
51054000_1988,"Coarse animal hair, carded or combed (1988-) (Q1=kg, Q2=none)",OTH,\bsilk\b|\bflax\b|\bjute\b|\bramie\b|\bhemp\b|coconut|abaca|sisal|coarse animal hair|vegetable textile (fibres|materials)|paper yarn
51061000_1988,"Carded wool yarn containing >= 85% wool by weight (excl. that put up for retail sale) (1988-) (Q1=kg, Q2=none)",WO,\bof wool\b|fine animal hair|kashmir|cashmere|\bwool\b
51062000_1988,"Carded wool yarn containing predominantly, but < 85% wool by weight (excl. that put up for retail sale) (1988-) (Q1=kg, Q2=none)",WO,\bof wool\b|fine animal hair|kashmir|cashmere|\bwool\b
51071000_1988,"Yarn of combed wool containing >= 85% wool by weight (excl. that put up for retail sale) (1988-) (Q1=kg, Q2=none)",WO,\bof wool\b|fine animal hair|kashmir|cashmere|\bwool\b
51072000_1988,"Yarn of combed wool containing predominantly, but < 85% wool by weight (excl. that put up for retail sale) (1988-) (Q1=kg, Q2=none)",WO,\bof wool\b|fine animal hair|kashmir|cashmere|\bwool\b
51081000_1988,"Carded yarn of fine animal hair (excl. that of wool or that put up for retail sale) (1988-) (Q1=kg, Q2=none)",WO,\bof wool\b|fine animal hair|kashmir|cashmere|\bwool\b
51082000_1988,"Combed yarn of fine animal hair (excl. that of wool and that put up for retail sale) (1988-) (Q1=kg, Q2=none)",WO,\bof wool\b|fine animal hair|kashmir|cashmere|\bwool\b
51091000_1988,"Yarn containing > 50 % to < 85 % wool or fine animal hair by weight, put up for retail sale (1988-1989) (Q1=kg, Q2=none)",WO,\bof wool\b|fine animal hair|kashmir|cashmere|\bwool\b
51091001_1990,"Subgroup of: 510910 Yarn containing >= 85% wool or fine animal hair by weight, put up for retail sale (1990-) (Q1=kg, Q2=none)",WO,\bof wool\b|fine animal hair|kashmir|cashmere|\bwool\b
51091002_1990,"Subgroup of: 510910 Yarn containing >= 85% wool or fine animal hair by weight, put up for retail sale (1990-) (Q1=kg, Q2=none)",WO,\bof wool\b|fine animal hair|kashmir|cashmere|\bwool\b
51099000_1988,"Yarn containing predominantly, but < 85% wool or fine animal hair by weight, put up for retail sale (1988-) (Q1=kg, Q2=none)",WO,\bof wool\b|fine animal hair|kashmir|cashmere|\bwool\b
51100000_1988,"Yarn of coarse animal hair or of horsehair, incl. gimped horsehair yarn, whether or not put up for retail sale (excl. horsehair and yarn not joined to (1988-) (Q1=kg, Q2=none)",OTH,\bsilk\b|\bflax\b|\bjute\b|\bramie\b|\bhemp\b|coconut|abaca|sisal|coarse animal hair|vegetable textile (fibres|materials)|paper yarn
51111100_1988,"Woven fabrics containing >= 85% carded wool or carded fine animal hair by weight and weighing <= 300 g/m² (1988-) (Q1=kg, Q2=none)",WO,\bof wool\b|fine animal hair|kashmir|cashmere|\bwool\b
51111900_1988,"Woven fabrics containing >= 85% carded wool or carded fine animal hair by weight and weighing > 300 g/m² (excl. fabrics for technical uses specificed (1988-) (Q1=kg, Q2=none)",WO,\bof wool\b|fine animal hair|kashmir|cashmere|\bwool\b
51112000_1988,"Woven fabrics containing predominantly, but < 85% carded wool or carded fine animal hair by weight, mixed principally or solely with synthetic or arti (1988-) (Q1=kg, Q2=none)",WO,\bof wool\b|fine animal hair|kashmir|cashmere|\bwool\b
51113000_1988,"Woven fabrics containing predominantly, but < 85% carded wool or carded fine animal hair by weight, mixed principally or solely with synthetic or arti (1988-) (Q1=kg, Q2=none)",WO,\bof wool\b|fine animal hair|kashmir|cashmere|\bwool\b
51119000_1988,"Woven fabrics containing predominantly, but < 85% carded wool or carded fine animal hair by weight (excl. those mixed principally or solely with synth (1988-) (Q1=kg, Q2=none)",WO,\bof wool\b|fine animal hair|kashmir|cashmere|\bwool\b
51121100_1988,"Woven fabrics containing >= 85% combed wool or combed fine animal hair by weight and weighing <= 200 g/m² (excl. fabrics for technical uses of heading (1988-) (Q1=kg, Q2=none)",WO,\bof wool\b|fine animal hair|kashmir|cashmere|\bwool\b
51121900_1988,"Woven fabrics containing >= 85% combed wool or combed fine animal hair by weight and weighing > 200 g/m² (1988-) (Q1=kg, Q2=none)",WO,\bof wool\b|fine animal hair|kashmir|cashmere|\bwool\b
51122000_1988,"Woven fabrics containing predominantly, but < 85% combed wool or combed fine animal hair by weight, mixed principally or solely with synthetic or arti (1988-) (Q1=kg, Q2=none)",WO,\bof wool\b|fine animal hair|kashmir|cashmere|\bwool\b
51123000_1988,"Woven fabrics containing predominantly, but < 85% combed wool or combed fine animal hair by weight, mixed principally or solely with synthetic or arti (1988-) (Q1=kg, Q2=none)",WO,\bof wool\b|fine animal hair|kashmir|cashmere|\bwool\b
51129000_1988,"Woven fabrics containing predominantly, but < 85% combed wool or combed fine animal hair by weight (excl. those mixed principally or solely with synth (1988-) (Q1=kg, Q2=none)",WO,\bof wool\b|fine animal hair|kashmir|cashmere|\bwool\b
51130000_1988,"Woven fabrics of coarse animal hair or of horsehair (excl. fabrics for technical uses of heading 5911) (1988-) (Q1=kg, Q2=none)",OTH,\bsilk\b|\bflax\b|\bjute\b|\bramie\b|\bhemp\b|coconut|abaca|sisal|coarse animal hair|vegetable textile (fibres|materials)|paper yarn
52010000_1988,"Cotton, neither carded nor combed (1988-) (Q1=kg, Q2=none)",CO,\bof cotton\b|\bcotton\b
52021000_1988,"Cotton yarn waste, incl. thread waste (1988-) (Q1=kg, Q2=none)",CO,\bof cotton\b|\bcotton\b
52029100_1988,"Garnetted stock of cotton (1988-) (Q1=kg, Q2=none)",CO,\bof cotton\b|\bcotton\b
52029900_1988,"Cotton waste (excl. yarn waste, thread waste and garnetted stock) (1988-) (Q1=kg, Q2=none)",CO,\bof cotton\b|\bcotton\b
52030000_1988,"Cotton, carded or combed (1988-) (Q1=kg, Q2=none)",CO,\bof cotton\b|\bcotton\b
52041100_1988,"Sewing thread, containing >= 85% cotton by weight (excl. that put up for retail sale) (1988-) (Q1=kg, Q2=none)",CO,\bof cotton\b|\bcotton\b
52041900_1988,"Sewing thread, containing predominantly, but < 85% cotton by weight (excl. that put up for retail sale) (1988-) (Q1=kg, Q2=none)",CO,\bof cotton\b|\bcotton\b
52042000_1988,"Cotton sewing thread, put up for retail sale (1988-) (Q1=kg, Q2=none)",CO,\bof cotton\b|\bcotton\b
52051100_1988,"Single cotton yarn, of uncombed fibres, containing >= 85% cotton by weight and with a linear density of >= 714,29 decitex <= MN 14 (excl. sewing thr (1988-) (Q1=kg, Q2=none)",CO,\bof cotton\b|\bcotton\b
52051200_1988,"Single cotton yarn, of uncombed fibres, containing >= 85% cotton by weight and with a linear density of 232,56 decitex to < 714,29 decitex > MN 14 to (1988-) (Q1=kg, Q2=none)",CO,\bof cotton\b|\bcotton\b
52051300_1988,"Single cotton yarn, of uncombed fibres, containing >= 85% cotton by weight and with a linear density of 192,31 decitex to < 232,56 decitex > MN 43 to (1988-) (Q1=kg, Q2=none)",CO,\bof cotton\b|\bcotton\b
52051400_1988,"Single cotton yarn, of uncombed fibres, containing >= 85% cotton by weight and with a linear density of 125 decitex to < 192,31 decitex > MN 52 to MN (1988-) (Q1=kg, Q2=none)",CO,\bof cotton\b|\bcotton\b
52051500_1988,"Single cotton yarn, of uncombed fibres, containing >= 85% cotton by weight and with a linear density of < 125 decitex > MN 80 (excl. sewing thread a (1988-) (Q1=kg, Q2=none)",CO,\bof cotton\b|\bcotton\b
52052100_1988,"Single cotton yarn, of combed fibres, containing >= 85% cotton by weight and with a linear density of >= 714,29 decitex <= MN 14 (excl. sewing threa (1988-) (Q1=kg, Q2=none)",CO,\bof cotton\b|\bcotton\b
52052200_1988,"Single cotton yarn, of combed fibres, containing >= 85% cotton by weight and with a linear density of 232,56 decitex to < 714,29 decitex > MN 14 to M (1988-) (Q1=kg, Q2=none)",CO,\bof cotton\b|\bcotton\b
52052300_1988,"Single cotton yarn, of combed fibres, containing >= 85% cotton by weight and with a linear density of 192,31 decitex to < 232,56 decitex > MN 43 to M (1988-) (Q1=kg, Q2=none)",CO,\bof cotton\b|\bcotton\b
52052400_1988,"Single cotton yarn, of combed fibres, containing >= 85% cotton by weight and with a linear density of 125 decitex to < 192,31 decitex > MN 52 to MN 8 (1988-) (Q1=kg, Q2=none)",CO,\bof cotton\b|\bcotton\b
52052500_1988,"Single cotton yarn other than sewing thread, of combed fibres, containing >= 85 % cotton by weight and with a linear density of < 125 decitex '> mc 80' (excl. t (1988-1995) (Q1=kg, Q2=none)",CO,\bof cotton\b|\bcotton\b
52052600_1996,"Single cotton yarn, of combed fibres, containing >= 85% cotton by weight and with a linear density of 106,38 decitex to < 125 decitex > MN 80 to MN 9 (1996-) (Q1=kg, Q2=none)",CO,\bof cotton\b|\bcotton\b
52052700_1996,"Single cotton yarn, of combed fibres, containing >= 85% cotton by weight and with a linear density of 83,33 decitex to < 106,38 decitex > MN 94 to MN (1996-) (Q1=kg, Q2=none)",CO,\bof cotton\b|\bcotton\b
52052800_1996,"Single cotton yarn, of combed fibres, containing >= 85% cotton by weight and with a linear density of < 83,33 decitex > MN 120 (excl. sewing thread (1996-) (Q1=kg, Q2=none)",CO,\bof cotton\b|\bcotton\b
52053100_1988,"Multiple folded or cabled cotton yarn, of uncombed fibres, containing >= 85% cotton by weight and with a linear density of >= 714,29 decitex <= MN (1988-) (Q1=kg, Q2=none)",CO,\bof cotton\b|\bcotton\b
52053200_1988,"Multiple folded or cabled cotton yarn, of uncombed fibres, containing >= 85% cotton by weight and with a linear density of 232,56 decitex to < 714,2 (1988-) (Q1=kg, Q2=none)",CO,\bof cotton\b|\bcotton\b
52053300_1988,"Multiple folded or cabled cotton yarn, of uncombed fibres, containing >= 85% cotton by weight and with a linear density of 192,31 decitex to < 232,5 (1988-) (Q1=kg, Q2=none)",CO,\bof cotton\b|\bcotton\b
52053400_1988,"Multiple folded or cabled cotton yarn, of uncombed fibres, containing >= 85% cotton by weight and with a linear density of 125 decitex to < 192,31 d (1988-) (Q1=kg, Q2=none)",CO,\bof cotton\b|\bcotton\b
52053500_1988,"Multiple folded or cabled cotton yarn, of uncombed fibres, containing >= 85% cotton by weight and with a linear density of < 125 decitex > MN 80 p (1988-) (Q1=kg, Q2=none)",CO,\bof cotton\b|\bcotton\b
52054100_1988,"Multiple folded or cabled cotton yarn, of combed fibres, containing >= 85% cotton by weight and with a linear density of >= 714,29 decitex <= MN 14 (1988-) (Q1=kg, Q2=none)",CO,\bof cotton\b|\bcotton\b
52054200_1988,"Multiple folded or cabled cotton yarn, of combed fibres, containing >= 85% cotton by weight and with a linear density of 232,56 decitex to < 714,29 (1988-) (Q1=kg, Q2=none)",CO,\bof cotton\b|\bcotton\b
52054300_1988,"Multiple folded or cabled cotton yarn, of combed fibres, containing >= 85% cotton by weight and with a linear density of 192,31 decitex to < 232,56 (1988-) (Q1=kg, Q2=none)",CO,\bof cotton\b|\bcotton\b
52054400_1988,"Multiple folded or cabled cotton yarn, of combed fibres, containing >= 85% cotton by weight and with a linear density of 125 decitex to < 192,31 dec (1988-) (Q1=kg, Q2=none)",CO,\bof cotton\b|\bcotton\b
52054500_1988,"Multiple 'folded' or cabled cotton yarn other than sewing thread, of combed fibres, containing >= 85 % cotton by weight and with a linear density of < 125 decit (1988-1995) (Q1=kg, Q2=none)",CO,\bof cotton\b|\bcotton\b
52054600_1996,"Multiple folded or cabled cotton yarn, of combed fibres, containing >= 85% cotton by weight and with a linear density of 106,38 decitex to < 125 dec (1996-) (Q1=kg, Q2=none)",CO,\bof cotton\b|\bcotton\b
52054700_1996,"Multiple folded or cabled cotton yarn, of combed fibres, containing >= 85% cotton by weight and with a linear density of 83,33 decitex to < 106,38 d (1996-) (Q1=kg, Q2=none)",CO,\bof cotton\b|\bcotton\b
52054800_1996,"Multiple folded or cabled cotton yarn, of combed fibres, containing >= 85% cotton by weight and with a linear density of < 83,33 decitex > MN 120 (1996-) (Q1=kg, Q2=none)",CO,\bof cotton\b|\bcotton\b
52061100_1988,"Single cotton yarn containing predominantly, but < 85% cotton by weight, of uncombed fibres and with a linear density of >= 714,29 decitex <= MN 14 (1988-) (Q1=kg, Q2=none)",CO,\bof cotton\b|\bcotton\b
52061200_1988,"Single cotton yarn containing predominantly, but < 85% cotton by weight, of uncombed fibres and with a linear density of 232,56 decitex to < 714,29 de (1988-) (Q1=kg, Q2=none)",CO,\bof cotton\b|\bcotton\b
52061300_1988,"Single cotton yarn containing predominantly, but < 85% cotton by weight, of uncombed fibres and with a linear density of 192,31 decitex to < 232,56 de (1988-) (Q1=kg, Q2=none)",CO,\bof cotton\b|\bcotton\b
52061400_1988,"Single cotton yarn containing predominantly, but < 85% cotton by weight, of uncombed fibres and with a linear density of 125 decitex to < 192,31 decit (1988-) (Q1=kg, Q2=none)",CO,\bof cotton\b|\bcotton\b
52061500_1988,"Single cotton yarn containing predominantly, but < 85% cotton by weight, of uncombed fibres and with a linear density of < 125 decitex > MN 80 (excl (1988-) (Q1=kg, Q2=none)",CO,\bof cotton\b|\bcotton\b
52062100_1988,"Single cotton yarn containing predominantly, but < 85% cotton by weight, of combed fibres and with a linear density of >= 714,29 decitex <= MN 14 (e (1988-) (Q1=kg, Q2=none)",CO,\bof cotton\b|\bcotton\b
52062200_1988,"Single cotton yarn containing predominantly, but < 85% cotton by weight, of combed fibres and with a linear density of 232,56 decitex to < 714,29 deci (1988-) (Q1=kg, Q2=none)",CO,\bof cotton\b|\bcotton\b
52062300_1988,"Single cotton yarn containing predominantly, but < 85% cotton by weight, of combed fibres and with a linear density of 192,31 decitex to < 232,56 deci (1988-) (Q1=kg, Q2=none)",CO,\bof cotton\b|\bcotton\b
52062400_1988,"Single cotton yarn containing predominantly, but < 85% cotton by weight, of combed fibres and with a linear density of 125 decitex to < 192,31 decitex (1988-) (Q1=kg, Q2=none)",CO,\bof cotton\b|\bcotton\b
52062500_1988,"Single cotton yarn containing predominantly, but < 85% cotton by weight, of combed fibres and with a linear density of < 125 decitex > MN 80 (excl. (1988-) (Q1=kg, Q2=none)",CO,\bof cotton\b|\bcotton\b
52063100_1988,"Multiple folded or cabled cotton yarn containing predominantly, but < 85% cotton by weight, of uncombed fibres and with a linear density of >= 714,2 (1988-) (Q1=kg, Q2=none)",CO,\bof cotton\b|\bcotton\b
52063200_1988,"Multiple folded or cabled cotton yarn containing predominantly, but < 85% cotton by weight, of uncombed fibres and with a linear density of 232,56 d (1988-) (Q1=kg, Q2=none)",CO,\bof cotton\b|\bcotton\b
52063300_1988,"Multiple folded or cabled cotton yarn containing predominantly, but < 85% cotton by weight, of uncombed fibres and with a linear density of 192,31 d (1988-) (Q1=kg, Q2=none)",CO,\bof cotton\b|\bcotton\b
52063400_1988,"Multiple folded or cabled cotton yarn containing predominantly, but < 85% cotton by weight, of uncombed fibres and with a linear density of 125 deci (1988-) (Q1=kg, Q2=none)",CO,\bof cotton\b|\bcotton\b
52063500_1988,"Multiple folded or cabled cotton yarn containing predominantly, but < 85% cotton by weight, of uncombed fibres and with a linear density of < 125 de (1988-) (Q1=kg, Q2=none)",CO,\bof cotton\b|\bcotton\b
52064100_1988,"Multiple folded or cabled cotton yarn containing predominantly, but < 85% cotton by weight, of combed fibres and with a linear density of >= 714,29 (1988-) (Q1=kg, Q2=none)",CO,\bof cotton\b|\bcotton\b
52064200_1988,"Multiple folded or cabled cotton yarn containing predominantly, but < 85% cotton by weight, of combed fibres and with a linear density of 232,56 dec (1988-) (Q1=kg, Q2=none)",CO,\bof cotton\b|\bcotton\b
52064300_1988,"Multiple folded or cabled cotton yarn containing predominantly, but < 85% cotton by weight, of combed fibres and with a linear density of 192,31 dec (1988-) (Q1=kg, Q2=none)",CO,\bof cotton\b|\bcotton\b
52064400_1988,"Multiple folded or cabled cotton yarn containing predominantly, but < 85% cotton by weight, of combed fibres and with a linear density of 125 decite (1988-) (Q1=kg, Q2=none)",CO,\bof cotton\b|\bcotton\b
52064500_1988,"Multiple folded or cabled cotton yarn containing predominantly, but < 85% cotton by weight, of combed fibres and with a linear density of < 125 deci (1988-) (Q1=kg, Q2=none)",CO,\bof cotton\b|\bcotton\b
52071000_1988,"Cotton yarn containing >= 85% cotton by weight, put up for retail sale (excl. sewing thread) (1988-) (Q1=kg, Q2=none)",CO,\bof cotton\b|\bcotton\b
52079000_1988,"Cotton yarn containing predominantly, but < 85% cotton by weight, put up for retail sale (excl. sewing thread) (1988-) (Q1=kg, Q2=none)",CO,\bof cotton\b|\bcotton\b
52081100_1988,"Plain woven fabrics of cotton, containing >= 85% cotton by weight and weighing <= 100 g/m², unbleached (1988-) (Q1=kg, Q2=none)",CO,\bof cotton\b|\bcotton\b
52081200_1988,"Plain woven fabrics of cotton, containing >= 85% cotton by weight and weighing > 100 g to 200 g/m², unbleached (1988-) (Q1=kg, Q2=none)",CO,\bof cotton\b|\bcotton\b
52081300_1988,"Woven fabrics of cotton, containing >= 85% cotton by weight and weighing <= 200 g/m², in three-thread or four-thread twill, incl. cross twill, unbleac (1988-) (Q1=kg, Q2=none)",CO,\bof cotton\b|\bcotton\b
52081900_1988,"Woven fabrics of cotton, containing >= 85% cotton by weight and weighing <= 200 g/m², unbleached (excl. those in three-thread or four-thread twill, in (1988-) (Q1=kg, Q2=none)",CO,\bof cotton\b|\bcotton\b
52082100_1988,"Plain woven fabrics of cotton, containing >= 85% cotton by weight and weighing <= 200 g/m², unbleached (1988-) (Q1=kg, Q2=none)",CO,\bof cotton\b|\bcotton\b
52082200_1988,"Plain woven fabrics of cotton, containing >= 85% cotton by weight and weighing > 100 g to 200 g/m², bleached (1988-) (Q1=kg, Q2=none)",CO,\bof cotton\b|\bcotton\b
52082300_1988,"Woven fabrics of cotton, containing >= 85% cotton by weight and weighing <= 200 g/m², in three-thread or four-thread twill, incl. cross twill, bleache (1988-) (Q1=kg, Q2=none)",CO,\bof cotton\b|\bcotton\b
52082900_1988,"Woven fabrics of cotton, containing >= 85% cotton by weight and weighing <= 200 g/m², bleached (excl. those in three-thread or four-thread twill, incl (1988-) (Q1=kg, Q2=none)",CO,\bof cotton\b|\bcotton\b
52083100_1988,"Plain woven fabrics of cotton, containing >= 85% cotton by weight and weighing <= 100 g/m², dyed (1988-) (Q1=kg, Q2=none)",CO,\bof cotton\b|\bcotton\b
52083200_1988,"Plain woven fabrics of cotton, containing >= 85% cotton by weight and weighing > 100 g to 220 g/m², dyed (1988-) (Q1=kg, Q2=none)",CO,\bof cotton\b|\bcotton\b
52083300_1988,"Woven fabrics of cotton, containing >= 85% cotton by weight and weighing <= 200 g/m², in three-thread or four-thread twill, incl. cross twill, dyed (1988-) (Q1=kg, Q2=none)",CO,\bof cotton\b|\bcotton\b
52083900_1988,"Woven fabrics of cotton, containing >= 85% cotton by weight and weighing <= 200 g/m², dyed (excl. those in three-thread or four-thread twill, incl. cr (1988-) (Q1=kg, Q2=none)",CO,\bof cotton\b|\bcotton\b
52084100_1988,"Plain woven fabrics of cotton, containing >= 85% cotton by weight and weighing <= 100 g/m², made from yarn of different colours (1988-) (Q1=kg, Q2=none)",CO,\bof cotton\b|\bcotton\b
52084200_1988,"Plain woven fabrics of cotton, containing >= 85% cotton by weight and weighing > 100 g to 200 g/m², made from yarn of different colours (1988-) (Q1=kg, Q2=none)",CO,\bof cotton\b|\bcotton\b
52084300_1988,"Woven fabrics of cotton, containing >= 85% cotton by weight and weighing <= 200 g/m², in three-thread or four-thread twill, incl. cross twill, made fr (1988-) (Q1=kg, Q2=none)",CO,\bof cotton\b|\bcotton\b
52084900_1988,"Woven fabrics of cotton, containing >= 85% cotton by weight and weighing <= 200 g/m², made from yarn of different colours (excl. those in three-thread (1988-) (Q1=kg, Q2=none)",CO,\bof cotton\b|\bcotton\b
52085100_1988,"Plain woven fabrics of cotton, containing >= 85% cotton by weight and weighing <= 100 g/m², printed (1988-) (Q1=kg, Q2=none)",CO,\bof cotton\b|\bcotton\b
52085200_1988,"Plain woven fabrics of cotton, containing >= 85% cotton by weight and weighing > 100 g to 200 g/m², printed (1988-) (Q1=kg, Q2=none)",CO,\bof cotton\b|\bcotton\b
52085300_1988,"Woven fabrics of cotton, containing >= 85 % cotton by weight and weighing =< 200 g per m2, in three-thread or four-thread twill, incl. cross twill, printed (1988-2006) (Q1=kg, Q2=none)",CO,\bof cotton\b|\bcotton\b
52085900_1988,"Woven fabrics of cotton, containing >= 85 % cotton by weight and weighing =< 200 g per m2, printed (excl. those in three-thread or four-thread twill, incl. cros (1988-2006) (Q1=kg, Q2=none)",CO,\bof cotton\b|\bcotton\b
52085900_2007,"Woven fabrics of cotton, containing >= 85% cotton by weight and weighing <= 200 g/m², printed (excl. plain woven fabrics) (2007-) (Q1=kg, Q2=none)",CO,\bof cotton\b|\bcotton\b
52091100_1988,"Plain woven fabrics of cotton, containing >= 85% cotton by weight and weighing > 200 g/m², unbleached (1988-) (Q1=kg, Q2=none)",CO,\bof cotton\b|\bcotton\b
52091200_1988,"Woven fabrics of cotton, containing >= 85% cotton by weight and weighing > 200 g/m², in three-thread or four-thread twill, incl. cross twill, unbleach (1988-) (Q1=kg, Q2=none)",CO,\bof cotton\b|\bcotton\b
52091900_1988,"Woven fabrics of cotton, containing >= 85% cotton by weight and weighing > 200 g/m², unbleached (excl. those in three-thread or four-thread twill, inc (1988-) (Q1=kg, Q2=none)",CO,\bof cotton\b|\bcotton\b
52092100_1988,"Plain woven fabrics of cotton, containing >= 85% cotton by weight and weighing > 200 g/m², bleached (1988-) (Q1=kg, Q2=none)",CO,\bof cotton\b|\bcotton\b
52092200_1988,"Woven fabrics of cotton, containing >= 85% cotton by weight and weighing > 200 g/m², in three-thread or four-thread twill, incl. cross twill, bleached (1988-) (Q1=kg, Q2=none)",CO,\bof cotton\b|\bcotton\b
52092900_1988,"Woven fabrics of cotton, containing >= 85% cotton by weight and weighing > 200 g/m², bleached (excl. those in three-thread or four-thread twill, incl. (1988-) (Q1=kg, Q2=none)",CO,\bof cotton\b|\bcotton\b
52093100_1988,"Plain woven fabrics of cotton, containing >= 85% cotton by weight and weighing > 200 g/m², dyed (1988-) (Q1=kg, Q2=none)",CO,\bof cotton\b|\bcotton\b
52093200_1988,"Woven fabrics of cotton, containing >= 85% cotton by weight and weighing > 200 g/m², in three-thread or four-thread twill, incl. cross twill, dyed (1988-) (Q1=kg, Q2=none)",CO,\bof cotton\b|\bcotton\b
52093900_1988,"Woven fabrics of cotton, containing >= 85% cotton by weight and weighing > 200 g/m², dyed (excl. those in three-thread or four-thread twill, incl. cro (1988-) (Q1=kg, Q2=none)",CO,\bof cotton\b|\bcotton\b
52094100_1988,"Plain woven fabrics of cotton, containing >= 85% cotton by weight and weighing > 200 g/m², made of yarn of different colours (1988-) (Q1=kg, Q2=none)",CO,\bof cotton\b|\bcotton\b
52094200_1988,"Denim, containing >= 85% cotton by weight and weighing > 200 g/m², made of yarn of different colours (1988-) (Q1=kg, Q2=none)",CO,\bof cotton\b|\bcotton\b
52094300_1988,"Woven fabrics of cotton, containing >= 85% cotton by weight and weighing > 200 g/m², in three-thread or four-thread twill, incl. cross twill, made of (1988-) (Q1=kg, Q2=none)",CO,\bof cotton\b|\bcotton\b
52094900_1988,"Woven fabrics of cotton, containing >= 85% cotton by weight and weighing > 200 g/m², made of yarn of different colours (excl. those in three-thread or (1988-) (Q1=kg, Q2=none)",CO,\bof cotton\b|\bcotton\b
52095100_1988,"Plain woven fabrics of cotton, containing >= 85% cotton by weight and weighing > 200 g/m², printed (1988-) (Q1=kg, Q2=none)",CO,\bof cotton\b|\bcotton\b
52095200_1988,"Woven fabrics of cotton, containing >= 85% cotton by weight and weighing > 200 g/m², in three-thread or four-thread twill, incl. cross twill, printed (1988-) (Q1=kg, Q2=none)",CO,\bof cotton\b|\bcotton\b
52095900_1988,"Woven fabrics of cotton, containing >= 85% cotton by weight and weighing > 200 g/m², printed (excl. those in three-thread or four-thread twill, incl. (1988-) (Q1=kg, Q2=none)",CO,\bof cotton\b|\bcotton\b
52101100_1988,"Plain woven fabrics of cotton, containing predominantly, but < 85% cotton by weight, mixed principally or solely with man-made fibres and weighing <= (1988-) (Q1=kg, Q2=none)",CO,\bof cotton\b|\bcotton\b
52101200_1988,"Woven fabrics of cotton, containing > 50 % to < 85 % cotton by weight, mixed principally or solely with man-made fibres and weighing =< 200 g per m2, in three-t (1988-2006) (Q1=kg, Q2=none)",CO,\bof cotton\b|\bcotton\b
52101900_1988,"Woven fabrics of cotton, containing > 50 % to < 85 % cotton by weight, mixed principally or solely with man-made fibres and weighing =< 200 g per m2, unbleached (1988-2006) (Q1=kg, Q2=none)",CO,\bof cotton\b|\bcotton\b
52101900_2007,"Woven fabrics of cotton, containing predominantly, but < 85% cotton by weight, mixed principally or solely with man-made fibres and weighing <= 200 g/ (2007-) (Q1=kg, Q2=none)",CO,\bof cotton\b|\bcotton\b
52102100_1988,"Plain woven fabrics of cotton, containing predominantly, but < 85% cotton by weight, mixed principally or solely with man-made fibres and weighing <= (1988-) (Q1=kg, Q2=none)",CO,\bof cotton\b|\bcotton\b
52102200_1988,"Woven fabrics of cotton, containing > 50 % to < 85 % cotton by weight, mixed principally or solely with man-made fibres and weighing =< 200 g per m2, in three-t (1988-2006) (Q1=kg, Q2=none)",CO,\bof cotton\b|\bcotton\b
52102900_1988,"Woven fabrics of cotton, containing > 50 % to < 85 % cotton by weight, mixed principally or solely with man-made fibres and weighing =< 200 g per m2, bleached ( (1988-2006) (Q1=kg, Q2=none)",CO,\bof cotton\b|\bcotton\b
52102900_2007,"Woven fabrics of cotton, containing predominantly, but < 85% cotton by weight, mixed principally or solely with man-made fibres and weighing <= 200 g/ (2007-) (Q1=kg, Q2=none)",CO,\bof cotton\b|\bcotton\b
52103100_1988,"Plain woven fabrics of cotton, containing predominantly, but < 85% cotton by weight, mixed principally or solely with man-made fibres and weighing <= (1988-) (Q1=kg, Q2=none)",CO,\bof cotton\b|\bcotton\b
52103200_1988,"Woven fabrics of cotton, containing predominantly, but < 85% cotton by weight, mixed principally or solely with man-made fibres and weighing <= 200 g/ (1988-) (Q1=kg, Q2=none)",CO,\bof cotton\b|\bcotton\b
52103900_1988,"Woven fabrics of cotton, containing predominantly, but < 85% cotton by weight, mixed principally or solely with man-made fibres and weighing <= 200 g/ (1988-) (Q1=kg, Q2=none)",CO,\bof cotton\b|\bcotton\b
52104100_1988,"Plain woven fabrics of cotton, containing predominantly, but < 85% cotton by weight, mixed principally or solely with man-made fibres and weighing <= (1988-) (Q1=kg, Q2=none)",CO,\bof cotton\b|\bcotton\b
52104200_1988,"Woven fabrics of cotton, containing > 50 % to < 85 % cotton by weight, mixed principally or solely with man-made fibres and weighing =< 200 g per m2, in three-t (1988-2006) (Q1=kg, Q2=none)",CO,\bof cotton\b|\bcotton\b
52104900_1988,"Woven fabrics of cotton, containing > 50 % to < 85 % cotton by weight, mixed principally or solely with man-made fibres and weighing =< 200 g per m2, made from (1988-2006) (Q1=kg, Q2=none)",CO,\bof cotton\b|\bcotton\b
52104900_2007,"Woven fabrics of cotton, containing predominantly, but < 85% cotton by weight, mixed principally or solely with man-made fibres and weighing <= 200 g/ (2007-) (Q1=kg, Q2=none)",CO,\bof cotton\b|\bcotton\b
52105100_1988,"Plain woven fabrics of cotton, containing predominantly, but < 85% cotton by weight, mixed principally or solely with man-made fibres and weighing <= (1988-) (Q1=kg, Q2=none)",CO,\bof cotton\b|\bcotton\b
52105200_1988,"Woven fabrics of cotton, containing > 50 % to < 85 % cotton by weight, mixed principally or solely with man-made fibres and weighing =< 200 g per m2, in three-t (1988-2006) (Q1=kg, Q2=none)",CO,\bof cotton\b|\bcotton\b
52105900_1988,"Woven fabrics of cotton, containing > 50 % to < 85 % cotton by weight, mixed principally or solely with man-made fibres and weighing =< 200 g per m2, printed (e (1988-2006) (Q1=kg, Q2=none)",CO,\bof cotton\b|\bcotton\b
52105900_2007,"Woven fabrics of cotton, containing predominantly, but < 85% cotton by weight, mixed principally or solely with man-made fibres and weighing <= 200 g/ (2007-) (Q1=kg, Q2=none)",CO,\bof cotton\b|\bcotton\b
52111100_1988,"Plain woven fabrics of cotton, containing predominantly, but < 85% cotton by weight, mixed principally or solely with man-made fibres and weighing > 2 (1988-) (Q1=kg, Q2=none)",CO,\bof cotton\b|\bcotton\b
52111200_1988,"Woven fabrics of cotton, containing predominantly, but < 85% cotton by weight, mixed principally or solely with man-made fibres and weighing > 200 g/m (1988-) (Q1=kg, Q2=none)",CO,\bof cotton\b|\bcotton\b
52111900_1988,"Woven fabrics of cotton, containing predominantly, but < 85% cotton by weight, mixed principally or solely with man-made fibres and weighing > 200 g/m (1988-) (Q1=kg, Q2=none)",CO,\bof cotton\b|\bcotton\b
52112000_2007,"Woven fabrics of cotton, containing predominantly, but < 85% cotton by weight, mixed principally or solely with man-made fibres and weighing > 200 g/m (2007-) (Q1=kg, Q2=none)",CO,\bof cotton\b|\bcotton\b
52112100_1988,"Plain woven fabrics of cotton, containing > 50 % to < 85 % cotton by weight, mixed principally or solely with man-made fibres and weighing > 200 g per m2, bleac (1988-2006) (Q1=kg, Q2=none)",CO,\bof cotton\b|\bcotton\b
52112200_1988,"Woven fabrics of cotton, containing > 50 % to < 85 % cotton by weight, mixed principally or solely with man-made fibres and weighing > 200 g per m2, in three-th (1988-2006) (Q1=kg, Q2=none)",CO,\bof cotton\b|\bcotton\b
52112900_1988,"Woven fabrics of cotton, containing > 50 % to < 85 % cotton by weight, mixed principally or solely with man-made fibres and weighing > 200 g per m2, bleached (e (1988-2006) (Q1=kg, Q2=none)",CO,\bof cotton\b|\bcotton\b
52113100_1988,"Plain woven fabrics of cotton, containing predominantly, but < 85% cotton by weight, mixed principally or solely with man-made fibres and weighing > 2 (1988-) (Q1=kg, Q2=none)",CO,\bof cotton\b|\bcotton\b
52113200_1988,"Woven fabrics of cotton, containing predominantly, but < 85% cotton by weight, mixed principally or solely with man-made fibres and weighing > 200 g/m (1988-) (Q1=kg, Q2=none)",CO,\bof cotton\b|\bcotton\b
52113900_1988,"Woven fabrics of cotton, containing predominantly, but < 85% cotton by weight, mixed principally or solely with man-made fibres and weighing > 200 g/m (1988-) (Q1=kg, Q2=none)",CO,\bof cotton\b|\bcotton\b
52114100_1988,"Plain woven fabrics of cotton, containing predominantly, but < 85% cotton by weight, mixed principally or solely with man-made fibres and weighing > 2 (1988-) (Q1=kg, Q2=none)",CO,\bof cotton\b|\bcotton\b
52114200_1988,"Denim, containing predominantly, but < 85% cotton by weight, mixed principally or solely with man-made fibres and weighing > 200 g/m², made of yarn of (1988-) (Q1=kg, Q2=none)",CO,\bof cotton\b|\bcotton\b
52114300_1988,"Woven fabrics of cotton, containing predominantly, but < 85% cotton by weight, mixed principally or solely with man-made fibres and weighing > 200 g/m (1988-) (Q1=kg, Q2=none)",CO,\bof cotton\b|\bcotton\b
52114900_1988,"Woven fabrics of cotton, containing predominantly, but < 85% cotton by weight, mixed principally or solely with man-made fibres and weighing > 200 g/m (1988-) (Q1=kg, Q2=none)",CO,\bof cotton\b|\bcotton\b
52115100_1988,"Plain woven fabrics of cotton, containing predominantly, but < 85% cotton by weight, mixed principally or solely with man-made fibres and weighing > 2 (1988-) (Q1=kg, Q2=none)",CO,\bof cotton\b|\bcotton\b
52115200_1988,"Woven fabrics of cotton, containing predominantly, but < 85% cotton by weight, mixed principally or solely with man-made fibres and weighing > 200 g/m (1988-) (Q1=kg, Q2=none)",CO,\bof cotton\b|\bcotton\b
52115900_1988,"Woven fabrics of cotton, containing predominantly, but < 85% cotton by weight, mixed principally or solely with man-made fibres and weighing > 200 g/m (1988-) (Q1=kg, Q2=none)",CO,\bof cotton\b|\bcotton\b
52121100_1988,"Woven fabrics of cotton, containing predominantly, but < 85% cotton by weight, other than those mixed principally or solely with man-made fibres, weig (1988-) (Q1=kg, Q2=none)",CO,\bof cotton\b|\bcotton\b
52121200_1988,"Woven fabrics of cotton, containing predominantly, but < 85% cotton by weight, other than those mixed principally or solely with man-made fibres, weig (1988-) (Q1=kg, Q2=none)",CO,\bof cotton\b|\bcotton\b
52121300_1988,"Woven fabrics of cotton, containing predominantly, but < 85% cotton by weight, other than those mixed principally or solely with man-made fibres, weig (1988-) (Q1=kg, Q2=none)",CO,\bof cotton\b|\bcotton\b
52121400_1988,"Woven fabrics of cotton, containing predominantly, but < 85% cotton by weight, other than those mixed principally or solely with man-made fibres, weig (1988-) (Q1=kg, Q2=none)",CO,\bof cotton\b|\bcotton\b
52121500_1988,"Woven fabrics of cotton, containing predominantly, but < 85% cotton by weight, other than those mixed principally or solely with man-made fibres, weig (1988-) (Q1=kg, Q2=none)",CO,\bof cotton\b|\bcotton\b
52122100_1988,"Woven fabrics of cotton, containing predominantly, but < 85% cotton by weight, other than those mixed principally or solely with man-made fibres, weig (1988-) (Q1=kg, Q2=none)",CO,\bof cotton\b|\bcotton\b
52122200_1988,"Woven fabrics of cotton, containing predominantly, but < 85% cotton by weight, other than those mixed principally or solely with man-made fibres, weig (1988-) (Q1=kg, Q2=none)",CO,\bof cotton\b|\bcotton\b
52122300_1988,"Woven fabrics of cotton, containing predominantly, but < 85% cotton by weight, other than those mixed principally or solely with man-made fibres, weig (1988-) (Q1=kg, Q2=none)",CO,\bof cotton\b|\bcotton\b
52122400_1988,"Woven fabrics of cotton, containing predominantly, but < 85% cotton by weight, other than those mixed principally or solely with man-made fibres, weig (1988-) (Q1=kg, Q2=none)",CO,\bof cotton\b|\bcotton\b
52122500_1988,"Woven fabrics of cotton, containing predominantly, but < 85% cotton by weight, other than those mixed principally or solely with man-made fibres, weig (1988-) (Q1=kg, Q2=none)",CO,\bof cotton\b|\bcotton\b
53011000_1988,"Flax, raw or retted (1988-) (Q1=kg, Q2=none)",OTH,\bsilk\b|\bflax\b|\bjute\b|\bramie\b|\bhemp\b|coconut|abaca|sisal|coarse animal hair|vegetable textile (fibres|materials)|paper yarn
53012100_1988,"Flax, broken or scutched (1988-) (Q1=kg, Q2=none)",OTH,\bsilk\b|\bflax\b|\bjute\b|\bramie\b|\bhemp\b|coconut|abaca|sisal|coarse animal hair|vegetable textile (fibres|materials)|paper yarn
53012900_1988,"Flax, hackled or otherwise processed, but not spun (excl. broken, scutched and retted flax) (1988-) (Q1=kg, Q2=none)",OTH,\bsilk\b|\bflax\b|\bjute\b|\bramie\b|\bhemp\b|coconut|abaca|sisal|coarse animal hair|vegetable textile (fibres|materials)|paper yarn
53013000_1988,"Flax tow and waste, incl. yarn waste and garnetted stock (1988-) (Q1=kg, Q2=none)",OTH,\bsilk\b|\bflax\b|\bjute\b|\bramie\b|\bhemp\b|coconut|abaca|sisal|coarse animal hair|vegetable textile (fibres|materials)|paper yarn
53021000_1988,"True hemp Cannabis sativa L., raw or retted (1988-) (Q1=kg, Q2=none)",OTH,\bsilk\b|\bflax\b|\bjute\b|\bramie\b|\bhemp\b|coconut|abaca|sisal|coarse animal hair|vegetable textile (fibres|materials)|paper yarn
53029000_1988,"True hemp Cannabis sativa L., processed but not spun; tow and waste of hemp, incl. yarn waste and garnetted stock (excl. retted hemp) (1988-) (Q1=kg, Q2=none)",OTH,\bsilk\b|\bflax\b|\bjute\b|\bramie\b|\bhemp\b|coconut|abaca|sisal|coarse animal hair|vegetable textile (fibres|materials)|paper yarn
53031000_1988,"Jute and other textile bast fibres, raw or retted (excl. flax, true hemp and ramie) (1988-) (Q1=kg, Q2=none)",OTH,\bsilk\b|\bflax\b|\bjute\b|\bramie\b|\bhemp\b|coconut|abaca|sisal|coarse animal hair|vegetable textile (fibres|materials)|paper yarn
53039000_1988,"Jute and other textile bast fibres, processed but not spun; tow and waste of such fibres, incl. yarn waste and garnetted stock (excl. retted fibres of (1988-) (Q1=kg, Q2=none)",OTH,\bsilk\b|\bflax\b|\bjute\b|\bramie\b|\bhemp\b|coconut|abaca|sisal|coarse animal hair|vegetable textile (fibres|materials)|paper yarn
53041000_1988,"Sisal and other textile fibres of the genus agave, raw (1988-2006) (Q1=kg, Q2=none)",OTH,\bsilk\b|\bflax\b|\bjute\b|\bramie\b|\bhemp\b|coconut|abaca|sisal|coarse animal hair|vegetable textile (fibres|materials)|paper yarn
53049000_1988,"Sisal and other textile fibres of the genus agave, processed but not spun; tow and waste of such fibres, incl. yarn waste and garnetted stock (1988-2006) (Q1=kg, Q2=none)",OTH,\bsilk\b|\bflax\b|\bjute\b|\bramie\b|\bhemp\b|coconut|abaca|sisal|coarse animal hair|vegetable textile (fibres|materials)|paper yarn
53050000_2007,"Coconut, abaca Manila hemp or Musa textilis Nee, ramie, agave and other vegetable textile fibres, n.e.s., raw or processed, but not spun; tow, noils (2007-2018) (Q1=kg, Q2=none)",OTH,\bsilk\b|\bflax\b|\bjute\b|\bramie\b|\bhemp\b|coconut|abaca|sisal|coarse animal hair|vegetable textile (fibres|materials)|paper yarn
53050001_2019,"Subgroup of: 530500 Coconut, abaca Manila hemp or Musa textilis Nee, ramie, agave and other vegetable textile fibres, n.e.s., raw or processed, but not spun; tow, noils (2019-) (Q1=kg, Q2=none)",OTH,\bsilk\b|\bflax\b|\bjute\b|\bramie\b|\bhemp\b|coconut|abaca|sisal|coarse animal hair|vegetable textile (fibres|materials)|paper yarn
53050009_2019,"Subgroup of: 530500 Coconut, abaca Manila hemp or Musa textilis Nee, ramie, agave and other vegetable textile fibres, n.e.s., raw or processed, but not spun; tow, noils (2019-) (Q1=kg, Q2=none)",OTH,\bsilk\b|\bflax\b|\bjute\b|\bramie\b|\bhemp\b|coconut|abaca|sisal|coarse animal hair|vegetable textile (fibres|materials)|paper yarn
53051100_1988,"Coconut fibres, raw (1988-2006) (Q1=kg, Q2=none)",OTH,\bsilk\b|\bflax\b|\bjute\b|\bramie\b|\bhemp\b|coconut|abaca|sisal|coarse animal hair|vegetable textile (fibres|materials)|paper yarn
53051900_1988,"Coconut fibres, raw but not spun; tow and waste of such fibres, incl. yarn waste and garnetted stock (1988-2006) (Q1=kg, Q2=none)",OTH,\bsilk\b|\bflax\b|\bjute\b|\bramie\b|\bhemp\b|coconut|abaca|sisal|coarse animal hair|vegetable textile (fibres|materials)|paper yarn
53052100_1988,"Abaca 'manila hemp or musa textilis', raw (1988-2006) (Q1=kg, Q2=none)",OTH,\bsilk\b|\bflax\b|\bjute\b|\bramie\b|\bhemp\b|coconut|abaca|sisal|coarse animal hair|vegetable textile (fibres|materials)|paper yarn
53052900_1988,"Abaca 'manila hemp or musa textilis', processed but not spun; tow and waste of these fibres, incl. yarn waste and garnetted stock (1988-2006) (Q1=kg, Q2=none)",OTH,\bsilk\b|\bflax\b|\bjute\b|\bramie\b|\bhemp\b|coconut|abaca|sisal|coarse animal hair|vegetable textile (fibres|materials)|paper yarn
53059000_2002,"'ramie and other vegetable textile fibres, n.e.s., raw or processed, but not spun; tow, noils and waste of such fibres, incl. yarn waste and garnetted stock' (2002-2006) (Q1=kg, Q2=none)",OTH,\bsilk\b|\bflax\b|\bjute\b|\bramie\b|\bhemp\b|coconut|abaca|sisal|coarse animal hair|vegetable textile (fibres|materials)|paper yarn
53059100_1988,"Ramie and other vegetable textile fibres n.e.s., raw (1988-2001) (Q1=kg, Q2=none)",OTH,\bsilk\b|\bflax\b|\bjute\b|\bramie\b|\bhemp\b|coconut|abaca|sisal|coarse animal hair|vegetable textile (fibres|materials)|paper yarn
53059900_1988,"Ramie and other vegetable textile fibres n.e.s., processed but not spun; tow and waste of these fibres, incl. yarn waste and garnetted stock (1988-2001) (Q1=kg, Q2=none)",OTH,\bsilk\b|\bflax\b|\bjute\b|\bramie\b|\bhemp\b|coconut|abaca|sisal|coarse animal hair|vegetable textile (fibres|materials)|paper yarn
53061000_1988,"Single flax yarn (1988-) (Q1=kg, Q2=none)",OTH,\bsilk\b|\bflax\b|\bjute\b|\bramie\b|\bhemp\b|coconut|abaca|sisal|coarse animal hair|vegetable textile (fibres|materials)|paper yarn
53062000_1988,"Multiple folded or cabled flax yarn (1988-) (Q1=kg, Q2=none)",OTH,\bsilk\b|\bflax\b|\bjute\b|\bramie\b|\bhemp\b|coconut|abaca|sisal|coarse animal hair|vegetable textile (fibres|materials)|paper yarn
53071000_1988,"Single yarn of jute or of other textile bast fibres of heading 5303 (1988-) (Q1=kg, Q2=none)",OTH,\bsilk\b|\bflax\b|\bjute\b|\bramie\b|\bhemp\b|coconut|abaca|sisal|coarse animal hair|vegetable textile (fibres|materials)|paper yarn
53072000_1988,"Multiple folded or cabled yarn of jute or of other textile bast fibres of heading 5303 (1988-) (Q1=kg, Q2=none)",OTH,\bsilk\b|\bflax\b|\bjute\b|\bramie\b|\bhemp\b|coconut|abaca|sisal|coarse animal hair|vegetable textile (fibres|materials)|paper yarn
53081000_1988,"Coconut coir yarn (1988-) (Q1=kg, Q2=none)",OTH,\bsilk\b|\bflax\b|\bjute\b|\bramie\b|\bhemp\b|coconut|abaca|sisal|coarse animal hair|vegetable textile (fibres|materials)|paper yarn
53082000_1988,"Hemp yarn (1988-) (Q1=kg, Q2=none)",OTH,\bsilk\b|\bflax\b|\bjute\b|\bramie\b|\bhemp\b|coconut|abaca|sisal|coarse animal hair|vegetable textile (fibres|materials)|paper yarn
53083000_1988,"Paper yarn (1988-2001) (Q1=kg, Q2=none)",OTH,\bsilk\b|\bflax\b|\bjute\b|\bramie\b|\bhemp\b|coconut|abaca|sisal|coarse animal hair|vegetable textile (fibres|materials)|paper yarn
53089000_1988,"Yarn of vegetable textile fibres (excl. flax yarn, yarn of jute or of other textile bast fibres of heading 5303, coir yarn, hemp yarn, paper yarn and wool yarn) (1988-2001) (Q1=kg, Q2=none)",OTH,\bsilk\b|\bflax\b|\bjute\b|\bramie\b|\bhemp\b|coconut|abaca|sisal|coarse animal hair|vegetable textile (fibres|materials)|paper yarn
53089000_2002,"Yarn of vegetable textile fibres (excl. flax yarn, yarn of jute or of other textile bast fibres of heading 5303, coconut coir yarn, hemp yarn and co (2002-) (Q1=kg, Q2=none)",OTH,\bsilk\b|\bflax\b|\bjute\b|\bramie\b|\bhemp\b|coconut|abaca|sisal|coarse animal hair|vegetable textile (fibres|materials)|paper yarn
53091100_1988,"Woven fabrics of flax, containing >= 85% flax by weight, unbleached or bleached (1988-) (Q1=kg, Q2=none)",OTH,\bsilk\b|\bflax\b|\bjute\b|\bramie\b|\bhemp\b|coconut|abaca|sisal|coarse animal hair|vegetable textile (fibres|materials)|paper yarn
53091900_1988,"Woven fabrics of flax, containing >= 85% flax by weight, dyed, made of yarn of different colours, or printed (1988-) (Q1=kg, Q2=none)",OTH,\bsilk\b|\bflax\b|\bjute\b|\bramie\b|\bhemp\b|coconut|abaca|sisal|coarse animal hair|vegetable textile (fibres|materials)|paper yarn
53092100_1988,"Woven fabrics of flax, containing predominantly, but < 85% flax by weight, unbleached or bleached (1988-) (Q1=kg, Q2=none)",OTH,\bsilk\b|\bflax\b|\bjute\b|\bramie\b|\bhemp\b|coconut|abaca|sisal|coarse animal hair|vegetable textile (fibres|materials)|paper yarn
53092900_1988,"Woven fabrics of flax, containing predominantly, but < 85% flax by weight, dyed, made of yarn of different colours, or printed (1988-) (Q1=kg, Q2=none)",OTH,\bsilk\b|\bflax\b|\bjute\b|\bramie\b|\bhemp\b|coconut|abaca|sisal|coarse animal hair|vegetable textile (fibres|materials)|paper yarn
53101000_1988,"Woven fabrics of jute or of other textile bast fibres of heading 5303, unbleached (1988-) (Q1=kg, Q2=none)",OTH,\bsilk\b|\bflax\b|\bjute\b|\bramie\b|\bhemp\b|coconut|abaca|sisal|coarse animal hair|vegetable textile (fibres|materials)|paper yarn
53109000_1988,"Woven fabrics of jute or of other textile bast fibres of heading 5303, bleached, dyed, made of yarn of different colours, or printed (1988-) (Q1=kg, Q2=none)",OTH,\bsilk\b|\bflax\b|\bjute\b|\bramie\b|\bhemp\b|coconut|abaca|sisal|coarse animal hair|vegetable textile (fibres|materials)|paper yarn
53110000_2016,"Woven fabrics of other vegetable textile fibres; woven fabrics of paper yarn (excl. those of flax, jute, other textile bast fibres of headin (2016-) (Q1=kg, Q2=none)",OTH,\bsilk\b|\bflax\b|\bjute\b|\bramie\b|\bhemp\b|coconut|abaca|sisal|coarse animal hair|vegetable textile (fibres|materials)|paper yarn
53110010_1988,"Subgroup of: 531100 Woven fabrics of other vegetable textile fibres; woven fabrics of paper yarn (excl. those of flax, jute, other textile bast fibres of headin (1988-2015) (Q1=kg, Q2=none)",OTH,\bsilk\b|\bflax\b|\bjute\b|\bramie\b|\bhemp\b|coconut|abaca|sisal|coarse animal hair|vegetable textile (fibres|materials)|paper yarn
53110020_1988,"Subgroup of: 531100 Woven fabrics of other vegetable textile fibres; woven fabrics of paper yarn (excl. those of flax, jute, other textile bast fibres of headin (1988-2015) (Q1=kg, Q2=none)",OTH,\bsilk\b|\bflax\b|\bjute\b|\bramie\b|\bhemp\b|coconut|abaca|sisal|coarse animal hair|vegetable textile (fibres|materials)|paper yarn
53110090_1988,"Subgroup of: 531100 Woven fabrics of other vegetable textile fibres; woven fabrics of paper yarn (excl. those of flax, jute, other textile bast fibres of headin (1988-2015) (Q1=kg, Q2=none)",OTH,\bsilk\b|\bflax\b|\bjute\b|\bramie\b|\bhemp\b|coconut|abaca|sisal|coarse animal hair|vegetable textile (fibres|materials)|paper yarn
54011000_1988,"Sewing thread of synthetic filaments, whether or not put up for retail sale (1988-) (Q1=kg, Q2=none)",SYN,synthetic|polyamide|nylon|polyester|polypropylene|polyethylene|acrylic|elastomeric
54012000_1988,"Sewing thread of artificial filaments, whether or not put up for retail sale (1988-) (Q1=kg, Q2=none)",ART,artificial|viscose|cellulose acetate
54021000_1988,"High tensile filament yarn of nylon or other polyamides (excl. sewing thread and yarn put up for retail sale) (1988-2006) (Q1=kg, Q2=none)",SYN,synthetic|polyamide|nylon|polyester|polypropylene|polyethylene|acrylic|elastomeric
54021100_2007,"High-tenacity filament yarn of aramids (excl. sewing thread and yarn put up for retail sale) (2007-) (Q1=kg, Q2=none)",UNK,
54021900_2007,"High-tenacity filament yarn of nylon or other polyamides (excl. sewing thread, yarn put up for retail sale and high-tenacity filament yarn of aramids) (2007-) (Q1=kg, Q2=none)",SYN,synthetic|polyamide|nylon|polyester|polypropylene|polyethylene|acrylic|elastomeric
54022000_1988,"High-tenacity filament yarn of polyesters (excl. that put up for retail sale) (1988-) (Q1=kg, Q2=none)",SYN,synthetic|polyamide|nylon|polyester|polypropylene|polyethylene|acrylic|elastomeric
54023100_1988,"Textured filament yarn of nylon or other polyamides, with a linear density of <= 50 tex per single yarn (excl. sewing thread and yarn put up for retai (1988-) (Q1=kg, Q2=none)",SYN,synthetic|polyamide|nylon|polyester|polypropylene|polyethylene|acrylic|elastomeric
54023200_1988,"Textured filament yarn of nylon or other polyamides, with a linear density of > 50 tex per single yarn (excl. sewing thread and yarn put up for retail (1988-) (Q1=kg, Q2=none)",SYN,synthetic|polyamide|nylon|polyester|polypropylene|polyethylene|acrylic|elastomeric
54023300_1988,"Textured filament yarn of polyester (excl. that put up for retail sale) (1988-) (Q1=kg, Q2=none)",SYN,synthetic|polyamide|nylon|polyester|polypropylene|polyethylene|acrylic|elastomeric
54023400_2007,"Textured synthetic filament yarn of polypropylene (excl. sewing thread and yarn put up for retail sale) (2007-) (Q1=kg, Q2=none)",SYN,synthetic|polyamide|nylon|polyester|polypropylene|polyethylene|acrylic|elastomeric
54023900_1988,"Textured synthetic filament yarn (excl. sewing thread, yarn put up for retail sale and textured filament yarn of polyester, nylon or other polyamides) (1988-2006) (Q1=kg, Q2=none)",SYN,synthetic|polyamide|nylon|polyester|polypropylene|polyethylene|acrylic|elastomeric
54023900_2007,"Textured synthetic filament yarn (excl. sewing thread, yarn put up for retail sale and textured filament yarn of polypropylene, polyester, nylon or ot (2007-) (Q1=kg, Q2=none)",SYN,synthetic|polyamide|nylon|polyester|polypropylene|polyethylene|acrylic|elastomeric
54024100_1988,"Filament yarn of nylon or other polyamides, incl. monofilament of < 67 decitex, single, untwisted or with a twist of =< 50 turns per metre (excl. sewing thread, (1988-2006) (Q1=kg, Q2=none)",SYN,synthetic|polyamide|nylon|polyester|polypropylene|polyethylene|acrylic|elastomeric
54024200_1988,"Filament yarn of polyester, incl. monofilament of < 67 decitex, single, untwisted or with a twist of =< 50 turns per metre, partially oriented (excl. sewing thr (1988-2006) (Q1=kg, Q2=none)",SYN,synthetic|polyamide|nylon|polyester|polypropylene|polyethylene|acrylic|elastomeric
54024300_1988,"Filament yarn of polyester, incl. monofilament of < 67 decitex, single, untwisted or with a twist of =< 50 turns per metre (excl. sewing thread, yarn put up for (1988-2006) (Q1=kg, Q2=none)",SYN,synthetic|polyamide|nylon|polyester|polypropylene|polyethylene|acrylic|elastomeric
54024400_2007,"Synthetic filament elastomeric yarn, single, untwisted or with a twist of <= 50 turns per metre (excl. sewing thread, yarn put up for retail sale, tex (2007-) (Q1=kg, Q2=none)",SYN,synthetic|polyamide|nylon|polyester|polypropylene|polyethylene|acrylic|elastomeric
54024500_2007,"Filament yarn of nylon or other polyamides, incl. monofilament of < 67 decitex, single, untwisted or with a twist of <= 50 turns per metre (excl. sewi (2007-) (Q1=kg, Q2=none)",SYN,synthetic|polyamide|nylon|polyester|polypropylene|polyethylene|acrylic|elastomeric
54024600_2007,"Filament yarn of polyester, incl. monofilament of < 67 decitex, single, untwisted or with a twist of <= 50 turns per metre, partially oriented (excl. (2007-) (Q1=kg, Q2=none)",SYN,synthetic|polyamide|nylon|polyester|polypropylene|polyethylene|acrylic|elastomeric
54024700_2007,"Filament yarn of polyester, incl. monofilament of < 67 decitex, single, untwisted or with a twist of <= 50 turns per metre (excl. elastomeric yarn, se (2007-) (Q1=kg, Q2=none)",SYN,synthetic|polyamide|nylon|polyester|polypropylene|polyethylene|acrylic|elastomeric
54024800_2007,"Filament yarn of polypropylene, incl. monofilament of < 67 decitex, single, untwisted or with a twist of <= 50 turns per metre (excl. elastomeric yarn (2007-) (Q1=kg, Q2=none)",SYN,synthetic|polyamide|nylon|polyester|polypropylene|polyethylene|acrylic|elastomeric
54024900_1988,"Synthetic filament yarn, incl. synthetic monofilament of < 67 decitex, single, untwisted or with a twist of =< 50 turns per metre (excl. sewing thread, yarn put (1988-2006) (Q1=kg, Q2=none)",SYN,synthetic|polyamide|nylon|polyester|polypropylene|polyethylene|acrylic|elastomeric
54024900_2007,"Synthetic filament yarn, incl. synthetic monofilament of < 67 decitex, single, untwisted or with a twist of <= 50 turns per metre (excl. sewing thread (2007-) (Q1=kg, Q2=none)",SYN,synthetic|polyamide|nylon|polyester|polypropylene|polyethylene|acrylic|elastomeric
54025100_1988,"Filament yarn of nylon or other polyamides, incl. monofilament of < 67 decitex, single, with a twist of > 50 turns per metre (excl. sewing thread, yar (1988-) (Q1=kg, Q2=none)",SYN,synthetic|polyamide|nylon|polyester|polypropylene|polyethylene|acrylic|elastomeric
54025200_1988,"Filament yarn of polyester, incl. monofilament of < 67 decitex, single, with a twist of > 50 turns per metre (excl. sewing thread, yarn put up for ret (1988-) (Q1=kg, Q2=none)",SYN,synthetic|polyamide|nylon|polyester|polypropylene|polyethylene|acrylic|elastomeric
54025300_2017,"Filament yarn of polypropylene, incl. monofilament of < 67 decitex, single, with a twist of > 50 turns per metre (excl. sewing thread, yarn put up for retail sale and textured yarn) (2017-) (Q1=kg, Q2=none)",SYN,synthetic|polyamide|nylon|polyester|polypropylene|polyethylene|acrylic|elastomeric
54025900_1988,"Synthetic filament yarn, incl. synthetic monofilament of < 67 decitex, single, with a twist of > 50 turns per metre (excl. sewing thread, yarn put up (1988-2016) (Q1=kg, Q2=none)",SYN,synthetic|polyamide|nylon|polyester|polypropylene|polyethylene|acrylic|elastomeric
54025900_2017,"Synthetic filament yarn, incl. synthetic monofilament of < 67 decitex, single, with a twist of > 50 turns per metre (excl. sewing thread, yarn put up for retail sale, textured yarn and filament yarn of polyester, polypropylene, nylon or other polyami  (2017-) (Q1=kg, Q2=none)",SYN,synthetic|polyamide|nylon|polyester|polypropylene|polyethylene|acrylic|elastomeric
54026100_1988,"Multiple folded or cabled filament yarn of nylon or other polyamides, incl. monofilament of < 67 decitex (excl. sewing thread, yarn put up for retai (1988-) (Q1=kg, Q2=none)",SYN,synthetic|polyamide|nylon|polyester|polypropylene|polyethylene|acrylic|elastomeric
54026200_1988,"Multiple folded or cabled filament yarn of polyester, incl. monofilament of < 67 decitex (excl. sewing thread, yarn put up for retail sale and textu (1988-) (Q1=kg, Q2=none)",SYN,synthetic|polyamide|nylon|polyester|polypropylene|polyethylene|acrylic|elastomeric
54026300_2017,"Multiple folded or cabled filament yarn of polypropylene, incl. monofilament of < 67 decitex (excl. sewing thread, yarn put up for retail sale and textured yarn) (2017-) (Q1=kg, Q2=none)",SYN,synthetic|polyamide|nylon|polyester|polypropylene|polyethylene|acrylic|elastomeric
54026900_1988,"Multiple folded or cabled synthetic filament yarn, incl. synthetic monofilament of < 67 decitex (excl. sewing thread, yarn put up for retail sale, t (1988-2016) (Q1=kg, Q2=none)",SYN,synthetic|polyamide|nylon|polyester|polypropylene|polyethylene|acrylic|elastomeric
54026900_2017,"Multiple folded or cabled synthetic filament yarn, incl. synthetic monofilament of < 67 decitex (excl. sewing thread, yarn put up for retail sale, textured yarn and filament yarn of polyester, polypropylene, nylon or other polyamides) (2017-) (Q1=kg,  Q2=none)",SYN,synthetic|polyamide|nylon|polyester|polypropylene|polyethylene|acrylic|elastomeric
54031000_1988,"High-tenacity yarn of viscose rayon filament (excl. sewing thread and yarn put up for retail sale) (1988-) (Q1=kg, Q2=none)",ART,artificial|viscose|cellulose acetate
54032000_1988,"Textured artificial filament yarn (excl. sewing thread and yarn put up for retail sale) (1988-2006) (Q1=kg, Q2=none)",ART,artificial|viscose|cellulose acetate
54033100_1988,"Yarn of viscose rayon filament, incl. monofilament of < 67 decitex, single, untwisted or with a twist of =< 120 turns per metre (excl. sewing thread, yarn put u (1988-2006) (Q1=kg, Q2=none)",ART,artificial|viscose|cellulose acetate
54033100_2007,"Yarn of viscose rayon filament, incl. monofilament of < 67 decitex, single, untwisted or with a twist of <= 120 turns per metre (excl. sewing thread, (2007-) (Q1=kg, Q2=none)",ART,artificial|viscose|cellulose acetate
54033200_1988,"Yarn of viscose rayon filament, incl. monofilament of < 67 decitex, single, with a twist of > 120 turns per metre (excl. sewing thread, yarn put up for retail s (1988-2006) (Q1=kg, Q2=none)",ART,artificial|viscose|cellulose acetate
54033200_2007,"Yarn of viscose rayon filament, incl. monofilament of < 67 decitex, single, with a twist of > 120 turns per metre (excl. sewing thread, high-tenacity (2007-) (Q1=kg, Q2=none)",ART,artificial|viscose|cellulose acetate
54033300_1988,"Single filament yarn of cellulose acetate, incl. monofilament of < 67 decitex (excl. sewing thread, yarn put up for retail sale and textured yarn) (1988-2006) (Q1=kg, Q2=none)",ART,artificial|viscose|cellulose acetate
54033300_2007,"Filament yarn of cellulose acetate, incl. monofilament of < 67 decitex, single (excl. sewing thread, high-tenacity yarn and yarn put up for retail sal (2007-) (Q1=kg, Q2=none)",ART,artificial|viscose|cellulose acetate
54033900_1988,"Single artificial filament yarn, incl. artificial monofilament of < 67 decitex (excl. sewing thread, yarn put up for retail sale, textured yarn and filament yar (1988-2006) (Q1=kg, Q2=none)",ART,artificial|viscose|cellulose acetate
54033900_2007,"Artificial filament yarn, incl. artificial monofilament of < 67 decitex, single (excl. sewing thread, filament yarn of viscose or cellulose acetate an (2007-) (Q1=kg, Q2=none)",ART,artificial|viscose|cellulose acetate
54034100_1988,"Multiple 'folded' or cabled filament rayon yarn of viscose, incl. monofilament of < 67 decitex (excl. sewing threads, yarn put up for retail sale, high tenacity (1988-2006) (Q1=kg, Q2=none)",ART,artificial|viscose|cellulose acetate
54034100_2007,"Multiple folded or cabled filament rayon yarn of viscose, incl. monofilament of < 67 decitex (excl. sewing thread, high-tenacity yarn and yarn put u (2007-) (Q1=kg, Q2=none)",ART,artificial|viscose|cellulose acetate
54034200_1988,"Multiple 'folded' or cabled filament yarn of cellulose acetate, incl. monofilament of < 67 decitex (excl. sewing thread, yarn put up for retail sale and texture (1988-2006) (Q1=kg, Q2=none)",ART,artificial|viscose|cellulose acetate
54034200_2007,"Multiple folded or cabled filament yarn of cellulose acetate, incl. monofilament of < 67 decitex (excl. sewing thread, high-tenacity yarn and yarn p (2007-) (Q1=kg, Q2=none)",ART,artificial|viscose|cellulose acetate
54034900_1988,"Multiple 'folded' or cabled artificial filament yarn, incl. artificial monofilament of < 67 decitex (excl. sewing thread, yarn put up for retail sale, textured (1988-2006) (Q1=kg, Q2=none)",ART,artificial|viscose|cellulose acetate
54034900_2007,"Multiple folded or cabled artificial filament yarn, incl. artificial monofilament of < 67 decitex (excl. sewing thread, filament yarn of viscose or (2007-) (Q1=kg, Q2=none)",ART,artificial|viscose|cellulose acetate
54041000_1988,"Synthetic monofilament of >= 67 decitex and with a maximum diameter of =< 1 mm (1988-2006) (Q1=kg, Q2=none)",SYN,synthetic|polyamide|nylon|polyester|polypropylene|polyethylene|acrylic|elastomeric
54041100_2007,"Elastomeric monofilament of >= 67 decitex and with a cross sectional dimension of <= 1 mm (2007-) (Q1=kg, Q2=none)",SYN,synthetic|polyamide|nylon|polyester|polypropylene|polyethylene|acrylic|elastomeric
54041200_2007,"Polypropylene monofilament of >= 67 decitex and with a cross sectional dimension of <= 1 mm (excl. elastomers) (2007-) (Q1=kg, Q2=none)",SYN,synthetic|polyamide|nylon|polyester|polypropylene|polyethylene|acrylic|elastomeric
54041900_2007,"Synthetic monofilament of >= 67 decitex and with a cross sectional dimension of <= 1 mm (excl. of elastomers and polypropylene) (2007-) (Q1=kg, Q2=none)",SYN,synthetic|polyamide|nylon|polyester|polypropylene|polyethylene|acrylic|elastomeric
54049000_1988,"Strip and the like, e.g. artificial straw, of synthetic textile material, with an apparent width of <= 5 mm (1988-) (Q1=kg, Q2=none)",SYN,synthetic|polyamide|nylon|polyester|polypropylene|polyethylene|acrylic|elastomeric
54050000_1988,"Artificial monofilament of >= 67 decitex and with a cross sectional dimension of <= 1 mm; strip and the like, e.g. artificial straw, of synthetic text (1988-) (Q1=kg, Q2=none)",SYN,synthetic|polyamide|nylon|polyester|polypropylene|polyethylene|acrylic|elastomeric
54060000_2007,"Man-made filament yarn, put up for retail sale (excl. sewing thread) (2007-) (Q1=kg, Q2=none)",MMF,man-made
54061000_1988,"Synthetic filament yarn, put up for retail sale (1988-2006) (Q1=kg, Q2=none)",SYN,synthetic|polyamide|nylon|polyester|polypropylene|polyethylene|acrylic|elastomeric
54062000_1988,"Artificial filament yarn, put up for retail sale (1988-2006) (Q1=kg, Q2=none)",ART,artificial|viscose|cellulose acetate
54071000_1988,"Woven fabrics of high-tenacity yarn, nylon, other polyamides or polyesters, incl. monofilament of >= 67 decitex and with a cross sectional dimension o (1988-) (Q1=kg, Q2=none)",SYN,synthetic|polyamide|nylon|polyester|polypropylene|polyethylene|acrylic|elastomeric
54072000_1988,"Woven fabrics of strip or the like, of synthetic filament, incl. monofilament of >= 67 decitex and with a cross sectional dimension of <= 1 mm (1988-) (Q1=kg, Q2=none)",SYN,synthetic|polyamide|nylon|polyester|polypropylene|polyethylene|acrylic|elastomeric
54073000_1988,"Woven fabrics of synthetic filament yarn, incl. monofilament of >= 67 decitex and with a cross sectional dimension of <= 1 mm, consisting of layers of (1988-) (Q1=kg, Q2=none)",SYN,synthetic|polyamide|nylon|polyester|polypropylene|polyethylene|acrylic|elastomeric
54074100_1988,"Woven fabrics of yarn containing >= 85% by weight of filaments of nylon or other polyamides, incl. monofilament of >= 67 decitex and a maximum diamete (1988-) (Q1=kg, Q2=none)",SYN,synthetic|polyamide|nylon|polyester|polypropylene|polyethylene|acrylic|elastomeric
54074200_1988,"Woven fabrics of filament yarn containing >= 85% nylon or other polyamides by weight, incl. monofilament of >= 67 decitex and a maximum diameter of <= (1988-) (Q1=kg, Q2=none)",SYN,synthetic|polyamide|nylon|polyester|polypropylene|polyethylene|acrylic|elastomeric
54074300_1988,"Woven fabrics of yarn containing >= 85% by weight of filaments of nylon or other polyamides by weight, incl. monofilament of >= 67 decitex and a maxim (1988-) (Q1=kg, Q2=none)",SYN,synthetic|polyamide|nylon|polyester|polypropylene|polyethylene|acrylic|elastomeric
54074400_1988,"Woven fabrics of yarn containing >= 85% by weight of filaments of nylon or other polyamides by weight, incl. monofilament of >= 67 decitex and a maxim (1988-) (Q1=kg, Q2=none)",SYN,synthetic|polyamide|nylon|polyester|polypropylene|polyethylene|acrylic|elastomeric
54075100_1988,"Woven fabrics of yarn containing >= 85% by weight of textured polyester filaments, incl. monofilament of >= 67 decitex and a maximum diameter of <= 1 (1988-) (Q1=kg, Q2=none)",SYN,synthetic|polyamide|nylon|polyester|polypropylene|polyethylene|acrylic|elastomeric
54075200_1988,"Woven fabrics of yarn containing >= 85% by weight of textured polyester filaments, incl. monofilament of >= 67 decitex and a maximum diameter of <= 1 (1988-) (Q1=kg, Q2=none)",SYN,synthetic|polyamide|nylon|polyester|polypropylene|polyethylene|acrylic|elastomeric
54075300_1988,"Woven fabrics of yarn containing >= 85% by weight of textured polyester filaments, incl. monofilament of >= 67 decitex and a maximum diameter of <= 1 (1988-) (Q1=kg, Q2=none)",SYN,synthetic|polyamide|nylon|polyester|polypropylene|polyethylene|acrylic|elastomeric
54075400_1988,"Woven fabrics of yarn containing >= 85% by weight of textured polyester filaments, incl. monofilament of >= 67 decitex and a maximum diameter of <= 1 (1988-) (Q1=kg, Q2=none)",SYN,synthetic|polyamide|nylon|polyester|polypropylene|polyethylene|acrylic|elastomeric
54076000_1988,"Woven fabrics of filament yarn containing >= 85 % non-textured polyester by weight, incl. monofilament of >= 67 decitex and a maximum diameter of =< 1 mm (1988-1995) (Q1=kg, Q2=none)",SYN,synthetic|polyamide|nylon|polyester|polypropylene|polyethylene|acrylic|elastomeric
54076100_1996,"Woven fabrics of yarn containing >= 85% by weight of non-textured polyester filaments, incl. monofilament of >= 67 decitex and a maximum diameter of < (1996-) (Q1=kg, Q2=none)",SYN,synthetic|polyamide|nylon|polyester|polypropylene|polyethylene|acrylic|elastomeric
54076900_1996,"Woven fabrics of yarn containing >= 85% by weight of mixtures of textured and non-textured polyester filaments, incl. monofilament of >= 67 decitex an (1996-) (Q1=kg, Q2=none)",SYN,synthetic|polyamide|nylon|polyester|polypropylene|polyethylene|acrylic|elastomeric
54077100_1988,"Woven fabrics of yarn containing >= 85% synthetic filament by weight, incl. monofilament of >= 67 decitex and a maximum diameter of <= 1 mm, untreated (1988-) (Q1=kg, Q2=none)",SYN,synthetic|polyamide|nylon|polyester|polypropylene|polyethylene|acrylic|elastomeric
54077200_1988,"Woven fabrics of yarn containing >= 85% synthetic filament by weight, incl. monofilament of >= 67 decitex and a maximum diameter of <= 1 mm, dyed (exc (1988-) (Q1=kg, Q2=none)",SYN,synthetic|polyamide|nylon|polyester|polypropylene|polyethylene|acrylic|elastomeric
54077300_1988,"Woven fabrics of yarn containing >= 85% synthetic filament by weight, incl. monofilament of >= 67 decitex and a maximum diameter of <= 1 mm, made of y (1988-) (Q1=kg, Q2=none)",SYN,synthetic|polyamide|nylon|polyester|polypropylene|polyethylene|acrylic|elastomeric
54077400_1988,"Woven fabrics of yarn containing >= 85% synthetic filament by weight, incl. monofilament of >= 67 decitex and a maximum diameter of <= 1 mm, printed ( (1988-) (Q1=kg, Q2=none)",SYN,synthetic|polyamide|nylon|polyester|polypropylene|polyethylene|acrylic|elastomeric
54078100_1988,"Woven fabrics of yarn containing predominantly, but < 85% synthetic filament by weight, incl. monofilament of >= 67 decitex and a maximum diameter of (1988-) (Q1=kg, Q2=none)",SYN,synthetic|polyamide|nylon|polyester|polypropylene|polyethylene|acrylic|elastomeric
54078200_1988,"Woven fabrics of yarn containing predominantly, but < 85% synthetic filament by weight, incl. monofilament of >= 67 decitex and a maximum diameter of (1988-) (Q1=kg, Q2=none)",SYN,synthetic|polyamide|nylon|polyester|polypropylene|polyethylene|acrylic|elastomeric
54078300_1988,"Woven fabrics of yarn containing predominantly, but < 85% synthetic filament by weight, incl. monofilament of >= 67 decitex and a maximum diameter of (1988-) (Q1=kg, Q2=none)",SYN,synthetic|polyamide|nylon|polyester|polypropylene|polyethylene|acrylic|elastomeric
54078400_1988,"Woven fabrics of yarn containing predominantly, but < 85% synthetic filament by weight, incl. monofilament of >= 67 decitex and a maximum diameter of (1988-) (Q1=kg, Q2=none)",SYN,synthetic|polyamide|nylon|polyester|polypropylene|polyethylene|acrylic|elastomeric
54079100_1988,"Woven fabrics of yarn containing predominantly, but < 85% synthetic filament by weight, incl. monofilament of >= 67 decitex and a maximum diameter of (1988-) (Q1=kg, Q2=none)",SYN,synthetic|polyamide|nylon|polyester|polypropylene|polyethylene|acrylic|elastomeric
54079200_1988,"Woven fabrics of yarn containing predominantly, but < 85% synthetic filament by weight, incl. monofilament of >= 67 decitex and a maximum diameter of (1988-) (Q1=kg, Q2=none)",SYN,synthetic|polyamide|nylon|polyester|polypropylene|polyethylene|acrylic|elastomeric
54079300_1988,"Woven fabrics of yarn containing predominantly, but < 85% synthetic filament by weight, incl. monofilament of >= 67 decitex and a maximum diameter of (1988-) (Q1=kg, Q2=none)",SYN,synthetic|polyamide|nylon|polyester|polypropylene|polyethylene|acrylic|elastomeric
54079400_1988,"Woven fabrics of yarn containing predominantly, but < 85% synthetic filament by weight, incl. monofilament of >= 67 decitex and a maximum diameter of (1988-) (Q1=kg, Q2=none)",SYN,synthetic|polyamide|nylon|polyester|polypropylene|polyethylene|acrylic|elastomeric
54081000_1988,"Woven fabrics of high-tenacity viscose yarn, incl. monofilament of >= 67 decitex and a maximum diameter of <= 1 mm (1988-) (Q1=kg, Q2=none)",ART,artificial|viscose|cellulose acetate
54082100_1988,"Woven fabrics of yarn containing >= 85% artificial filament by weight, incl. monofilament of >= 67 decitex and a maximum diameter of <= 1 mm, unbleach (1988-) (Q1=kg, Q2=none)",ART,artificial|viscose|cellulose acetate
54082200_1988,"Woven fabrics of yarn containing >= 85% artificial filament by weight, incl. monofilament of >= 67 decitex and a maximum diameter of <= 1 mm, dyed (ex (1988-) (Q1=kg, Q2=none)",ART,artificial|viscose|cellulose acetate
54082300_1988,"Woven fabrics of yarn containing >= 85% artificial filament by weight, incl. monofilament of >= 67 decitex and a maximum diameter of <= 1 mm, made of (1988-) (Q1=kg, Q2=none)",ART,artificial|viscose|cellulose acetate
54082400_1988,"Woven fabrics of yarn containing >= 85% artificial filament by weight, incl. monofilament of >= 67 decitex and a maximum diameter of <= 1 mm, printed (1988-) (Q1=kg, Q2=none)",ART,artificial|viscose|cellulose acetate
54083100_1988,"Woven fabrics of yarn containing predominantly, but < 85% artificial filament by weight, incl. monofilament of >= 67 decitex and a maximum diameter of (1988-) (Q1=kg, Q2=none)",ART,artificial|viscose|cellulose acetate
54083200_1988,"Woven fabrics of yarn containing predominantly, but < 85% artificial filament by weight, incl. monofilament of >= 67 decitex and a maximum diameter of (1988-) (Q1=kg, Q2=none)",ART,artificial|viscose|cellulose acetate
54083300_1988,"Woven fabrics of yarn containing predominantly, but < 85% artificial filament by weight, incl. monofilament of >= 67 decitex and a maximum diameter of (1988-) (Q1=kg, Q2=none)",ART,artificial|viscose|cellulose acetate
54083400_1988,"Woven fabrics of yarn containing predominantly, but < 85% artificial filament by weight, incl. monofilament of >= 67 decitex and a maximum diameter of (1988-) (Q1=kg, Q2=none)",ART,artificial|viscose|cellulose acetate
55011000_1988,"Filament tow as specified in Note 1 to chapter 55, of nylon or other polyamides (1988-2021) (Q1=kg, Q2=none)",SYN,synthetic|polyamide|nylon|polyester|polypropylene|polyethylene|acrylic|elastomeric
55011100_2022,"Filament tow as specified in Note 1 to chapter 55, of aramids (2022-) (Q1=kg, Q2=none)",UNK,
55011900_2022,"Filament tow as specified in Note 1 to chapter 55, of nylon or other polyamides (excl. of aramids) (2022-) (Q1=kg, Q2=none)",SYN,synthetic|polyamide|nylon|polyester|polypropylene|polyethylene|acrylic|elastomeric
55012000_1988,"Filament tow as specified in Note 1 to chapter 55, of polyesters (1988-) (Q1=kg, Q2=none)",SYN,synthetic|polyamide|nylon|polyester|polypropylene|polyethylene|acrylic|elastomeric
55013000_1988,"Filament tow as specified in Note 1 to chapter 55, acrylic or modacrylic (1988-) (Q1=kg, Q2=none)",SYN,synthetic|polyamide|nylon|polyester|polypropylene|polyethylene|acrylic|elastomeric
55014000_2007,"Synthetic filament tow as specified in Note 1 to chapter 55, of polypropylene (2007-) (Q1=kg, Q2=none)",SYN,synthetic|polyamide|nylon|polyester|polypropylene|polyethylene|acrylic|elastomeric
55019000_1988,"Synthetic filament tow as specified in note 1 to chapter 55 (excl. that of acrylic, modacrylic, polyester, nylon or other polyamide filament) (1988-2006) (Q1=kg, Q2=none)",SYN,synthetic|polyamide|nylon|polyester|polypropylene|polyethylene|acrylic|elastomeric
55019000_2007,"Synthetic filament tow as specified in Note 1 to chapter 55 (excl. that of acrylic, modacrylic, polyesters, polypropylene, nylon or other polyamide fi (2007-) (Q1=kg, Q2=none)",SYN,synthetic|polyamide|nylon|polyester|polypropylene|polyethylene|acrylic|elastomeric
55020000_1988,"Artificial filament tow as specified in Note 1 to chapter 55 (1988-2016) (Q1=kg, Q2=none)",ART,artificial|viscose|cellulose acetate
55021000_2017,"Artificial filament tow as specified in Note 1 to chapter 55, of acetate (2017-) (Q1=kg, Q2=none)",ART,artificial|viscose|cellulose acetate
55029000_2017,"Artificial filament tow, as specified in Note 1 to chapter 55 (excl. of acetate) (2017-) (Q1=kg, Q2=none)",ART,artificial|viscose|cellulose acetate
55031000_1988,"Staple fibres of nylon or other polyamides, not carded, combed or otherwise processed for spinning (1988-2006) (Q1=kg, Q2=none)",SYN,synthetic|polyamide|nylon|polyester|polypropylene|polyethylene|acrylic|elastomeric
55031100_2007,"Staple fibres of aramids, not carded, combed or otherwise processed for spinning (2007-) (Q1=kg, Q2=none)",UNK,
55031900_2007,"Staple fibres of nylon or other polyamides, not carded, combed or otherwise processed for spinning (excl. those of aramids) (2007-) (Q1=kg, Q2=none)",SYN,synthetic|polyamide|nylon|polyester|polypropylene|polyethylene|acrylic|elastomeric
55032000_1988,"Staple fibres of polyesters, not carded, combed or otherwise processed for spinning (1988-) (Q1=kg, Q2=none)",SYN,synthetic|polyamide|nylon|polyester|polypropylene|polyethylene|acrylic|elastomeric
55033000_1988,"Acrylic or modacrylic staple fibres, not carded, combed or otherwise processed for spinning (1988-) (Q1=kg, Q2=none)",SYN,synthetic|polyamide|nylon|polyester|polypropylene|polyethylene|acrylic|elastomeric
55034000_1988,"Staple fibres of polypropylene, not carded, combed or otherwise processed for spinning (1988-) (Q1=kg, Q2=none)",SYN,synthetic|polyamide|nylon|polyester|polypropylene|polyethylene|acrylic|elastomeric
55039000_1988,"Synthetic staple fibres, not carded, combed or otherwise processed for spinning (excl. those of polypropylene, acrylic, modacrylic, polyesters, nylon (1988-) (Q1=kg, Q2=none)",SYN,synthetic|polyamide|nylon|polyester|polypropylene|polyethylene|acrylic|elastomeric
55041000_1988,"Staple fibres of viscose rayon, not carded, combed or otherwise processed for spinning (1988-) (Q1=kg, Q2=none)",ART,artificial|viscose|cellulose acetate
55049000_1988,"Artificial staple fibres, not carded, combed or otherwise processed for spinning (excl. those of viscose rayon) (1988-) (Q1=kg, Q2=none)",ART,artificial|viscose|cellulose acetate
55051000_1988,"Waste of synthetic staple fibres, incl. noils, yarn waste and garnetted stock (1988-) (Q1=kg, Q2=none)",SYN,synthetic|polyamide|nylon|polyester|polypropylene|polyethylene|acrylic|elastomeric
55052000_1988,"Waste of artificial staple fibres, incl. noils, yarn waste and garnetted stock (1988-) (Q1=kg, Q2=none)",ART,artificial|viscose|cellulose acetate
55061000_1988,"Staple fibres of nylon or other polyamides, carded, combed or otherwise processed for spinning (1988-) (Q1=kg, Q2=none)",SYN,synthetic|polyamide|nylon|polyester|polypropylene|polyethylene|acrylic|elastomeric
55062000_1988,"Staple fibres of polyesters, carded, combed or otherwise processed for spinning (1988-) (Q1=kg, Q2=none)",SYN,synthetic|polyamide|nylon|polyester|polypropylene|polyethylene|acrylic|elastomeric
55063000_1988,"Acrylic or modacrylic staple fibres, carded, combed or otherwise processed for spinning (1988-) (Q1=kg, Q2=none)",SYN,synthetic|polyamide|nylon|polyester|polypropylene|polyethylene|acrylic|elastomeric
55064000_2017,"Staple fibres of polypropylene, carded, combed or otherwise processed for spinning (2017-) (Q1=kg, Q2=none)",SYN,synthetic|polyamide|nylon|polyester|polypropylene|polyethylene|acrylic|elastomeric
55069000_1988,"Synthetic staple fibres carded, combed or otherwise processed for spinning (excl. acrylic, modacrylic, polyester, nylon or other polyamides) (1988-2016) (Q1=kg, Q2=none)",SYN,synthetic|polyamide|nylon|polyester|polypropylene|polyethylene|acrylic|elastomeric
55069000_2017,"Synthetic staple fibres carded, combed or otherwise processed for spinning (excl. acrylic, modacrylic, polyester, polypropylene, nylon or other polyamides) (2017-) (Q1=kg, Q2=none)",SYN,synthetic|polyamide|nylon|polyester|polypropylene|polyethylene|acrylic|elastomeric
55070000_1988,"Artificial staple fibres, carded, combed or otherwise processed for spinning (1988-) (Q1=kg, Q2=none)",ART,artificial|viscose|cellulose acetate
55081000_1988,"Sewing thread of synthetic staple fibres, whether or not put up for retail sale (1988-) (Q1=kg, Q2=none)",SYN,synthetic|polyamide|nylon|polyester|polypropylene|polyethylene|acrylic|elastomeric
55082000_1988,"Sewing thread of artificial staple fibres, whether or not put up for retail sale (1988-) (Q1=kg, Q2=none)",ART,artificial|viscose|cellulose acetate
55091100_1988,"Single yarn containing >= 85% nylon or other polyamide staple fibres by weight (excl. sewing thread and yarn put up for retail sale) (1988-) (Q1=kg, Q2=none)",SYN,synthetic|polyamide|nylon|polyester|polypropylene|polyethylene|acrylic|elastomeric
55091200_1988,"Multiple folded or cabled yarn containing >= 85% nylon or other polyamide staple fibres by weight (excl. sewing thread and yarn put up for retail sa (1988-) (Q1=kg, Q2=none)",SYN,synthetic|polyamide|nylon|polyester|polypropylene|polyethylene|acrylic|elastomeric
55092100_1988,"Single yarn containing >= 85% polyester staple fibres by weight (excl. sewing thread and yarn put up for retail sale) (1988-) (Q1=kg, Q2=none)",SYN,synthetic|polyamide|nylon|polyester|polypropylene|polyethylene|acrylic|elastomeric
55092200_1988,"Multiple folded or cabled yarn containing >= 85% polyester staple fibres by weight (excl. sewing thread and yarn put up for retail sale) (1988-) (Q1=kg, Q2=none)",SYN,synthetic|polyamide|nylon|polyester|polypropylene|polyethylene|acrylic|elastomeric
55093100_1988,"Single yarn containing >= 85% acrylic or modacrylic staple fibres by weight (excl. sewing thread and yarn put up for retail sale) (1988-) (Q1=kg, Q2=none)",SYN,synthetic|polyamide|nylon|polyester|polypropylene|polyethylene|acrylic|elastomeric
55093200_1988,"Multiple folded or cabled yarn containing >= 85% acrylic or modacrylic staple fibres by weight (excl. sewing thread and yarn put up for retail sale) (1988-) (Q1=kg, Q2=none)",SYN,synthetic|polyamide|nylon|polyester|polypropylene|polyethylene|acrylic|elastomeric
55094100_1988,"Single yarn containing >= 85% synthetic staple fibres by weight (excl. sewing thread, yarn put up for retail sale and yarn of acrylic, modacrylic, pol (1988-) (Q1=kg, Q2=none)",SYN,synthetic|polyamide|nylon|polyester|polypropylene|polyethylene|acrylic|elastomeric
55094200_1988,"Multiple folded or cabled yarn containing >= 85% synthetic staple fibres by weight (excl. sewing thread, yarn put up for retail sale and yarn of acr (1988-) (Q1=kg, Q2=none)",SYN,synthetic|polyamide|nylon|polyester|polypropylene|polyethylene|acrylic|elastomeric
55095100_1988,"Yarn containing predominantly, but < 85% polyester staple fibres by weight, mixed principally or solely with artificial staple fibres (excl. sewing th (1988-) (Q1=kg, Q2=none)",SYN,synthetic|polyamide|nylon|polyester|polypropylene|polyethylene|acrylic|elastomeric
55095200_1988,"Yarn containing > 50% to < 85% polyester staple fibres by weight, mixed principally or solely with wool or fine animal hair (excl. sewing thread and y (1988-) (Q1=kg, Q2=none)",WO,\bof wool\b|fine animal hair|kashmir|cashmere|\bwool\b
55095300_1988,"Yarn containing predominantly, but < 85% polyester staple fibres by weight, mixed principally or solely with cotton (excl. sewing thread and yarn put (1988-) (Q1=kg, Q2=none)",CO,\bof cotton\b|\bcotton\b
55095900_1988,"Yarn containing predominantly, but < 85% polyester staple fibres by weight, other than that mixed principally or solely with cotton, wool, fine animal (1988-) (Q1=kg, Q2=none)",WO,\bof wool\b|fine animal hair|kashmir|cashmere|\bwool\b
55096100_1988,"Yarn containing predominantly, but < 85% acrylic or modacrylic staple fibres by weight, mixed principally or solely with wool or fine animal hair (exc (1988-) (Q1=kg, Q2=none)",WO,\bof wool\b|fine animal hair|kashmir|cashmere|\bwool\b
55096200_1988,"Yarn containing predominantly, but < 85% acrylic or modacrylic staple fibres by weight, mixed principally or solely with cotton (excl. sewing thread a (1988-) (Q1=kg, Q2=none)",CO,\bof cotton\b|\bcotton\b
55096900_1988,"Yarn containing predominantly, but < 85% acrylic or modacrylic staple fibres by weight, other than that mixed principally or solely with cotton, wool (1988-) (Q1=kg, Q2=none)",WO,\bof wool\b|fine animal hair|kashmir|cashmere|\bwool\b
55099100_1988,"Yarn containing predominantly, but < 85% synthetic staple fibres by weight, mixed principally or solely with wool or fine animal hair (excl. sewing th (1988-) (Q1=kg, Q2=none)",WO,\bof wool\b|fine animal hair|kashmir|cashmere|\bwool\b
55099200_1988,"Yarn containing predominantly, but < 85% synthetic staple fibres by weight, mixed principally or solely with cotton (excl. sewing thread, yarn put up (1988-) (Q1=kg, Q2=none)",CO,\bof cotton\b|\bcotton\b
55099900_1988,"Yarn containing predominantly, but < 85% synthetic staple fibres by weight, other than that mixed principally or solely with cotton, wool or fine anim (1988-) (Q1=kg, Q2=none)",WO,\bof wool\b|fine animal hair|kashmir|cashmere|\bwool\b
55101100_1988,"Single yarn, containing >= 85% artificial staple fibres by weight (excl. sewing thread and yarn put up for retail sale) (1988-) (Q1=kg, Q2=none)",ART,artificial|viscose|cellulose acetate
55101200_1988,"Multiple folded or cabled yarn containing >= 85% artificial staple fibres by weight (excl. sewing thread and yarn put up for retail sale) (1988-) (Q1=kg, Q2=none)",ART,artificial|viscose|cellulose acetate
55102000_1988,"Yarn containing predominantly, but < 85% artificial staple fibres by weight, mixed principally or solely with wool or fine animal hair (excl. sewing t (1988-) (Q1=kg, Q2=none)",WO,\bof wool\b|fine animal hair|kashmir|cashmere|\bwool\b
55103000_1988,"Yarn containing predominantly, but < 85% artificial staple fibres by weight, mixed principally or solely with cotton (excl. sewing thread and yarn put (1988-) (Q1=kg, Q2=none)",CO,\bof cotton\b|\bcotton\b
55109000_1988,"Yarn containing predominantly, but < 85% artificial staple fibres by weight, other than that mixed principally or solely with cotton, wool or fine ani (1988-) (Q1=kg, Q2=none)",WO,\bof wool\b|fine animal hair|kashmir|cashmere|\bwool\b
55111000_1988,"Yarn containing >= 85% synthetic staple fibres by weight, put up for retail sale (excl. sewing thread) (1988-) (Q1=kg, Q2=none)",SYN,synthetic|polyamide|nylon|polyester|polypropylene|polyethylene|acrylic|elastomeric
55112000_1988,"Yarn containing predominantly, but < 85% synthetic staple fibres by weight, put up for retail sale (excl. sewing thread) (1988-) (Q1=kg, Q2=none)",SYN,synthetic|polyamide|nylon|polyester|polypropylene|polyethylene|acrylic|elastomeric
55113000_1988,"Yarn of artificial staple fibres, put up for retail sale (excl. sewing thread) (1988-) (Q1=kg, Q2=none)",ART,artificial|viscose|cellulose acetate
55121100_1988,"Woven fabrics containing >= 85% polyester staple fibres by weight, unbleached or bleached (1988-) (Q1=kg, Q2=none)",SYN,synthetic|polyamide|nylon|polyester|polypropylene|polyethylene|acrylic|elastomeric
55121910_1988,"Subgroup of: 551219 Woven fabrics containing >= 85% polyester staple fibres by weight, dyed, made of yarn of different colours, or printed (1988-) (Q1=kg, Q2=none)",SYN,synthetic|polyamide|nylon|polyester|polypropylene|polyethylene|acrylic|elastomeric
55121990_1988,"Subgroup of: 551219 Woven fabrics containing >= 85% polyester staple fibres by weight, dyed, made of yarn of different colours, or printed (1988-) (Q1=kg, Q2=none)",SYN,synthetic|polyamide|nylon|polyester|polypropylene|polyethylene|acrylic|elastomeric
55122100_1988,"Woven fabrics containing >= 85% acrylic or modacrylic staple fibres by weight, unbleached or bleached (1988-) (Q1=kg, Q2=none)",SYN,synthetic|polyamide|nylon|polyester|polypropylene|polyethylene|acrylic|elastomeric
55122910_1988,"Subgroup of: 551229 Woven fabrics containing >= 85% acrylic or modacrylic staple fibres by weight, dyed, made of yarn of different colours or printed (1988-) (Q1=kg, Q2=none)",SYN,synthetic|polyamide|nylon|polyester|polypropylene|polyethylene|acrylic|elastomeric
55122990_1988,"Subgroup of: 551229 Woven fabrics containing >= 85% acrylic or modacrylic staple fibres by weight, dyed, made of yarn of different colours or printed (1988-) (Q1=kg, Q2=none)",SYN,synthetic|polyamide|nylon|polyester|polypropylene|polyethylene|acrylic|elastomeric
55129100_1988,"Woven fabrics containing >= 85% synthetic staple fibres by weight, unbleached or bleached (excl. those of acrylic, modacrylic or polyester staple fibr (1988-) (Q1=kg, Q2=none)",SYN,synthetic|polyamide|nylon|polyester|polypropylene|polyethylene|acrylic|elastomeric
55129900_2016,"Woven fabrics containing >= 85% synthetic staple fibres by weight, dyed, made of yarn of different colours or printed (excl. those of acryli (2016-) (Q1=kg, Q2=none)",SYN,synthetic|polyamide|nylon|polyester|polypropylene|polyethylene|acrylic|elastomeric
55129910_1988,"Subgroup of: 551299 Woven fabrics containing >= 85% synthetic staple fibres by weight, dyed, made of yarn of different colours or printed (excl. those of acryli (1988-2015) (Q1=kg, Q2=none)",SYN,synthetic|polyamide|nylon|polyester|polypropylene|polyethylene|acrylic|elastomeric
55129990_1988,"Subgroup of: 551299 Woven fabrics containing >= 85% synthetic staple fibres by weight, dyed, made of yarn of different colours or printed (excl. those of acryli (1988-2015) (Q1=kg, Q2=none)",SYN,synthetic|polyamide|nylon|polyester|polypropylene|polyethylene|acrylic|elastomeric
55131100_1988,"Plain woven fabrics containing predominantly, but < 85% polyester staple fibres by weight, mixed principally or solely with cotton and weighing <= 170 (1988-) (Q1=kg, Q2=none)",CO,\bof cotton\b|\bcotton\b
55131200_1988,"Woven fabrics containing predominantly, but < 85% polyester staple fibres by weight, mixed principally or solely with cotton and weighing <= 170 g/m², (1988-) (Q1=kg, Q2=none)",CO,\bof cotton\b|\bcotton\b
55131300_1988,"Woven fabrics containing predominantly, but < 85% polyester staple fibres by weight, mixed principally or solely with cotton and weighing <= 170 g/m², (1988-) (Q1=kg, Q2=none)",CO,\bof cotton\b|\bcotton\b
55131900_1988,"Woven fabrics containing predominantly, but < 85% synthetic staple fibres by weight, mixed principally or solely with cotton and weighing <= 170 g/m², (1988-) (Q1=kg, Q2=none)",CO,\bof cotton\b|\bcotton\b
55132100_1988,"Plain woven fabrics containing predominantly, but < 85% polyester staple fibres by weight, mixed principally or solely with cotton and weighing <= 170 (1988-) (Q1=kg, Q2=none)",CO,\bof cotton\b|\bcotton\b
55132200_1988,"Woven fabrics containing > 50 % to < 85 % polyester staple fibres by weight, mixed principally or solely with cotton and weighing =< 170 g per m2, in three-thre (1988-2006) (Q1=kg, Q2=none)",CO,\bof cotton\b|\bcotton\b
55132300_1988,"Woven fabrics containing > 50 % to < 85 % polyester staple fibres by weight, mixed principally or solely with cotton and weighing =< 170 g per m2, dyed (excl. t (1988-2006) (Q1=kg, Q2=none)",CO,\bof cotton\b|\bcotton\b
55132300_2007,"Woven fabrics containing predominantly, but < 85% polyester staple fibres by weight, mixed principally or solely with cotton and weighing <= 170 g/m², (2007-) (Q1=kg, Q2=none)",CO,\bof cotton\b|\bcotton\b
55132900_1988,"Woven fabrics containing predominantly, but < 85% synthetic staple fibres by weight, mixed principally or solely with cotton and weighing <= 170 g/m², (1988-) (Q1=kg, Q2=none)",CO,\bof cotton\b|\bcotton\b
55133100_1988,"Plain woven fabrics containing predominantly, but < 85% polyester staple fibres by weight, mixed principally or solely with cotton and weighing <= 170 (1988-) (Q1=kg, Q2=none)",CO,\bof cotton\b|\bcotton\b
55133200_1988,"Woven fabrics containing > 50 % to < 85 % polyester staple fibres by weight, mixed principally or solely with cotton and weighing =< 170 g per m2, in three-thre (1988-2006) (Q1=kg, Q2=none)",CO,\bof cotton\b|\bcotton\b
55133300_1988,"Woven fabrics containing > 50 % to < 85 % polyester staple fibres by weight, mixed principally or solely with cotton and weighing =< 170 g per m2, made of yarn (1988-2006) (Q1=kg, Q2=none)",CO,\bof cotton\b|\bcotton\b
55133900_1988,"Woven fabrics containing > 50 % to < 85 % synthetic staple fibres by weight, mixed principally or solely with cotton and weighing =< 170 g per m2, made of yarn (1988-2006) (Q1=kg, Q2=none)",CO,\bof cotton\b|\bcotton\b
55133900_2007,"Woven fabrics containing predominantly, but < 85% synthetic staple fibres by weight, mixed principally or solely with cotton and weighing <= 170 g/m², (2007-) (Q1=kg, Q2=none)",CO,\bof cotton\b|\bcotton\b
55134100_1988,"Plain woven fabrics containing predominantly, but < 85% polyester staple fibres by weight, mixed principally or solely with cotton and weighing <= 170 (1988-) (Q1=kg, Q2=none)",CO,\bof cotton\b|\bcotton\b
55134200_1988,"Woven fabrics containing > 50 % to < 85 % polyester staple fibres by weight, mixed principally or solely with cotton and weighing =< 170 g per m2, in three-thre (1988-2006) (Q1=kg, Q2=none)",CO,\bof cotton\b|\bcotton\b
55134300_1988,"Woven fabrics containing > 50 % to < 85 % polyester staple fibres by weight, mixed principally or solely with cotton and weighing =< 170 g per m2, printed (excl (1988-2006) (Q1=kg, Q2=none)",CO,\bof cotton\b|\bcotton\b
55134900_1988,"Woven fabrics containing > 50 % to < 85 % synthetic staple fibres by weight, mixed principally or solely with cotton and weighing =< 170 g per m2, printed (excl (1988-2006) (Q1=kg, Q2=none)",CO,\bof cotton\b|\bcotton\b
55134900_2007,"Woven fabrics containing predominantly, but < 85% synthetic staple fibres by weight, mixed principally or solely with cotton and weighing <= 170 g/m², (2007-) (Q1=kg, Q2=none)",CO,\bof cotton\b|\bcotton\b
55141100_1988,"Plain woven fabrics containing predominantly, but < 85% polyester staple fibres by weight, mixed principally or solely with cotton and weighing > 170 (1988-) (Q1=kg, Q2=none)",CO,\bof cotton\b|\bcotton\b
55141200_1988,"Woven fabrics containing predominantly, but < 85% polyester staple fibres by weight, mixed principally or solely with cotton and weighing > 170 g/m², (1988-) (Q1=kg, Q2=none)",CO,\bof cotton\b|\bcotton\b
55141300_1988,"Woven fabrics containing > 50 % to < 85 % polyester staple fibres by weight, mixed principally or solely with cotton and weighing > 170 g per m2, unbleached or (1988-2006) (Q1=kg, Q2=none)",CO,\bof cotton\b|\bcotton\b
55141900_1988,"Woven fabrics containing > 50 % to < 85 % synthetic staple fibres by weight, mixed principally or solely with cotton and weighing > 170 g per m2, unbleached or (1988-2006) (Q1=kg, Q2=none)",CO,\bof cotton\b|\bcotton\b
55141900_2007,"Woven fabrics containing predominantly, but < 85% synthetic staple fibres by weight, mixed principally or solely with cotton and weighing > 170 g/m², (2007-) (Q1=kg, Q2=none)",CO,\bof cotton\b|\bcotton\b
55142100_1988,"Plain woven fabrics containing predominantly, but < 85% polyester staple fibres by weight, mixed principally or solely with cotton and weighing > 170 (1988-) (Q1=kg, Q2=none)",CO,\bof cotton\b|\bcotton\b
55142200_1988,"Woven fabrics containing predominantly, but < 85% polyester staple fibres by weight, mixed principally or solely with cotton and weighing > 170 g/m², (1988-) (Q1=kg, Q2=none)",CO,\bof cotton\b|\bcotton\b
55142300_1988,"Woven fabrics containing predominantly, but < 85% polyester staple fibres by weight, mixed principally or solely with cotton and weighing > 170 g/m², (1988-) (Q1=kg, Q2=none)",CO,\bof cotton\b|\bcotton\b
55142900_1988,"Woven fabrics containing predominantly, but < 85% synthetic staple fibres by weight, mixed principally or solely with cotton and weighing > 170 g/m², (1988-) (Q1=kg, Q2=none)",CO,\bof cotton\b|\bcotton\b
55143000_2007,"Woven fabrics containing predominantly, but < 85% synthetic staple fibres by weight, mixed principally or solely with cotton and weighing > 170 g/m², (2007-) (Q1=kg, Q2=none)",CO,\bof cotton\b|\bcotton\b
55143100_1988,"Plain woven fabrics containing > 50 % to < 85 % polyester staple fibres by weight, mixed principally or solely with cotton and weighing > 170 g per m2, made of (1988-2006) (Q1=kg, Q2=none)",CO,\bof cotton\b|\bcotton\b
55143200_1988,"Woven fabrics containing > 50 % to < 85 % polyester staple fibres by weight, mixed principally or solely with cotton and weighing > 170 g per m2, in three-threa (1988-2006) (Q1=kg, Q2=none)",CO,\bof cotton\b|\bcotton\b
55143300_1988,"Woven fabrics containing > 50 % to < 85 % polyester staple fibres by weight, mixed principally or solely with cotton and weighing > 170 g per m2, made of yarn o (1988-2006) (Q1=kg, Q2=none)",CO,\bof cotton\b|\bcotton\b
55143900_1988,"Woven fabrics containing > 50 % to < 85 % synthetic staple fibres by weight, mixed principally or solely with cotton and weighing > 170 g per m2, made of yarn o (1988-2006) (Q1=kg, Q2=none)",CO,\bof cotton\b|\bcotton\b
55144100_1988,"Plain woven fabrics containing predominantly, but < 85% polyester staple fibres by weight, mixed principally or solely with cotton and weighing > 170 (1988-) (Q1=kg, Q2=none)",CO,\bof cotton\b|\bcotton\b
55144200_1988,"Woven fabrics containing predominantly, but < 85% polyester staple fibres by weight, mixed principally or solely with cotton and weighing > 170 g/m², (1988-) (Q1=kg, Q2=none)",CO,\bof cotton\b|\bcotton\b
55144300_1988,"Woven fabrics containing predominantly, but < 85% polyester staple fibres by weight, mixed principally or solely with cotton and weighing > 170 g/m², (1988-) (Q1=kg, Q2=none)",CO,\bof cotton\b|\bcotton\b
55144900_1988,"Woven fabrics containing predominantly, but < 85% synthetic staple fibres by weight, mixed principally or solely with cotton and weighing > 170 g/m², (1988-) (Q1=kg, Q2=none)",CO,\bof cotton\b|\bcotton\b
55151100_2016,"Woven fabrics containing predominantly, but < 85% polyester staple fibres by weight, mixed principally or solely with viscose staple fibres (2016-) (Q1=kg, Q2=none)",SYN,synthetic|polyamide|nylon|polyester|polypropylene|polyethylene|acrylic|elastomeric
55151110_1988,"Subgroup of: 551511 Woven fabrics containing predominantly, but < 85% polyester staple fibres by weight, mixed principally or solely with viscose staple fibres (1988-2015) (Q1=kg, Q2=none)",SYN,synthetic|polyamide|nylon|polyester|polypropylene|polyethylene|acrylic|elastomeric
55151190_1988,"Subgroup of: 551511 Woven fabrics containing predominantly, but < 85% polyester staple fibres by weight, mixed principally or solely with viscose staple fibres (1988-2015) (Q1=kg, Q2=none)",SYN,synthetic|polyamide|nylon|polyester|polypropylene|polyethylene|acrylic|elastomeric
55151210_1988,"Subgroup of: 551512 Woven fabrics containing predominantly, but < 85% polyester staple fibres by weight, mixed principally or solely with man-made filament (1988-) (Q1=kg, Q2=none)",SYN,synthetic|polyamide|nylon|polyester|polypropylene|polyethylene|acrylic|elastomeric
55151290_1988,"Subgroup of: 551512 Woven fabrics containing predominantly, but < 85% polyester staple fibres by weight, mixed principally or solely with man-made filament (1988-) (Q1=kg, Q2=none)",SYN,synthetic|polyamide|nylon|polyester|polypropylene|polyethylene|acrylic|elastomeric
55151300_2016,"Woven fabrics containing predominantly, but < 85% polyester staple fibres by weight, mixed principally or solely with cotton or fine animal (2016-) (Q1=kg, Q2=none)",CO,\bof cotton\b|\bcotton\b
55151310_1988,"Subgroup of: 551513 Woven fabrics containing predominantly, but < 85% polyester staple fibres by weight, mixed principally or solely with cotton or fine animal (1988-2015) (Q1=kg, Q2=none)",CO,\bof cotton\b|\bcotton\b
55151390_1988,"Subgroup of: 551513 Woven fabrics containing predominantly, but < 85% polyester staple fibres by weight, mixed principally or solely with cotton or fine animal (1988-2015) (Q1=kg, Q2=none)",CO,\bof cotton\b|\bcotton\b
55151900_2016,"Woven fabrics containing predominantly, but < 85% polyester staple fibres by weight, other than those mixed principally or solely with wool (2016-) (Q1=kg, Q2=none)",WO,\bof wool\b|fine animal hair|kashmir|cashmere|\bwool\b
55151910_1988,"Subgroup of: 551519 Woven fabrics containing predominantly, but < 85% polyester staple fibres by weight, other than those mixed principally or solely with wool (1988-2015) (Q1=kg, Q2=none)",WO,\bof wool\b|fine animal hair|kashmir|cashmere|\bwool\b
55151990_1988,"Subgroup of: 551519 Woven fabrics containing predominantly, but < 85% polyester staple fibres by weight, other than those mixed principally or solely with wool (1988-2015) (Q1=kg, Q2=none)",WO,\bof wool\b|fine animal hair|kashmir|cashmere|\bwool\b
55152100_2016,"Woven fabrics containing predominantly, but < 85% acrylic or modacrylic staple fibres by weight, mixed principally or solely with man-made f (2016-) (Q1=kg, Q2=none)",SYN,synthetic|polyamide|nylon|polyester|polypropylene|polyethylene|acrylic|elastomeric
55152110_1988,"Subgroup of: 551521 Woven fabrics containing predominantly, but < 85% acrylic or modacrylic staple fibres by weight, mixed principally or solely with man-made f (1988-2015) (Q1=kg, Q2=none)",SYN,synthetic|polyamide|nylon|polyester|polypropylene|polyethylene|acrylic|elastomeric
55152190_1988,"Subgroup of: 551521 Woven fabrics containing predominantly, but < 85% acrylic or modacrylic staple fibres by weight, mixed principally or solely with man-made f (1988-2015) (Q1=kg, Q2=none)",SYN,synthetic|polyamide|nylon|polyester|polypropylene|polyethylene|acrylic|elastomeric
55152200_2016,"Woven fabrics containing predominantly, but < 85% acrylic or modacrylic staple fibres by weight, mixed principally or solely with carded woo (2016-) (Q1=kg, Q2=none)",SYN,synthetic|polyamide|nylon|polyester|polypropylene|polyethylene|acrylic|elastomeric
55152210_1988,"Subgroup of: 551522 Woven fabrics containing predominantly, but < 85% acrylic or modacrylic staple fibres by weight, mixed principally or solely with carded woo (1988-2015) (Q1=kg, Q2=none)",SYN,synthetic|polyamide|nylon|polyester|polypropylene|polyethylene|acrylic|elastomeric
55152290_1988,"Subgroup of: 551522 Woven fabrics containing predominantly, but < 85% acrylic or modacrylic staple fibres by weight, mixed principally or solely with carded woo (1988-2015) (Q1=kg, Q2=none)",SYN,synthetic|polyamide|nylon|polyester|polypropylene|polyethylene|acrylic|elastomeric
55152900_2016,"Woven fabrics containing predominantly, but < 85% acrylic or modacrylic staple fibres by weight, other than those mixed principally or solel (2016-) (Q1=kg, Q2=none)",SYN,synthetic|polyamide|nylon|polyester|polypropylene|polyethylene|acrylic|elastomeric
55152910_1988,"Subgroup of: 551529 Woven fabrics containing predominantly, but < 85% acrylic or modacrylic staple fibres by weight, other than those mixed principally or solel (1988-2015) (Q1=kg, Q2=none)",SYN,synthetic|polyamide|nylon|polyester|polypropylene|polyethylene|acrylic|elastomeric
55152990_1988,"Subgroup of: 551529 Woven fabrics containing predominantly, but < 85% acrylic or modacrylic staple fibres by weight, other than those mixed principally or solel (1988-2015) (Q1=kg, Q2=none)",SYN,synthetic|polyamide|nylon|polyester|polypropylene|polyethylene|acrylic|elastomeric
55159100_2016,"Woven fabrics containing predominantly, but < 85% synthetic staple fibres, mixed principally or solely with man-made filament (excl. those o (2016-) (Q1=kg, Q2=none)",SYN,synthetic|polyamide|nylon|polyester|polypropylene|polyethylene|acrylic|elastomeric
55159110_1988,"Subgroup of: 551591 Woven fabrics containing predominantly, but < 85% synthetic staple fibres, mixed principally or solely with man-made filament (excl. those o (1988-2015) (Q1=kg, Q2=none)",SYN,synthetic|polyamide|nylon|polyester|polypropylene|polyethylene|acrylic|elastomeric
55159190_1988,"Subgroup of: 551591 Woven fabrics containing predominantly, but < 85% synthetic staple fibres, mixed principally or solely with man-made filament (excl. those o (1988-2015) (Q1=kg, Q2=none)",SYN,synthetic|polyamide|nylon|polyester|polypropylene|polyethylene|acrylic|elastomeric
55159210_1988,"Subgroup of: 551592 Woven fabrics containing > 50 % to < 85 % synthetic staple fibres, mixed principally or solely with wool or fine animal hair (excl. those o (1988-2006) (Q1=kg, Q2=none)",WO,\bof wool\b|fine animal hair|kashmir|cashmere|\bwool\b
55159290_1988,"Subgroup of: 551592 Woven fabrics containing > 50 % to < 85 % synthetic staple fibres, mixed principally or solely with wool or fine animal hair (excl. those o (1988-2006) (Q1=kg, Q2=none)",WO,\bof wool\b|fine animal hair|kashmir|cashmere|\bwool\b
55159900_2016,"Woven fabrics containing predominantly, but < 85% synthetic staple fibres, other than those mixed principally or solely with man-made filame (2016-) (Q1=kg, Q2=none)",SYN,synthetic|polyamide|nylon|polyester|polypropylene|polyethylene|acrylic|elastomeric
55159910_1988,"Subgroup of: 551599 Woven fabrics containing > 50 % to < 85 % synthetic staple fibres, other than those mixed principally or solely with wool, fine animal hair (1988-2006) (Q1=kg, Q2=none)",WO,\bof wool\b|fine animal hair|kashmir|cashmere|\bwool\b
55159910_2007,"Subgroup of: 551599 Woven fabrics containing predominantly, but < 85% synthetic staple fibres, other than those mixed principally or solely with man-made filame (2007-2015) (Q1=kg, Q2=none)",SYN,synthetic|polyamide|nylon|polyester|polypropylene|polyethylene|acrylic|elastomeric
55159990_1988,"Subgroup of: 551599 Woven fabrics containing > 50 % to < 85 % synthetic staple fibres, other than those mixed principally or solely with wool, fine animal hair (1988-2006) (Q1=kg, Q2=none)",WO,\bof wool\b|fine animal hair|kashmir|cashmere|\bwool\b
55159990_2007,"Subgroup of: 551599 Woven fabrics containing predominantly, but < 85% synthetic staple fibres, other than those mixed principally or solely with man-made filame (2007-2015) (Q1=kg, Q2=none)",SYN,synthetic|polyamide|nylon|polyester|polypropylene|polyethylene|acrylic|elastomeric
55161100_1988,"Woven fabrics containing >= 85% artificial staple fibres by weight, unbleached or bleached (1988-) (Q1=kg, Q2=none)",ART,artificial|viscose|cellulose acetate
55161200_1988,"Woven fabrics containing >= 85% artificial staple fibres by weight, dyed (1988-) (Q1=kg, Q2=none)",ART,artificial|viscose|cellulose acetate
55161300_1988,"Woven fabrics containing >= 85% artificial staple fibres by weight, made of yarn of different colours (1988-) (Q1=kg, Q2=none)",ART,artificial|viscose|cellulose acetate
55161400_1988,"Woven fabrics containing >= 85% artificial staple fibres by weight, printed (1988-) (Q1=kg, Q2=none)",ART,artificial|viscose|cellulose acetate
55162100_1988,"Woven fabrics containing predominantly, but < 85% artificial staple fibres, mixed principally or solely with man-made filament, unbleached or bleached (1988-) (Q1=kg, Q2=none)",ART,artificial|viscose|cellulose acetate
55162200_1988,"Woven fabrics containing predominantly, but < 85% artificial staple fibres, mixed principally or solely with man-made filament, dyed (1988-) (Q1=kg, Q2=none)",ART,artificial|viscose|cellulose acetate
55162300_1988,"Woven fabrics containing predominantly, but < 85% artificial staple fibres, mixed principally or solely with man-made filament, made of yarn of differ (1988-) (Q1=kg, Q2=none)",ART,artificial|viscose|cellulose acetate
55162400_1988,"Woven fabrics containing predominantly, but < 85% artificial staple fibres by weight, mixed principally or solely with man-made filament, printed (1988-) (Q1=kg, Q2=none)",ART,artificial|viscose|cellulose acetate
55163100_1988,"Woven fabrics containing predominantly, but < 85% artificial staple fibres by weight, mixed principally or solely with wool or fine animal hair, unble (1988-) (Q1=kg, Q2=none)",WO,\bof wool\b|fine animal hair|kashmir|cashmere|\bwool\b
55163200_1988,"Woven fabrics containing predominantly, but < 85% artificial staple fibres by weight, mixed principally or solely with wool or fine animal hair, dyed (1988-) (Q1=kg, Q2=none)",WO,\bof wool\b|fine animal hair|kashmir|cashmere|\bwool\b
55163300_1988,"Woven fabrics containing predominantly, but < 85% artificial staple fibres by weight, mixed principally or solely with wool or fine animal hair, made (1988-) (Q1=kg, Q2=none)",WO,\bof wool\b|fine animal hair|kashmir|cashmere|\bwool\b
55163400_1988,"Woven fabrics containing predominantly, but < 85% artificial staple fibres by weight, mixed principally or solely with wool or fine animal hair, print (1988-) (Q1=kg, Q2=none)",WO,\bof wool\b|fine animal hair|kashmir|cashmere|\bwool\b
55164100_1988,"Woven fabrics containing predominantly, but < 85% artificial staple fibres by weight, mixed principally or solely with cotton, unbleached or bleached (1988-) (Q1=kg, Q2=none)",CO,\bof cotton\b|\bcotton\b
55164200_1988,"Woven fabrics containing predominantly, but < 85% artificial staple fibres by weight, mixed principally or solely with cotton, dyed (1988-) (Q1=kg, Q2=none)",CO,\bof cotton\b|\bcotton\b
55164300_1988,"Woven fabrics containing predominantly, but < 85% artificial staple fibres by weight, mixed principally or solely with cotton, made of yarn of differe (1988-) (Q1=kg, Q2=none)",CO,\bof cotton\b|\bcotton\b
55164400_1988,"Woven fabrics containing predominantly, but < 85% artificial staple fibres by weight, mixed principally or solely with cotton, printed (1988-) (Q1=kg, Q2=none)",CO,\bof cotton\b|\bcotton\b
55169100_1988,"Woven fabrics containing predominantly, but < 85% artificial staple fibres by weight, other than those mixed principally or solely with cotton, wool, (1988-) (Q1=kg, Q2=none)",WO,\bof wool\b|fine animal hair|kashmir|cashmere|\bwool\b
55169200_1988,"Woven fabrics containing predominantly, but < 85% artificial staple fibres by weight, other than those mixed principally or solely with cotton, wool, (1988-) (Q1=kg, Q2=none)",WO,\bof wool\b|fine animal hair|kashmir|cashmere|\bwool\b
55169300_1988,"Woven fabrics containing predominantly, but < 85% artificial staple fibres by weight, other than those mixed principally or solely with cotton, wool, (1988-) (Q1=kg, Q2=none)",WO,\bof wool\b|fine animal hair|kashmir|cashmere|\bwool\b
55169400_1988,"Woven fabrics containing predominantly, but < 85% artificial staple fibres by weight, other than those mixed principally or solely with cotton, wool, (1988-) (Q1=kg, Q2=none)",WO,\bof wool\b|fine animal hair|kashmir|cashmere|\bwool\b
56011010_1988,"Subgroup of: 560110 Sanitary towels and tampons, napkins and napkin liners for babies and similar sanitary articles, of wadding (1988-2011) (Q1=kg, Q2=none)",UNK,
56011090_1988,"Subgroup of: 560110 Sanitary towels and tampons, napkins and napkin liners for babies and similar sanitary articles, of wadding (1988-2011) (Q1=kg, Q2=none)",UNK,
56012100_1988,"Wadding of cotton and articles thereof (excl. sanitary towels and tampons, napkins and napkin liners for babies and similar sanitary articles, wadding (1988-) (Q1=kg, Q2=none)",CO,\bof cotton\b|\bcotton\b
56012210_1988,"Subgroup of: 560122 Wadding of man-made fibres and articles thereof (excl. sanitary towels and tampons, napkins and napkin liners for babies and similar sanitar (1988-) (Q1=kg, Q2=none)",MMF,man-made
56012290_1988,"Subgroup of: 560122 Wadding of man-made fibres and articles thereof (excl. sanitary towels and tampons, napkins and napkin liners for babies and similar sanitar (1988-) (Q1=kg, Q2=none)",MMF,man-made
56012900_1988,"Wadding of textile materials and articles thereof (excl. of cotton or man-made fibres; sanitary towels and tampons, napkins and napkin liners for babi (1988-) (Q1=kg, Q2=none)",RES,of (other )?textile materials
56013000_1988,"Textile flock and dust and mill neps (1988-) (Q1=kg, Q2=none)",UNK,
56021000_1988,"Needleloom felt and stitch-bonded fibre fabrics, whether or not impregnated, coated, covered or laminated, n.e.s. (1988-) (Q1=kg, Q2=none)",UNK,
56022100_1988,"Felt, not impregnated, coated, covered or laminated, of wool or fine animal hair, n.e.s. (excl. needleloom felt and stitch-bonded fibre fabrics) (1988-) (Q1=kg, Q2=none)",WO,\bof wool\b|fine animal hair|kashmir|cashmere|\bwool\b
56022900_1988,"Felt, not impregnated, coated, covered or laminated (excl. that of wool or fine animal hair; needleloom felt and stitch-bonded fibre fabrics) (1988-) (Q1=kg, Q2=none)",UNK,
56029000_1988,"Felt, impregnated, coated, covered or laminated (excl. needleloom felt and stitch-bonded fibre fabrics) (1988-) (Q1=kg, Q2=none)",UNK,
56030000_1988,"Nonwovens, whether or not impregnated, coated, covered or laminated, n.e.s. (1988-1995) (Q1=kg, Q2=none)",UNK,
56031100_1996,"Nonwovens, whether or not impregnated, coated, covered or laminated, n.e.s., of synthetic or man-made filaments, weighing <= 25 g/m² (1996-) (Q1=kg, Q2=none)",SYN,synthetic|polyamide|nylon|polyester|polypropylene|polyethylene|acrylic|elastomeric
56031200_1996,"Nonwovens, whether or not impregnated, coated, covered or laminated, n.e.s., of man-made filaments, weighing > 25 g/m² but <= 70 g/m² (1996-) (Q1=kg, Q2=none)",MMF,man-made
56031300_1996,"Nonwovens, whether or not impregnated, coated, covered or laminated, n.e.s., of man-made filaments, weighing > 70 g/m² but <= 150 g/m² (1996-) (Q1=kg, Q2=none)",MMF,man-made
56031400_1996,"Nonwovens, whether or not impregnated, coated, covered or laminated, n.e.s., of man-made filaments, weighing > 150 g (1996-) (Q1=kg, Q2=none)",MMF,man-made
56039100_1996,"Nonwovens, whether or not impregnated, coated, covered or laminated, n.e.s., weighing <= 25 g/m² (excl. of man-made filaments) (1996-) (Q1=kg, Q2=none)",UNK,
56039200_1996,"Nonwovens, whether or not impregnated, coated, covered or laminated, n.e.s., weighing > 25 g/m² but <= 70 g/m² (excl. of man-made filaments) (1996-) (Q1=kg, Q2=none)",UNK,
56039300_1996,"Nonwovens, whether or not impregnated, coated, covered or laminated, n.e.s., weighing > 70 g/m² but <= 150 g/m² (excl. of man-made filaments) (1996-) (Q1=kg, Q2=none)",UNK,
56039400_1996,"Nonwovens, whether or not impregnated, coated, covered or laminated, n.e.s., weighing > than 150 g/m² (excl. of man-made filaments) (1996-) (Q1=kg, Q2=none)",UNK,
56041000_1988,"Textile-covered rubber thread and cord (1988-) (Q1=kg, Q2=none)",UNK,
56042010_1988,"Subgroup of: 560420 High-tensile yarn of polyester, nylon, other polyamides or viscose, impregnated or coated with rubber or plastic (1988-2006) (Q1=kg, Q2=none)",SYN,synthetic|polyamide|nylon|polyester|polypropylene|polyethylene|acrylic|elastomeric
56042090_1988,"Subgroup of: 560420 High-tensile yarn of polyester, nylon, other polyamides or viscose, impregnated or coated with rubber or plastic (1988-2006) (Q1=kg, Q2=none)",SYN,synthetic|polyamide|nylon|polyester|polypropylene|polyethylene|acrylic|elastomeric
56049000_1988,"Textile yarn, strip and the like of headings 5404 and 5405, impregnated, coated, covered or sheathed with rubber or plastic (excl. high-tensile yarn of polyeste (1988-2006) (Q1=kg, Q2=none)",UNK,
56049000_2007,"Textile yarn, strip and the like of heading 5404 and 5405, impregnated, coated, covered or sheathed with rubber or plastics (excl. imitation catgut, t (2007-) (Q1=kg, Q2=none)",UNK,
56050000_1988,"Metallised yarn, whether or not gimped, being textile yarn, or strip or the like of heading 5404 or 5405, of textile fibres, combined with metal in th (1988-) (Q1=kg, Q2=none)",UNK,
56060000_2016,"Gimped yarn, gimped strip and the like of heading 5404 or 5405; chenille yarn, incl. flock chenille yarn, and loop wale-yarn (excl. metal ya (2016-) (Q1=kg, Q2=none)",UNK,
56060010_1988,"Subgroup of: 560600 Gimped yarn, gimped strip and the like of heading 5404 or 5405; chenille yarn, incl. flock chenille yarn, and loop wale-yarn (excl. metal ya (1988-2015) (Q1=kg, Q2=none)",UNK,
56060020_1988,"Subgroup of: 560600 Gimped yarn, gimped strip and the like of heading 5404 or 5405; chenille yarn, incl. flock chenille yarn, and loop wale-yarn (excl. metal ya (1988-2015) (Q1=kg, Q2=none)",UNK,
56060090_1988,"Subgroup of: 560600 Gimp, gimped strip and the like of headings 5404 or 5405; chenille yarn and loop wale-yarn (excl. metal yarn and metallized yarn of heading (1988-1997) (Q1=kg, Q2=none)",UNK,
56060091_1998,"Subgroup of: 560600 Gimped yarn, gimped strip and the like of heading 5404 or 5405; chenille yarn, incl. flock chenille yarn, and loop wale-yarn (excl. metal ya (1998-2015) (Q1=kg, Q2=none)",UNK,
56060099_1998,"Subgroup of: 560600 Gimped yarn, gimped strip and the like of heading 5404 or 5405; chenille yarn, incl. flock chenille yarn, and loop wale-yarn (excl. metal ya (1998-2015) (Q1=kg, Q2=none)",UNK,
56071000_1988,"Twine, cordage, rope and cable of jute or other textile bast fibres of heading 5303, whether or not plaited or braided, whether or not impregnated, coated, cove (1988-2006) (Q1=kg, Q2=none)",OTH,\bsilk\b|\bflax\b|\bjute\b|\bramie\b|\bhemp\b|coconut|abaca|sisal|coarse animal hair|vegetable textile (fibres|materials)|paper yarn
56072100_1988,"Binder or baler twine, of sisal or other textile fibres of the genus Agave (1988-) (Q1=kg, Q2=none)",OTH,\bsilk\b|\bflax\b|\bjute\b|\bramie\b|\bhemp\b|coconut|abaca|sisal|coarse animal hair|vegetable textile (fibres|materials)|paper yarn
56072900_1988,"Twine, cordage, ropes and cables, of sisal or other textile fibres of the genus Agave, whether or not plaited or braided and whether or not impregnate (1988-) (Q1=kg, Q2=none)",OTH,\bsilk\b|\bflax\b|\bjute\b|\bramie\b|\bhemp\b|coconut|abaca|sisal|coarse animal hair|vegetable textile (fibres|materials)|paper yarn
56073000_1988,"Twine, cordage, rope and cable of abaca 'manila hemp or musa textilis' or other hard leaf fibres, whether or not plaited or braided, whether or not impregnated, (1988-2001) (Q1=kg, Q2=none)",OTH,\bsilk\b|\bflax\b|\bjute\b|\bramie\b|\bhemp\b|coconut|abaca|sisal|coarse animal hair|vegetable textile (fibres|materials)|paper yarn
56074100_1988,"Binder or baler twine, of polyethylene or polypropylene (1988-) (Q1=kg, Q2=none)",SYN,synthetic|polyamide|nylon|polyester|polypropylene|polyethylene|acrylic|elastomeric
56074900_1988,"Twine, cordage, ropes and cables of polyethylene or polypropylene, whether or not plaited or braided and whether or not impregnated, coated, covered o (1988-) (Q1=kg, Q2=none)",SYN,synthetic|polyamide|nylon|polyester|polypropylene|polyethylene|acrylic|elastomeric
56075000_1988,"Twine, cordage, ropes and cables, of synthetic fibres, whether or not plaited or braided and whether or not impregnated, coated, covered or sheathed w (1988-) (Q1=kg, Q2=none)",SYN,synthetic|polyamide|nylon|polyester|polypropylene|polyethylene|acrylic|elastomeric
56079010_1988,"Subgroup of: 560790 Twine, cordage, ropes and cables, whether or not plaited or braided and whether or not impregnated, coated, covered or sheathed with rubber (1988-) (Q1=kg, Q2=none)",UNK,
56079090_1988,"Subgroup of: 560790 Twine, cordage, rope and cable, whether or not plaited or braided, whether or not impregnated, coated, covered or sheathed with rubber or p (1988-2001) (Q1=kg, Q2=none)",UNK,
56079090_2002,"Subgroup of: 560790 Twine, cordage, rope and cable, whether or not plaited or braided, whether or not impregnated, coated, covered or sheathed with rubber or p (2002-2006) (Q1=kg, Q2=none)",UNK,
56079090_2007,"Subgroup of: 560790 Twine, cordage, ropes and cables, whether or not plaited or braided and whether or not impregnated, coated, covered or sheathed with rubber (2007-) (Q1=kg, Q2=none)",UNK,
56081100_1988,"Made-up knotted fishing nets of man-made textile materials (excl. landing nets) (1988-1994) (Q1=kg, Q2=none)",MMF,man-made
56081101_1994,"Subgroup of: 560811 Made-up knotted fishing nets of man-made textile materials (excl. landing nets) (1994-) (Q1=kg, Q2=none)",MMF,man-made
56081102_1994,"Subgroup of: 560811 Made-up knotted fishing nets of man-made textile materials (excl. landing nets) (1994-) (Q1=kg, Q2=none)",MMF,man-made
56081103_1994,"Subgroup of: 560811 Made-up knotted fishing nets of man-made textile materials (excl. landing nets) (1994-) (Q1=kg, Q2=none)",MMF,man-made
56081104_1994,"Subgroup of: 560811 Made-up knotted fishing nets of man-made textile materials (excl. landing nets) (1994-) (Q1=kg, Q2=none)",MMF,man-made
56081109_1994,"Subgroup of: 560811 Made-up knotted fishing nets of man-made textile materials (excl. landing nets) (1994-) (Q1=kg, Q2=none)",MMF,man-made
56081900_1988,"Knotted netting of twine, cordage, rope or cable, by the piece or metre; made-up nets, of man-made textile materials (excl. made-up fishing nets, hairnets, nets (1988-1993) (Q1=kg, Q2=none)",MMF,man-made
56081901_1994,"Subgroup of: 560819 Knotted netting of twine, cordage, ropes or cables, by the piece or metre; made-up nets, of man-made textile materials (excl. made-up fishin (1994-2015) (Q1=kg, Q2=none)",MMF,man-made
56081902_1994,"Subgroup of: 560819 Knotted netting of twine, cordage, ropes or cables, by the piece or metre; made-up nets, of man-made textile materials (excl. made-up fishin (1994-2015) (Q1=kg, Q2=none)",MMF,man-made
56081903_1994,"Subgroup of: 560819 Knotted netting of twine, cordage, ropes or cables, by the piece or metre; made-up nets, of man-made textile materials (excl. made-up fishin (1994-2015) (Q1=kg, Q2=none)",MMF,man-made
56081904_1994,"Subgroup of: 560819 Knotted netting of twine, cordage, ropes or cables, by the piece or metre; made-up nets, of man-made textile materials (excl. made-up fishin (1994-2015) (Q1=kg, Q2=none)",MMF,man-made
56081905_2016,"Subgroup of: 560819 Knotted netting of twine, cordage, ropes or cables, by the piece or metre; made-up nets, of man-made textile materials (excl. made-up fishin (2016-) (Q1=kg, Q2=none)",MMF,man-made
56081909_1994,"Subgroup of: 560819 Knotted netting of twine, cordage, ropes or cables, by the piece or metre; made-up nets, of man-made textile materials (excl. made-up fishin (1994-) (Q1=kg, Q2=none)",MMF,man-made
56089010_1988,"Subgroup of: 560890 Knotted netting of twine, cordage, ropes or cables, by the piece or metre; made-up fishing nets and other made-up nets, of vegetable textile (1988-) (Q1=kg, Q2=none)",UNK,
56089090_1988,"Subgroup of: 560890 Knotted netting of twine, cordage, ropes or cables, by the piece or metre; made-up fishing nets and other made-up nets, of vegetable textile (1988-) (Q1=kg, Q2=none)",UNK,
56090000_1988,"Articles of yarn, strip or the like of heading 5404 or 5405, or of twine, cordage, ropes or cables of heading 5607, n.e.s. (1988-) (Q1=kg, Q2=none)",UNK,
57011000_1988,"Carpets of wool or fine animal hair, knotted, whether or not made up (1988-2000) (Q1=kg, Q2=none)",WO,\bof wool\b|fine animal hair|kashmir|cashmere|\bwool\b
57011000_2001,"Carpets and other textile floor coverings, of wool or fine animal hair, knotted, whether or not made up (2001-) (Q1=kg, Q2=m²)",WO,\bof wool\b|fine animal hair|kashmir|cashmere|\bwool\b
57019000_1988,"Carpets of textile materials, knotted, whether or not made up (excl. those of wool or fine animal hair) (1988-2000) (Q1=kg, Q2=none)",RES,of (other )?textile materials
57019000_2001,"Carpets and other textile floor coverings, of textile materials, knotted, whether or not made up (excl. those of wool or fine animal hair) (2001-) (Q1=kg, Q2=m²)",RES,of (other )?textile materials
57021010_1988,"Subgroup of: 570210 Kelem, schumacks, karamanie and similar handwoven rugs, whether or not made up (1988-2000) (Q1=kg, Q2=none)",UNK,
57021010_2001,"Subgroup of: 570210 Kelem, Schumacks, Karamanie and similar hand-woven rugs, whether or not made up (2001-) (Q1=kg, Q2=m²)",UNK,
57021090_1988,"Subgroup of: 570210 Kelem, schumacks, karamanie and similar handwoven rugs, whether or not made up (1988-2000) (Q1=kg, Q2=none)",UNK,
57021090_2001,"Subgroup of: 570210 Kelem, Schumacks, Karamanie and similar hand-woven rugs, whether or not made up (2001-) (Q1=kg, Q2=m²)",UNK,
57022000_1988,"Floor coverings of coir, woven, whether or not made up (1988-2000) (Q1=kg, Q2=none)",UNK,
57022000_2001,"Floor coverings of coconut fibres coir, woven, whether or not made up (2001-) (Q1=kg, Q2=m²)",OTH,\bsilk\b|\bflax\b|\bjute\b|\bramie\b|\bhemp\b|coconut|abaca|sisal|coarse animal hair|vegetable textile (fibres|materials)|paper yarn
57023100_1988,"Carpets and other floor coverings, of wool or fine animal hair, woven, not tufted or flocked, of pile construction, not made up (excl. kelem, schumacks, karaman (1988-2000) (Q1=kg, Q2=none)",WO,\bof wool\b|fine animal hair|kashmir|cashmere|\bwool\b
57023100_2001,"Carpets and other floor coverings, of wool or fine animal hair, woven, not tufted or flocked, of pile construction, not made up (excl. Kelem, Schumack (2001-) (Q1=kg, Q2=m²)",WO,\bof wool\b|fine animal hair|kashmir|cashmere|\bwool\b
57023200_1988,"Carpets and other floor coverings, of man-made textile materials, woven, not tufted or flocked, of pile construction (excl. kelem, schumacks, karamanie and simi (1988-2000) (Q1=kg, Q2=none)",MMF,man-made
57023200_2001,"Carpets and other floor coverings, of man-made textile materials, woven, not tufted or flocked, of pile construction, not made up (excl. Kelem, Schuma (2001-) (Q1=kg, Q2=m²)",MMF,man-made
57023900_1988,"Carpets and other floor coverings, of vegetable textile materials or coarse animal hair, woven, not tufted or flocked, of pile construction, not made up (excl. (1988-2000) (Q1=kg, Q2=none)",OTH,\bsilk\b|\bflax\b|\bjute\b|\bramie\b|\bhemp\b|coconut|abaca|sisal|coarse animal hair|vegetable textile (fibres|materials)|paper yarn
57023900_2001,"Carpets and other floor coverings, of vegetable textile materials or coarse animal hair, woven, not tufted or flocked, of pile construction, not made (2001-) (Q1=kg, Q2=m²)",OTH,\bsilk\b|\bflax\b|\bjute\b|\bramie\b|\bhemp\b|coconut|abaca|sisal|coarse animal hair|vegetable textile (fibres|materials)|paper yarn
57024100_1988,"Carpets and other floor coverings, of wool or fine animal hair, woven, not tufted or flocked, of pile construction, made up (excl. kelem, schumacks, karamanie a (1988-2000) (Q1=kg, Q2=none)",WO,\bof wool\b|fine animal hair|kashmir|cashmere|\bwool\b
57024100_2001,"Carpets and other floor coverings, of wool or fine animal hair, woven, not tufted or flocked, of pile construction, made up (excl. Kelem, Schumacks, K (2001-) (Q1=kg, Q2=m²)",WO,\bof wool\b|fine animal hair|kashmir|cashmere|\bwool\b
57024200_1988,"Carpets and other floor coverings, of man-made textile materials, woven, not tufted or flocked, of pile construction, made up (excl. kelem, schumacks, karamanie (1988-2000) (Q1=kg, Q2=none)",MMF,man-made
57024200_2001,"Carpets and other floor coverings, of man-made textile materials, woven, not tufted or flocked, of pile construction, made up (excl. Kelem, Schumacks, (2001-) (Q1=kg, Q2=m²)",MMF,man-made
57024900_1988,"Carpets and other floor coverings, of vegetable textile materials or coarse animal hair, woven, not tufted or flocked, of pile construction, not made up (excl. (1988-2000) (Q1=kg, Q2=none)",OTH,\bsilk\b|\bflax\b|\bjute\b|\bramie\b|\bhemp\b|coconut|abaca|sisal|coarse animal hair|vegetable textile (fibres|materials)|paper yarn
57024900_2001,"Carpets and other floor coverings, of vegetable textile materials or coarse animal hair, woven, not tufted or flocked, of pile construction, made up ( (2001-) (Q1=kg, Q2=m²)",OTH,\bsilk\b|\bflax\b|\bjute\b|\bramie\b|\bhemp\b|coconut|abaca|sisal|coarse animal hair|vegetable textile (fibres|materials)|paper yarn
57025000_2007,"Carpets and other textile floor coverings, woven, not tufted or flocked, not of pile construction, not made up (excl. Kelem, Schumacks, Karamanie and (2007-) (Q1=kg, Q2=m²)",UNK,
57025100_1988,"Carpets and other floor coverings, of wool or fine animal hair, woven, not tufted or flocked, not of pile construction, not made up (excl. kelem, schumacks, kar (1988-2000) (Q1=kg, Q2=none)",WO,\bof wool\b|fine animal hair|kashmir|cashmere|\bwool\b
57025100_2001,"Carpets and other floor coverings, of wool or fine animal hair, woven, not tufted or flocked, not of pile construction, not made up (excl. kelem, schumacks, kar (2001-2006) (Q1=kg, Q2=m²)",WO,\bof wool\b|fine animal hair|kashmir|cashmere|\bwool\b
57025200_1988,"Carpets and other floor coverings, of man-made textile materials, woven, not tufted or flocked, not of pile construction, not made up (excl. kelem, schumacks, k (1988-2000) (Q1=kg, Q2=none)",MMF,man-made
57025200_2001,"Carpets and other floor coverings, of man-made textile materials, woven, not tufted or flocked, not of pile construction, not made up (excl. kelem, schumacks, k (2001-2006) (Q1=kg, Q2=m²)",MMF,man-made
57025900_1988,"Carpets and other floor coverings, of vegetable textile materials or coarse animal hair, woven, not tufted or flocked, not of pile construction, not made up (ex (1988-2000) (Q1=kg, Q2=none)",OTH,\bsilk\b|\bflax\b|\bjute\b|\bramie\b|\bhemp\b|coconut|abaca|sisal|coarse animal hair|vegetable textile (fibres|materials)|paper yarn
57025900_2001,"Carpets and other floor coverings, of vegetable textile materials or coarse animal hair, woven, not tufted or flocked, not of pile construction, not made up (ex (2001-2006) (Q1=kg, Q2=m²)",OTH,\bsilk\b|\bflax\b|\bjute\b|\bramie\b|\bhemp\b|coconut|abaca|sisal|coarse animal hair|vegetable textile (fibres|materials)|paper yarn
57029100_1988,"Carpets and other floor coverings, of wool or fine animal hair, woven, not tufted or flocked, not of pile construction, made up (excl. kelem, schumacks, karaman (1988-2000) (Q1=kg, Q2=none)",WO,\bof wool\b|fine animal hair|kashmir|cashmere|\bwool\b
57029100_2001,"Carpets and other floor coverings, of wool or fine animal hair, woven, not tufted or flocked, not of pile construction, made up (excl. Kelem, Schumack (2001-) (Q1=kg, Q2=m²)",WO,\bof wool\b|fine animal hair|kashmir|cashmere|\bwool\b
57029200_1988,"Carpets and other floor coverings, of man-made textile materials, woven, not tufted or flocked, not of pile construction, made up (excl. kelem, schumacks, karam (1988-2000) (Q1=kg, Q2=none)",MMF,man-made
57029200_2001,"Carpets and other floor coverings, of man-made textile materials, woven, not tufted or flocked, not of pile construction, made up (excl. Kelem, Schuma (2001-) (Q1=kg, Q2=m²)",MMF,man-made
57029900_1988,"Carpets and other floor coverings, of vegetable textile materials or coarse animal hair, woven, not tufted or flocked, not of pile construction, made up (excl. (1988-2000) (Q1=kg, Q2=none)",OTH,\bsilk\b|\bflax\b|\bjute\b|\bramie\b|\bhemp\b|coconut|abaca|sisal|coarse animal hair|vegetable textile (fibres|materials)|paper yarn
57029900_2001,"Carpets and other floor coverings, of vegetable textile materials or coarse animal hair, woven, not tufted or flocked, not of pile construction, made (2001-) (Q1=kg, Q2=m²)",OTH,\bsilk\b|\bflax\b|\bjute\b|\bramie\b|\bhemp\b|coconut|abaca|sisal|coarse animal hair|vegetable textile (fibres|materials)|paper yarn
57031000_1988,"Carpets and other floor coverings, of wool or fine animal hair, tufted 'needle punched', whether or not made up (1988-2000) (Q1=kg, Q2=none)",WO,\bof wool\b|fine animal hair|kashmir|cashmere|\bwool\b
57031000_2001,"Carpets and other floor coverings, of wool or fine animal hair, tufted needle punched, whether or not made up (2001-) (Q1=kg, Q2=m²)",WO,\bof wool\b|fine animal hair|kashmir|cashmere|\bwool\b
57032000_1988,"Carpets and other floor coverings, of nylon or other polyamides, tufted 'needle punched', whether or not made up (1988-2000) (Q1=kg, Q2=none)",SYN,synthetic|polyamide|nylon|polyester|polypropylene|polyethylene|acrylic|elastomeric
57032000_2001,"Carpets and other floor coverings, of nylon or other polyamides, tufted needle punched, whether or not made up (2001-2021) (Q1=kg, Q2=m² )",SYN,synthetic|polyamide|nylon|polyester|polypropylene|polyethylene|acrylic|elastomeric
57032100_2022,"Turf, of nylon or other polyamides, tufted needle punched (2022-) (Q1=kg, Q2=m²)",SYN,synthetic|polyamide|nylon|polyester|polypropylene|polyethylene|acrylic|elastomeric
57032900_2022,"Carpets and other floor coverings, of nylon or other polyamides, tufted needle punched, whether or not made up (excl. turf) (2022-) (Q1=kg, Q2=m²)",SYN,synthetic|polyamide|nylon|polyester|polypropylene|polyethylene|acrylic|elastomeric
57033000_1988,"Carpets and other floor coverings, of man-made textile materials, tufted 'needle punched', whether or not made up (excl. those of nylon or other polyamides) (1988-2000) (Q1=kg, Q2=none)",MMF,man-made
57033000_2001,"Carpets and other floor coverings, of man-made textile materials, tufted needle punched, whether or not made up (excl. those of nylon or other polya (2001-2021) (Q1=kg, Q2=m² )",MMF,man-made
57033100_2022,"Turf, of man-made textile materials, tufted needle punched, whether or not made up (excl. of nylon or other polyamides) (2022-) (Q1=kg, Q2=m²)",MMF,man-made
57033900_2022,"Carpets and other floor coverings, of man-made textile materials, tufted needle punched, whether or not made up (excl. of nylon or other polyamides, and turf) (2022-) (Q1=kg, Q2=m²)",MMF,man-made
57039000_1988,"Carpet tiles of vegetable textile materials or coarse animal hair, tufted 'needle punched', whether or not made up (1988-2000) (Q1=kg, Q2=none)",OTH,\bsilk\b|\bflax\b|\bjute\b|\bramie\b|\bhemp\b|coconut|abaca|sisal|coarse animal hair|vegetable textile (fibres|materials)|paper yarn
57039000_2001,"Carpet tiles of vegetable textile materials or coarse animal hair, tufted needle punched, whether or not made up (2001-) (Q1=kg, Q2=m²)",OTH,\bsilk\b|\bflax\b|\bjute\b|\bramie\b|\bhemp\b|coconut|abaca|sisal|coarse animal hair|vegetable textile (fibres|materials)|paper yarn
57041000_1988,"Floor tiles, of felt, not tufted or flocked, with an area of =< 0.3 m2 (1988-2000) (Q1=kg, Q2=none)",UNK,
57041000_2001,"Floor tiles, of felt, not tufted or flocked, with an area of <= 0,3 m² (2001-) (Q1=kg, Q2=m²)",UNK,
57042000_2017,"Floor tiles, of felt, not tufted or flocked, with an area of > 0,3 m² but <= 1 m² (2017-) (Q1=kg, Q2=m² )",UNK,
57049000_1988,"Carpets and other floor coverings, of felt, not tufted or flocked, whether or not made up (excl. carpet tiles with an area of =< 0.3 m2) (1988-2000) (Q1=kg, Q2=none)",UNK,
57049000_2001,"Carpets and other floor coverings, of felt, not tufted or flocked, whether or not made up (excl. floor tiles with an area of <= 0,3 m²) (2001-2016) (Q1=kg, Q2=m²)",UNK,
57049000_2017,"Carpets and other floor coverings, of felt, not tufted or flocked, whether or not made up (excl. floor tiles with an area of <= 1 m²) (2017-) (Q1=kg, Q2=m² )",UNK,
57050010_1988,"Subgroup of: 570500 Carpets and other textile floor coverings, whether or not made up (excl. woven or tufted 'needle punched') (1988-2000) (Q1=kg, Q2=none)",UNK,
57050010_2001,"Subgroup of: 570500 Carpets and other textile floor coverings, whether or not made up (excl. knotted, woven or tufted needle punched, and of felt) (2001-) (Q1=kg, Q2=m²)",UNK,
57050090_1988,"Subgroup of: 570500 Carpets and other textile floor coverings, whether or not made up (excl. woven or tufted 'needle punched') (1988-2000) (Q1=kg, Q2=none)",UNK,
57050090_2001,"Subgroup of: 570500 Carpets and other textile floor coverings, whether or not made up (excl. knotted, woven or tufted needle punched, and of felt) (2001-) (Q1=kg, Q2=m²)",UNK,
58011000_1988,"Woven pile fabrics and chenille fabrics, of wool or fine animal hair (excl. terry towelling and similar woven terry fabrics, tufted textile fabrics an (1988-) (Q1=kg, Q2=none)",WO,\bof wool\b|fine animal hair|kashmir|cashmere|\bwool\b
58012100_1988,"Uncut weft pile fabrics, of cotton (excl. terry towelling and similar woven terry fabrics, tufted textile fabrics and narrow woven fabrics of heading (1988-) (Q1=kg, Q2=none)",CO,\bof cotton\b|\bcotton\b
58012200_1988,"Cut corduroy, of cotton (excl. terry towelling and similar woven terry fabrics, tufted textile fabrics and narrow woven fabrics of heading 5806) (1988-) (Q1=kg, Q2=none)",CO,\bof cotton\b|\bcotton\b
58012300_1988,"Cut weft pile fabrics, of cotton (excl. terry towelling and similar woven terry fabrics, tufted textile fabrics and narrow woven fabrics of heading 58 (1988-) (Q1=kg, Q2=none)",CO,\bof cotton\b|\bcotton\b
58012400_1988,"Uncut warp pile fabrics épinglé, of cotton (excl. terry towelling and similar woven terry fabrics, tufted textile fabrics and narrow woven fabrics o (1988-2011) (Q1=kg, Q2=none)",CO,\bof cotton\b|\bcotton\b
58012500_1988,"Cut warp pile fabrics, of cotton (excl. terry towelling and similar woven terry fabrics, tufted textile fabrics and narrow woven fabrics of heading 58 (1988-2011) (Q1=kg, Q2=none)",CO,\bof cotton\b|\bcotton\b
58012600_1988,"Chenille fabrics, of cotton (excl. terry towelling and similar woven terry fabrics, tufted textile fabrics and narrow woven fabrics of heading 5806) (1988-) (Q1=kg, Q2=none)",CO,\bof cotton\b|\bcotton\b
58012700_2012,"Warp pile fabrics, of cotton (excl. terry towelling and similar woven terry fabrics, tufted textile fabrics and narrow woven fabrics of heading 5806) (2012-) (Q1=kg, Q2=none)",CO,\bof cotton\b|\bcotton\b
58013100_1988,"Uncut weft pile fabrics, of man-made fibres (excl. terry towelling and similar woven terry fabrics, tufted textile fabrics and narrow woven fabrics of (1988-) (Q1=kg, Q2=none)",MMF,man-made
58013200_1988,"Cut corduroy, of man-made fibres (excl. terry towelling and similar woven terry fabrics, tufted textile fabrics and narrow woven fabrics of heading 58 (1988-) (Q1=kg, Q2=none)",MMF,man-made
58013300_1988,"Cut weft pile fabrics, of man-made fibres (excl. terry towelling and similar woven terry fabrics, tufted textile fabrics and narrow woven fabrics of h (1988-) (Q1=kg, Q2=none)",MMF,man-made
58013400_1988,"Uncut warp pile fabrics épinglé, of man-made fibres (excl. terry towelling and similar woven terry fabrics, tufted textile fabrics and narrow woven (1988-2011) (Q1=kg, Q2=none)",MMF,man-made
58013500_1988,"Cut warp pile fabrics, of man-made fibres (excl. terry towelling and similar woven terry fabrics, tufted textile fabrics and narrow woven fabrics of h (1988-2011) (Q1=kg, Q2=none)",MMF,man-made
58013600_1988,"Chenille fabrics, of man-made fibres (excl. terry towelling and similar woven terry fabrics, tufted textile fabrics and narrow woven fabrics of headin (1988-) (Q1=kg, Q2=none)",MMF,man-made
58013700_2012,"Warp pile fabrics, of man-made fibres (excl. terry towelling and similar woven terry fabrics, tufted textile fabrics and narrow woven fabrics of heading 5806) (2012-) (Q1=kg, Q2=none)",MMF,man-made
58019000_1988,"Woven pile fabrics and chenille fabrics (excl. those of man-made fibres, wool or fine animal hair, terry towelling and similar woven terry fabrics, tu (1988-) (Q1=kg, Q2=none)",UNK,
58021000_2022,"Terry towelling and similar woven terry fabrics, of cotton (excl. narrow woven fabrics of heading 5806, carpets and other floor coverings) (2022-) (Q1=kg, Q2=none)",CO,\bof cotton\b|\bcotton\b
58021100_1988,"Terry towelling and similar woven terry fabrics, of cotton, unbleached (excl. narrow woven fabrics of heading 5806, carpets and other floor coverings) (1988-2021) (Q1=kg, Q2=none)",CO,\bof cotton\b|\bcotton\b
58021900_1988,"Terry towelling and similar woven terry fabrics, of cotton (excl. unbleached, narrow woven fabrics of heading 5806, carpets and other floor coverings) (1988-2021) (Q1=kg, Q2=none)",CO,\bof cotton\b|\bcotton\b
58022000_1988,"Terry towelling and similar woven terry fabrics (excl. those of cotton, narrow woven fabrics of heading 5806, carpets and other floor coverings) (1988-) (Q1=kg, Q2=none)",UNK,
58023000_1988,"Tufted textile fabrics (excl. carpets and other floor coverings) (1988-) (Q1=kg, Q2=none)",UNK,
58030000_2007,"Gauze (excl. narrow woven fabrics of heading 5806) (2007-) (Q1=kg, Q2=none)",UNK,
58031000_1988,"Cotton gauze (excl. narrow woven fabrics of heading 5806) (1988-2006) (Q1=kg, Q2=none)",CO,\bof cotton\b|\bcotton\b
58039000_1988,"Gauze (excl. that of cotton and narrow woven fabrics of heading 5806) (1988-2006) (Q1=kg, Q2=none)",UNK,
58041000_1988,"Tulles and other net fabrics (excl. woven, knitted or crocheted fabrics) (1988-) (Q1=kg, Q2=none)",UNK,
58042100_1988,"Mechanically made lace of man-made fibres in the piece, in strips or in motifs (excl. fabrics of heading 6002 to 6006) (1988-) (Q1=kg, Q2=none)",MMF,man-made
58042900_1988,"Mechanically made lace in the piece, in strips or in motifs (excl. that of man-made fibres and fabrics of heading 6002 to 6006) (1988-) (Q1=kg, Q2=none)",UNK,
58043000_1988,"Handmade lace in the piece, in strips or in motifs (excl. fabrics of heading 6002 to 6006) (1988-) (Q1=kg, Q2=none)",UNK,
58050000_1988,"Hand-woven tapestries of the type Gobelin, Flanders, Aubusson, Beauvais and the like, and needle-worked tapestries, e.g. petit point, cross-stitch, wh (1988-) (Q1=kg, Q2=none)",UNK,
58061000_1988,"Narrow woven pile fabrics, incl. terry towelling and similar terry fabrics, and chenille fabrics, with a width of <= 30 cm (excl. labels, badges and s (1988-) (Q1=kg, Q2=none)",UNK,
58062000_1988,"Narrow woven fabrics of textile materials, containing >= 5% elastomeric yarn or rubber thread by weight, with a width of <= 30 cm (excl. woven pile fa (1988-) (Q1=kg, Q2=none)",SYN,synthetic|polyamide|nylon|polyester|polypropylene|polyethylene|acrylic|elastomeric
58063100_1988,"Narrow woven fabrics of cotton, with a width of <= 30 cm, n.e.s. (1988-) (Q1=kg, Q2=none)",CO,\bof cotton\b|\bcotton\b
58063200_1988,"Narrow woven fabrics of man-made fibres, with a width of <= 30 cm, n.e.s. (1988-) (Q1=kg, Q2=none)",MMF,man-made
58063900_2016,"Narrow woven fabrics of textile materials other than cotton or man-made fibres, with a width of <= 30 cm, n.e.s. (2016-) (Q1=kg, Q2=none)",CO,\bof cotton\b|\bcotton\b
58063910_1988,"Subgroup of: 580639 Narrow woven fabrics of textile materials other than cotton or man-made fibres, with a width of <= 30 cm, n.e.s. (1988-2015) (Q1=kg, Q2=none)",CO,\bof cotton\b|\bcotton\b
58063990_1988,"Subgroup of: 580639 Narrow woven fabrics of textile materials other than cotton or man-made fibres, with a width of <= 30 cm, n.e.s. (1988-2015) (Q1=kg, Q2=none)",CO,\bof cotton\b|\bcotton\b
58064000_1988,"Narrow fabrics consisting of warp without weft assembled by means of an adhesive bolducs, with a width of <= 30 cm (1988-) (Q1=kg, Q2=none)",UNK,
58071001_1988,"Subgroup of: 580710 Labels, badges and similar articles, of textile materials, in the piece, in strips or cut to shape or size, woven, not embroidered (1988-) (Q1=kg, Q2=none)",RES,of (other )?textile materials
58071009_1988,"Subgroup of: 580710 Labels, badges and similar articles, of textile materials, in the piece, in strips or cut to shape or size, woven, not embroidered (1988-) (Q1=kg, Q2=none)",RES,of (other )?textile materials
58079000_1988,"Labels, badges and similar articles, of textile materials, in the piece, in strips or cut to shape or size, not embroidered (excl. woven) (1988-) (Q1=kg, Q2=none)",RES,of (other )?textile materials
58081000_1988,"Braids in the piece (1988-) (Q1=kg, Q2=none)",UNK,
58089000_1988,"Ornamental trimmings of textile materials, in the piece, not embroidered, other than knitted or crocheted; tassels, pompons and similar articles of te (1988-) (Q1=kg, Q2=none)",RES,of (other )?textile materials
58090000_1988,"Woven fabrics of metal thread and woven fabrics of metallised yarn of heading 5605, of a kind used in apparel, as furnishing fabrics or for similar pu (1988-) (Q1=kg, Q2=none)",UNK,
58101000_1988,"Embroidery on a textile fabric ground without visible ground, in the piece, in strips or in motifs (1988-) (Q1=kg, Q2=none)",UNK,
58109100_1988,"Embroidery of cotton on a textile fabric ground, in the piece, in strips or in motifs (excl. embroidery without visible ground) (1988-) (Q1=kg, Q2=none)",CO,\bof cotton\b|\bcotton\b
58109200_1988,"Embroidery of man-made fibres on a textile fabric base, in the piece, in strips or in motifs (excl. embroidery without visible ground) (1988-) (Q1=kg, Q2=none)",MMF,man-made
58109900_1988,"Embroidery of materials other than cotton or man-made fibres, on a textile fabric base, in the piece, in strips or in motifs (excl. embroidery without (1988-) (Q1=kg, Q2=none)",CO,\bof cotton\b|\bcotton\b
58110000_1988,"Quilted textile products in the piece, composed of one or more layers of textile materials assembled with padding by stitching or otherwise (excl. emb (1988-) (Q1=kg, Q2=none)",RES,of (other )?textile materials
59011000_1988,"Textile fabrics coated with gum or amylaceous substances, of a kind used for the outer covers of books, the manufacture of boxes and articles of cardb (1988-) (Q1=kg, Q2=none)",UNK,
59019000_2016,"Tracing cloth; prepared painting canvas; buckram and similar stiffened textile fabrics of a kind used for hat foundations (excl. plastic-coa (2016-) (Q1=kg, Q2=none)",UNK,
59019010_1988,"Subgroup of: 590190 Tracing cloth; prepared painting canvas; buckram and similar stiffened textile fabrics of a kind used for hat foundations (excl. plastic-coa (1988-2015) (Q1=kg, Q2=none)",UNK,
59019090_1988,"Subgroup of: 590190 Tracing cloth; prepared painting canvas; buckram and similar stiffened textile fabrics of a kind used for hat foundations (excl. plastic-coa (1988-2015) (Q1=kg, Q2=none)",UNK,
59021000_1988,"Tyre cord fabric of high-tenacity yarn of nylon or other polyamides, whether or not dipped or impregnated with rubber or plastic (1988-) (Q1=kg, Q2=none)",SYN,synthetic|polyamide|nylon|polyester|polypropylene|polyethylene|acrylic|elastomeric
59022000_1988,"Tyre cord fabric of high-tenacity polyester yarn, whether or not dipped or impregnated with rubber or plastic (1988-) (Q1=kg, Q2=none)",SYN,synthetic|polyamide|nylon|polyester|polypropylene|polyethylene|acrylic|elastomeric
59029000_1988,"Tyre cord fabric of high-tenacity viscose rayon yarn, whether or not dipped in rubber or plastic (1988-) (Q1=kg, Q2=none)",ART,artificial|viscose|cellulose acetate
59031010_1988,"Subgroup of: 590310 Textile fabrics impregnated, coated, covered or laminated with polyvinyl chloride (excl. wallcoverings of textile materials impregnated or (1988-) (Q1=kg, Q2=none)",UNK,
59031091_1988,"Subgroup of: 590310 Textile fabrics impregnated, coated, covered or laminated with polyvinyl chloride (excl. wallcoverings of textile materials impregnated or (1988-) (Q1=kg, Q2=none)",UNK,
59031092_1988,"Subgroup of: 590310 Textile fabrics impregnated, coated, covered or laminated with polyvinyl chloride (excl. wallcoverings of textile materials impregnated or (1988-) (Q1=kg, Q2=none)",UNK,
59031099_1988,"Subgroup of: 590310 Textile fabrics impregnated, coated, covered or laminated with polyvinyl chloride (excl. wallcoverings of textile materials impregnated or (1988-) (Q1=kg, Q2=none)",UNK,
59032010_1988,"Subgroup of: 590320 Textile fabrics impregnated, coated, covered or laminated with polyurethane (excl. wallcoverings of textile materials impregnated or covered (1988-) (Q1=kg, Q2=none)",UNK,
59032090_1988,"Subgroup of: 590320 Textile fabrics impregnated, coated, covered or laminated with polyurethane (excl. wallcoverings of textile materials impregnated or covered (1988-) (Q1=kg, Q2=none)",UNK,
59039010_1988,"Subgroup of: 590390 Textile fabrics impregnated, coated, covered or laminated with plastics other than polyvinyl chloride or polyurethane (excl. tyre cord fab (1988-) (Q1=kg, Q2=none)",UNK,
59039090_1988,"Subgroup of: 590390 Textile fabrics impregnated, coated, covered or laminated with plastics other than polyvinyl chloride or polyurethane (excl. tyre cord fab (1988-) (Q1=kg, Q2=none)",UNK,
59041000_1988,"Linoleum, whether or not cut to shape (1988-2000) (Q1=kg, Q2=none)",UNK,
59041000_2001,"Linoleum, whether or not cut to shape (2001-) (Q1=kg, Q2=m²)",UNK,
59049000_2002,"Floor coverings consisting of a coating or covering applied on a textile backing, whether or not cut to shape (excl. linoleum) (2002-) (Q1=kg, Q2=m²)",UNK,
59049100_1988,"Floor coverings consisting of a backing of needleloom felt or nonwovens and a top layer or covering, whether or not cut to size (1988-2000) (Q1=kg, Q2=none)",UNK,
59049100_2001,"Floor coverings consisting of a backing of needleloom felt or nonwovens and a top layer or covering, whether or not cut to size (2001-2001) (Q1=kg, Q2=m²)",UNK,
59049200_1988,"Floor coverings consisting of a textile backing and a top layer or covering (excl. those with a backing of needleloom felt or nonwovens, and linoleum) (1988-2000) (Q1=kg, Q2=none)",UNK,
59049200_2001,"Floor coverings consisting of a textile backing and a top layer or covering (excl. those with a backing of needleloom felt or nonwovens, and linoleum) (2001-2001) (Q1=kg, Q2=m²)",UNK,
59050000_1988,"Wall coverings of textile materials (1988-2000) (Q1=kg, Q2=none)",RES,of (other )?textile materials
59050000_2001,"Textile wallcoverings (2001-) (Q1=kg, Q2=m²)",UNK,
59061000_1988,"Adhesive tape of rubberised textile fabrics, of a width of <= 20 cm (excl. that impregnated or coated with pharmaceutical substances or put up for ret (1988-) (Q1=kg, Q2=none)",UNK,
59069100_1988,"Knitted or crocheted textile fabrics, rubberised, n.e.s. (1988-) (Q1=kg, Q2=none)",UNK,
59069900_1988,"Rubberised textile fabrics (excl. knitted or crocheted textile fabrics, adhesive tape of a width of <= 20 cm, and tyre cord fabric of high-tenacity ya (1988-) (Q1=kg, Q2=none)",UNK,
59070010_1988,"Subgroup of: 590700 Impregnated, coated or covered textile fabrics; painted canvas being theatrical scenery, studio backcloths or the like, n.e.s. (1988-) (Q1=kg, Q2=none)",UNK,
59070090_1988,"Subgroup of: 590700 Impregnated, coated or covered textile fabrics; painted canvas for use as theatrical scenery, studio backcloths and the like, n.e.s. (1988-1997) (Q1=kg, Q2=none)",UNK,
59070091_1998,"Subgroup of: 590700 Impregnated, coated or covered textile fabrics; painted canvas being theatrical scenery, studio backcloths or the like, n.e.s. (1998-) (Q1=kg, Q2=none)",UNK,
59070099_1998,"Subgroup of: 590700 Impregnated, coated or covered textile fabrics; painted canvas being theatrical scenery, studio backcloths or the like, n.e.s. (1998-) (Q1=kg, Q2=none)",UNK,
59080000_1988,"Textile wicks, woven, plaited or knitted, for lamps, stoves, lighters, candles or the like; incandescent gas mantles and tubular knitted gas-mantle fa (1988-) (Q1=kg, Q2=none)",UNK,
59090000_1988,"Textile hosepiping and similar textile tubing, whether or not impregnated or coated, with or without lining, armour or accessories of other materials (1988-) (Q1=kg, Q2=none)",UNK,
59100010_1988,"Subgroup of: 591000 Transmission or conveyor belts or belting, of textile material, whether or not impregnated, coated, covered or laminated with plastics, or r (1988-) (Q1=kg, Q2=none)",UNK,
59100020_1988,"Subgroup of: 591000 Transmission or conveyor belts or belting, of textile material, whether or not impregnated, coated, covered or laminated with plastics, or r (1988-) (Q1=kg, Q2=none)",UNK,
59111000_1988,"Woven fabrics, felt and felt-lined woven fabrics, coated or covered with rubber or other materials, or laminated with rubber, leather or other materials, of a k (1988-1995) (Q1=kg, Q2=none)",UNK,
59111000_1996,"Textile fabrics, felt and felt-lined woven fabrics, coated, covered or laminated with rubber, leather or other material, of a kind used for card cloth (1996-) (Q1=kg, Q2=none)",UNK,
59112000_1988,"Bolting cloth, whether or not made up (1988-) (Q1=kg, Q2=none)",UNK,
59113100_1988,"Textile fabrics and felts, endless or fitted with linking devices, of a kind used in papermaking or similar machines, e.g. for paper pulp or asbestos- (1988-) (Q1=kg, Q2=none)",UNK,
59113200_1988,"Textile fabrics and felts, endless or fitted with linking devices, of a kind used in papermaking or similar machines, e.g. for paper pulp or asbestos- (1988-) (Q1=kg, Q2=none)",UNK,
59114000_1988,"Straining cloth of a kind used in oil-presses or for similar technical purposes, incl. that of human hair (1988-) (Q1=kg, Q2=none)",UNK,
59119001_1988,"Subgroup of: 591190 Textile products and articles, for technical purposes, specified in Note 7 to chapter 59, n.e.s. (1988-) (Q1=kg, Q2=none)",UNK,
59119002_1988,"Subgroup of: 591190 Textile products and articles, for technical purposes, specified in Note 7 to chapter 59, n.e.s. (1988-) (Q1=kg, Q2=none)",UNK,
59119009_1988,"Subgroup of: 591190 Textile products and articles, for technical purposes, specified in Note 7 to chapter 59, n.e.s. (1988-) (Q1=kg, Q2=none)",UNK,
60011000_1988,"Long pile fabrics, knitted or crocheted (1988-) (Q1=kg, Q2=none)",UNK,
60012100_1988,"Looped pile fabrics of cotton, knitted or crocheted (1988-) (Q1=kg, Q2=none)",CO,\bof cotton\b|\bcotton\b
60012200_2016,"Looped pile fabrics of man-made fibres, knitted or crocheted (2016-) (Q1=kg, Q2=none)",MMF,man-made
60012210_1988,"Subgroup of: 600122 Looped pile fabrics of man-made fibres, knitted or crocheted (1988-2015) (Q1=kg, Q2=none)",MMF,man-made
60012290_1988,"Subgroup of: 600122 Looped pile fabrics of man-made fibres, knitted or crocheted (1988-2015) (Q1=kg, Q2=none)",MMF,man-made
60012900_1988,"Looped pile fabrics, knitted or crocheted (excl. of cotton or man-made fibres) (1988-) (Q1=kg, Q2=none)",UNK,
60019100_1988,"Pile fabrics of cotton, knitted or crocheted (excl. long pile fabrics) (1988-) (Q1=kg, Q2=none)",CO,\bof cotton\b|\bcotton\b
60019200_1988,"Pile fabrics of man-made fibres, knitted or crocheted (excl. long pile fabrics) (1988-) (Q1=kg, Q2=none)",MMF,man-made
60019900_1988,"Pile fabrics, knitted or crocheted (excl. cotton or man-made fibres and long pile fabrics) (1988-) (Q1=kg, Q2=none)",UNK,
60021000_1998,"Fabrics, knitted or crocheted, of a width of =< 30 cm, containing >= 5 % by weight elastomeric yarn or rubber thread (1998-2001) (Q1=kg, Q2=none)",SYN,synthetic|polyamide|nylon|polyester|polypropylene|polyethylene|acrylic|elastomeric
60021010_1988,"Subgroup of: 600210 Fabrics, knitted or crocheted, of a width of =< 30 cm, containing >= 5 % by weight elastomeric yarn or rubber thread (1988-1997) (Q1=kg, Q2=none)",SYN,synthetic|polyamide|nylon|polyester|polypropylene|polyethylene|acrylic|elastomeric
60021020_1988,"Subgroup of: 600210 Fabrics, knitted or crocheted, of a width of =< 30 cm, containing >= 5 % by weight elastomeric yarn or rubber thread (1988-1997) (Q1=kg, Q2=none)",SYN,synthetic|polyamide|nylon|polyester|polypropylene|polyethylene|acrylic|elastomeric
60021090_1988,"Subgroup of: 600210 Fabrics, knitted or crocheted, of a width of =< 30 cm, containing >= 5 % by weight elastomeric yarn or rubber thread (1988-1997) (Q1=kg, Q2=none)",SYN,synthetic|polyamide|nylon|polyester|polypropylene|polyethylene|acrylic|elastomeric
60022010_1988,"Subgroup of: 600220 Knitted or crocheted fabrics, of a width of =< 30 cm (excl. those containing >= 5 % by weight elastomeric yarn or rubber thread) (1988-2001) (Q1=kg, Q2=none)",UNK,
60022090_1988,"Subgroup of: 600220 Knitted or crocheted fabrics, of a width of =< 30 cm (excl. those containing >= 5 % by weight elastomeric yarn or rubber thread) (1988-2001) (Q1=kg, Q2=none)",UNK,
60023000_1998,"Knitted or crocheted fabrics, of a width of > 30 cm, containing >= 5 % by weight elastomeric yarn or rubber thread (1998-2001) (Q1=kg, Q2=none)",SYN,synthetic|polyamide|nylon|polyester|polypropylene|polyethylene|acrylic|elastomeric
60023010_1988,"Subgroup of: 600230 Knitted or crocheted fabrics, of a width of > 30 cm, containing >= 5 % by weight elastomeric yarn or rubber thread (1988-1997) (Q1=kg, Q2=none)",SYN,synthetic|polyamide|nylon|polyester|polypropylene|polyethylene|acrylic|elastomeric
60023020_1988,"Subgroup of: 600230 Knitted or crocheted fabrics, of a width of > 30 cm, containing >= 5 % by weight elastomeric yarn or rubber thread (1988-1997) (Q1=kg, Q2=none)",SYN,synthetic|polyamide|nylon|polyester|polypropylene|polyethylene|acrylic|elastomeric
60023090_1988,"Subgroup of: 600230 Knitted or crocheted fabrics, of a width of > 30 cm, containing >= 5 % by weight elastomeric yarn or rubber thread (1988-1997) (Q1=kg, Q2=none)",SYN,synthetic|polyamide|nylon|polyester|polypropylene|polyethylene|acrylic|elastomeric
60024000_2002,"Knitted or crocheted fabrics, of a width of <= 30 cm, containing >= 5% by weight elastomeric yarn (excl. containing rubber thread, pile fabrics, incl. 'long pil (2002-2006) (Q1=kg, Q2=none)",SYN,synthetic|polyamide|nylon|polyester|polypropylene|polyethylene|acrylic|elastomeric
60024000_2007,"Knitted or crocheted fabrics, of a width of <= 30 cm, containing >= 5% by weight elastomeric yarn (excl. containing rubber thread, pile fabrics, incl. (2007-) (Q1=kg, Q2=none)",SYN,synthetic|polyamide|nylon|polyester|polypropylene|polyethylene|acrylic|elastomeric
60024100_1988,"Fabrics, knitted or crocheted, warp knit, of wool or fine animal hair, of a width of > 30 cm (excl. those containing >= 5 % by weight elastomeric yarn or rubber (1988-2001) (Q1=kg, Q2=none)",WO,\bof wool\b|fine animal hair|kashmir|cashmere|\bwool\b
60024200_1988,"Fabrics, knitted or crocheted, warp knit, of cotton, of a width of > 30 cm (excl. those containing >= 5 % by weight elastomeric yarn or rubber thread) (1988-2001) (Q1=kg, Q2=none)",CO,\bof cotton\b|\bcotton\b
60024310_1988,"Subgroup of: 600243 Fabrics, knitted or crocheted, warp knit, of man-made fibres, of a width of > 30 cm (excl. those containing >= 5 % by weight elastomeric ya (1988-2001) (Q1=kg, Q2=none)",MMF,man-made
60024390_1988,"Subgroup of: 600243 Fabrics, knitted or crocheted, warp knit, of man-made fibres, of a width of > 30 cm (excl. those containing >= 5 % by weight elastomeric ya (1988-2001) (Q1=kg, Q2=none)",MMF,man-made
60024900_1988,"Fabrics, knitted or crocheted, warp knit, of a width of > 30 cm (excl. of cotton, artificial fibres, wool or fine animal hair and those containing >= 5 % by wei (1988-2001) (Q1=kg, Q2=none)",UNK,
60029000_2002,"Knitted or crocheted fabrics, of a width of <= 30 cm, containing >= 5% by weight elastomeric yarn and rubber thread or rubber thread only (excl. pile fabrics, i (2002-2006) (Q1=kg, Q2=none)",SYN,synthetic|polyamide|nylon|polyester|polypropylene|polyethylene|acrylic|elastomeric
60029000_2007,"Knitted or crocheted fabrics, of a width of <= 30 cm, containing >= 5% by weight elastomeric yarn and rubber thread or rubber thread only (excl. pile (2007-) (Q1=kg, Q2=none)",SYN,synthetic|polyamide|nylon|polyester|polypropylene|polyethylene|acrylic|elastomeric
60029100_1988,"Fabrics, knitted or crocheted, of a width of > 30 cm, of wool or fine animal hair (excl. warp knit, and those containing >= 5 % by weight elastomeric yarn or ru (1988-2001) (Q1=kg, Q2=none)",WO,\bof wool\b|fine animal hair|kashmir|cashmere|\bwool\b
60029200_1988,"Fabrics, knitted or crocheted, of a width of > 30 cm, of cotton (excl. warp knit, and those containing >= 5 % by weight elastomeric yarn or rubber thread) (1988-2001) (Q1=kg, Q2=none)",CO,\bof cotton\b|\bcotton\b
60029310_1988,"Subgroup of: 600293 Fabrics, knitted or crocheted, of a width of > 30 cm, of man-made fibres (excl. warp knit, and those containing >= 5 % by weight elastomeri (1988-2001) (Q1=kg, Q2=none)",MMF,man-made
60029390_1988,"Subgroup of: 600293 Fabrics, knitted or crocheted, of a width of > 30 cm, of man-made fibres (excl. warp knit, and those containing >= 5 % by weight elastomeri (1988-2001) (Q1=kg, Q2=none)",MMF,man-made
60029900_1988,"Fabrics, knitted or crocheted, of a width of > 30 cm (excl. of artificial fibres, cotton, wool or fine animal hair, warp knit, and those containing >= 5 % by we (1988-2001) (Q1=kg, Q2=none)",UNK,
60031000_2002,"Knitted or crocheted fabrics of wool or fine animal hair, of a width of <= 30 cm (excl. those containing by weight >= 5% of elastomeric yarn or rubber thread, (2002-2006) (Q1=kg, Q2=none)",WO,\bof wool\b|fine animal hair|kashmir|cashmere|\bwool\b
60031000_2007,"Knitted or crocheted fabrics of wool or fine animal hair, of a width of <= 30 cm (excl. those containing by weight >= 5% of elastomeric yarn or rubbe (2007-) (Q1=kg, Q2=none)",WO,\bof wool\b|fine animal hair|kashmir|cashmere|\bwool\b
60032000_2002,"Knitted or crocheted fabrics of cotton, of a width of <= 30 cm (excl. those containing by weight >= 5% of elastomeric yarn or rubber thread, and pile fabrics, (2002-2006) (Q1=kg, Q2=none)",CO,\bof cotton\b|\bcotton\b
60032000_2007,"Knitted or crocheted fabrics of cotton, of a width of <= 30 cm (excl. those containing by weight >= 5% of elastomeric yarn or rubber thread, and pile (2007-) (Q1=kg, Q2=none)",CO,\bof cotton\b|\bcotton\b
60033000_2016,"Knitted or crocheted fabrics of synthetic fibres, of a width of <= 30 cm (excl. those containing by weight >= 5% of elastomeric yarn or rub (2016-) (Q1=kg, Q2=none)",SYN,synthetic|polyamide|nylon|polyester|polypropylene|polyethylene|acrylic|elastomeric
60033010_2002,"Subgroup of: 600330 Knitted or crocheted fabrics of synthetic fibres, of a width of <= 30 cm (excl. those containing by weight >= 5% of elastomeric yarn or rub (2002-2015) (Q1=kg, Q2=none)",SYN,synthetic|polyamide|nylon|polyester|polypropylene|polyethylene|acrylic|elastomeric
60033020_2002,"Subgroup of: 600330 Knitted or crocheted fabrics of synthetic fibres, of a width of <= 30 cm (excl. those containing by weight >= 5% of elastomeric yarn or rub (2002-2015) (Q1=kg, Q2=none)",SYN,synthetic|polyamide|nylon|polyester|polypropylene|polyethylene|acrylic|elastomeric
60034000_2016,"Knitted or crocheted fabrics of artificial fibres, of a width of <= 30 cm (excl. those containing by weight >= 5% of elastomeric yarn or ru (2016-) (Q1=kg, Q2=none)",ART,artificial|viscose|cellulose acetate
60034010_2002,"Subgroup of: 600340 Knitted or crocheted fabrics of artificial fibres, of a width of <= 30 cm (excl. those containing by weight >= 5% of elastomeric yarn or r (2002-2006) (Q1=kg, Q2=none)",ART,artificial|viscose|cellulose acetate
60034010_2007,"Subgroup of: 600340 Knitted or crocheted fabrics of artificial fibres, of a width of <= 30 cm (excl. those containing by weight >= 5% of elastomeric yarn or ru (2007-2015) (Q1=kg, Q2=none)",ART,artificial|viscose|cellulose acetate
60034020_2002,"Subgroup of: 600340 Knitted or crocheted fabrics of artificial fibres, of a width of <= 30 cm (excl. those containing by weight >= 5% of elastomeric yarn or r (2002-2006) (Q1=kg, Q2=none)",ART,artificial|viscose|cellulose acetate
60034020_2007,"Subgroup of: 600340 Knitted or crocheted fabrics of artificial fibres, of a width of <= 30 cm (excl. those containing by weight >= 5% of elastomeric yarn or ru (2007-2015) (Q1=kg, Q2=none)",ART,artificial|viscose|cellulose acetate
60039000_2002,"Knitted or crocheted fabrics of a width of <= 30 cm (excl. of cotton, artificial fibres, wool or fine animal hair, those containing by weight >= 5% of elastomer (2002-2006) (Q1=kg, Q2=none)",UNK,
60039000_2007,"Knitted or crocheted fabrics of a width of <= 30 cm (excl. of cotton, man-made fibres, wool or fine animal hair, those containing by weight >= 5% of e (2007-) (Q1=kg, Q2=none)",UNK,
60041000_2002,"Knitted or crocheted fabrics, of a width of > 30 cm, containing >= 5% by weight elastomeric yarn (excl. containing rubber thread, pile fabrics, incl. (2002-) (Q1=kg, Q2=none)",SYN,synthetic|polyamide|nylon|polyester|polypropylene|polyethylene|acrylic|elastomeric
60049000_2002,"Knitted or crocheted fabrics, of a width of > 30 cm, containing >= 5% by weight elastomeric yarn and rubber thread or rubber thread only (excl. pile f (2002-) (Q1=kg, Q2=none)",SYN,synthetic|polyamide|nylon|polyester|polypropylene|polyethylene|acrylic|elastomeric
60051000_2002,"Warp knit fabrics 'incl. those made on galloon knitting machines', of a width of > 30 cm, of wool or fine animal hair (excl. those containing by weight >= 5% o (2002-2006) (Q1=kg, Q2=none)",WO,\bof wool\b|fine animal hair|kashmir|cashmere|\bwool\b
60052100_2002,"Unbleached or bleached cotton warp knit fabrics incl. those made on galloon knitting machines, of a width of > 30 cm (excl. those containing by wei (2002-) (Q1=kg, Q2=none)",CO,\bof cotton\b|\bcotton\b
60052200_2002,"Dyed cotton warp knit fabrics incl. those made on galloon knitting machines, of a width of > 30 cm (excl. those containing by weight >= 5% of elast (2002-) (Q1=kg, Q2=none)",CO,\bof cotton\b|\bcotton\b
60052300_2002,"Cotton warp knit fabrics of yarns of different colours incl. those made on galloon knitting machines, of a width of > 30 cm (excl. those containing (2002-) (Q1=kg, Q2=none)",CO,\bof cotton\b|\bcotton\b
60052400_2002,"Printed cotton warp knit fabrics incl. those made on galloon knitting machines, of a width of > 30 cm (excl. those containing by weight >= 5% of el (2002-) (Q1=kg, Q2=none)",CO,\bof cotton\b|\bcotton\b
60053100_2016,"Unbleached or bleached warp knit fabrics of synthetic fibres incl. those made on galloon knitting machines, of a width of > 30 cm (excl. (2016-2016) (Q1=kg, Q2=none)",SYN,synthetic|polyamide|nylon|polyester|polypropylene|polyethylene|acrylic|elastomeric
60053110_2002,"Subgroup of: 600531 Unbleached or bleached warp knit fabrics of synthetic fibres incl. those made on galloon knitting machines, of a width of > 30 cm (excl. (2002-2015) (Q1=kg, Q2=none)",SYN,synthetic|polyamide|nylon|polyester|polypropylene|polyethylene|acrylic|elastomeric
60053120_2002,"Subgroup of: 600531 Unbleached or bleached warp knit fabrics of synthetic fibres incl. those made on galloon knitting machines, of a width of > 30 cm (excl. (2002-2015) (Q1=kg, Q2=none)",SYN,synthetic|polyamide|nylon|polyester|polypropylene|polyethylene|acrylic|elastomeric
60053200_2016,"Dyed warp knit fabrics of synthetic fibres incl. those made on galloon knitting machines, of a width of > 30 cm (excl. those containing b (2016-2016) (Q1=kg, Q2=none)",SYN,synthetic|polyamide|nylon|polyester|polypropylene|polyethylene|acrylic|elastomeric
60053210_2002,"Subgroup of: 600532 Dyed warp knit fabrics of synthetic fibres incl. those made on galloon knitting machines, of a width of > 30 cm (excl. those containing b (2002-2015) (Q1=kg, Q2=none)",SYN,synthetic|polyamide|nylon|polyester|polypropylene|polyethylene|acrylic|elastomeric
60053220_2002,"Subgroup of: 600532 Dyed warp knit fabrics of synthetic fibres incl. those made on galloon knitting machines, of a width of > 30 cm (excl. those containing b (2002-2015) (Q1=kg, Q2=none)",SYN,synthetic|polyamide|nylon|polyester|polypropylene|polyethylene|acrylic|elastomeric
60053300_2016,"Warp knit fabrics of synthetic fibres, of yarns of different colours incl. those made on galloon knitting machines, of a width of > 30 cm (2016-2016) (Q1=kg, Q2=none)",SYN,synthetic|polyamide|nylon|polyester|polypropylene|polyethylene|acrylic|elastomeric
60053310_2002,"Subgroup of: 600533 Warp knit fabrics of synthetic fibres, of yarns of different colours incl. those made on galloon knitting machines, of a width of > 30 cm (2002-2015) (Q1=kg, Q2=none)",SYN,synthetic|polyamide|nylon|polyester|polypropylene|polyethylene|acrylic|elastomeric
60053320_2002,"Subgroup of: 600533 Warp knit fabrics of synthetic fibres, of yarns of different colours incl. those made on galloon knitting machines, of a width of > 30 cm (2002-2015) (Q1=kg, Q2=none)",SYN,synthetic|polyamide|nylon|polyester|polypropylene|polyethylene|acrylic|elastomeric
60053400_2016,"Printed warp knit fabrics of synthetic fibres incl. those made on galloon knitting machines, of a width of > 30 cm (excl. those containin (2016-2016) (Q1=kg, Q2=none)",SYN,synthetic|polyamide|nylon|polyester|polypropylene|polyethylene|acrylic|elastomeric
60053410_2002,"Subgroup of: 600534 Printed warp knit fabrics of synthetic fibres incl. those made on galloon knitting machines, of a width of > 30 cm (excl. those containin (2002-2015) (Q1=kg, Q2=none)",SYN,synthetic|polyamide|nylon|polyester|polypropylene|polyethylene|acrylic|elastomeric
60053420_2002,"Subgroup of: 600534 Printed warp knit fabrics of synthetic fibres incl. those made on galloon knitting machines, of a width of > 30 cm (excl. those containin (2002-2015) (Q1=kg, Q2=none)",SYN,synthetic|polyamide|nylon|polyester|polypropylene|polyethylene|acrylic|elastomeric
60053500_2017,"Warp knit fabrics of synthetic fibres, antimalarial, of a width of > 30 cm (2017-) (Q1=kg, Q2=none)",SYN,synthetic|polyamide|nylon|polyester|polypropylene|polyethylene|acrylic|elastomeric
60053600_2017,"Unbleached or bleached warp knit fabrics of synthetic fibres incl. those made on galloon knitting machines, of a width of > 30 cm (excl. those containing by weight >= 5% of elastomeric yarn or rubber thread, and pile fabrics, incl. long pile, l (2017-) (Q1=kg, Q2=none)",SYN,synthetic|polyamide|nylon|polyester|polypropylene|polyethylene|acrylic|elastomeric
60053700_2017,"Dyed warp knit fabrics of synthetic fibres incl. those made on galloon knitting machines, of a width of > 30 cm (excl. those containing by weight >= 5% of elastomeric yarn or rubber thread, and pile fabrics, incl. long pile, looped pile fabrics (2017-) (Q1=kg, Q2=none)",SYN,synthetic|polyamide|nylon|polyester|polypropylene|polyethylene|acrylic|elastomeric
60053800_2017,"Warp knit fabrics of synthetic fibres, of yarns of different colours incl. those made on galloon knitting machines, of a width of > 30 cm (excl. those containing by weight >= 5% of elastomeric yarn or rubber thread, and pile fabrics, incl. long pi (2017-) (Q1=kg, Q2=none)",SYN,synthetic|polyamide|nylon|polyester|polypropylene|polyethylene|acrylic|elastomeric
60053900_2017,"Printed warp knit fabrics of synthetic fibres incl. those made on galloon knitting machines, of a width of > 30 cm (excl. those containing by weight >= 5% of elastomeric yarn or rubber thread, and pile fabrics, incl. long pile, looped pile fabric (2017-) (Q1=kg, Q2=none)",SYN,synthetic|polyamide|nylon|polyester|polypropylene|polyethylene|acrylic|elastomeric
60054100_2016,"Unbleached or bleached warp knit fabrics of artificial fibres incl. those made on galloon knitting machines, of a width of > 30 cm (excl. (2016-) (Q1=kg, Q2=none)",ART,artificial|viscose|cellulose acetate
60054110_2002,"Subgroup of: 600541 Unbleached or bleached warp knit fabrics of artificial fibres incl. those made on galloon knitting machines, of a width of > 30 cm (excl. (2002-2015) (Q1=kg, Q2=none)",ART,artificial|viscose|cellulose acetate
60054120_2002,"Subgroup of: 600541 Unbleached or bleached warp knit fabrics of artificial fibres incl. those made on galloon knitting machines, of a width of > 30 cm (excl. (2002-2015) (Q1=kg, Q2=none)",ART,artificial|viscose|cellulose acetate
60054200_2016,"Dyed warp knit fabrics of artificial fibres incl. those made on galloon knitting machines, of a width of > 30 cm (excl. those containing (2016-) (Q1=kg, Q2=none)",ART,artificial|viscose|cellulose acetate
60054210_2002,"Subgroup of: 600542 Dyed warp knit fabrics of artificial fibres incl. those made on galloon knitting machines, of a width of > 30 cm (excl. those containing (2002-2015) (Q1=kg, Q2=none)",ART,artificial|viscose|cellulose acetate
60054220_2002,"Subgroup of: 600542 Dyed warp knit fabrics of artificial fibres incl. those made on galloon knitting machines, of a width of > 30 cm (excl. those containing (2002-2015) (Q1=kg, Q2=none)",ART,artificial|viscose|cellulose acetate
60054300_2016,"Warp knit fabrics of artificial fibres, of yarns of different colours incl. those made on galloon knitting machines, of a width of > 30 cm (2016-) (Q1=kg, Q2=none)",ART,artificial|viscose|cellulose acetate
60054310_2002,"Subgroup of: 600543 Warp knit fabrics of artificial fibres, of yarns of different colours incl. those made on galloon knitting machines, of a width of > 30 cm (2002-2015) (Q1=kg, Q2=none)",ART,artificial|viscose|cellulose acetate
60054320_2002,"Subgroup of: 600543 Warp knit fabrics of artificial fibres, of yarns of different colours incl. those made on galloon knitting machines, of a width of > 30 cm (2002-2015) (Q1=kg, Q2=none)",ART,artificial|viscose|cellulose acetate
60054400_2016,"Printed warp knit fabrics of artificial fibres incl. those made on galloon knitting machines, of a width of > 30 cm (excl. those containi (2016-) (Q1=kg, Q2=none)",ART,artificial|viscose|cellulose acetate
60054410_2002,"Subgroup of: 600544 Printed warp knit fabrics of artificial fibres incl. those made on galloon knitting machines, of a width of > 30 cm (excl. those containi (2002-2015) (Q1=kg, Q2=none)",ART,artificial|viscose|cellulose acetate
60054420_2002,"Subgroup of: 600544 Printed warp knit fabrics of artificial fibres incl. those made on galloon knitting machines, of a width of > 30 cm (excl. those containi (2002-2015) (Q1=kg, Q2=none)",ART,artificial|viscose|cellulose acetate
60059000_2002,"Warp knit fabrics 'incl. those made on galloon knitting machines', of a width of > 30 cm (excl. of cotton, artificial fibres, wool or fine animal hair, those co (2002-2006) (Q1=kg, Q2=none)",UNK,
60059000_2007,"Warp knit fabrics incl. those made on galloon knitting machines, of a width of > 30 cm (excl. of cotton, man-made fibres, those containing by weight (2007-) (Q1=kg, Q2=none)",UNK,
60061000_2002,"Fabrics, knitted or crocheted, of a width of > 30 cm, of wool or fine animal hair (excl. warp knit fabrics incl. those made on galloon knitting machi (2002-) (Q1=kg, Q2=none)",WO,\bof wool\b|fine animal hair|kashmir|cashmere|\bwool\b
60062100_2002,"Unbleached or bleached cotton fabrics, knitted or crocheted, of a width of > 30 cm (excl. warp knit fabrics incl. those made on galloon knitting mach (2002-) (Q1=kg, Q2=none)",CO,\bof cotton\b|\bcotton\b
60062200_2002,"Dyed cotton fabrics, knitted or crocheted, of a width of > 30 cm (excl. warp knit fabrics incl. those made on galloon knitting machines, those conta (2002-) (Q1=kg, Q2=none)",CO,\bof cotton\b|\bcotton\b
60062300_2002,"Cotton fabrics, knitted or crocheted, of yarns of different colours, of a width of > 30 cm (excl. warp knit fabrics incl. those made on galloon knitt (2002-) (Q1=kg, Q2=none)",CO,\bof cotton\b|\bcotton\b
60062400_2002,"Printed cotton fabrics, knitted or crocheted, of a width of > 30 cm (excl. warp knit fabrics incl. those made on galloon knitting machines, those co (2002-) (Q1=kg, Q2=none)",CO,\bof cotton\b|\bcotton\b
60063100_2016,"Unbleached or bleached fabrics, knitted or crocheted, of synthetic fibres, of a width of > 30 cm (excl. warp knit fabrics incl. those made (2016-) (Q1=kg, Q2=none)",SYN,synthetic|polyamide|nylon|polyester|polypropylene|polyethylene|acrylic|elastomeric
60063110_2002,"Subgroup of: 600631 Unbleached or bleached fabrics, knitted or crocheted, of synthetic fibres, of a width of > 30 cm (excl. warp knit fabrics incl. those made (2002-2015) (Q1=kg, Q2=none)",SYN,synthetic|polyamide|nylon|polyester|polypropylene|polyethylene|acrylic|elastomeric
60063120_2002,"Subgroup of: 600631 Unbleached or bleached fabrics, knitted or crocheted, of synthetic fibres, of a width of > 30 cm (excl. warp knit fabrics incl. those made (2002-2015) (Q1=kg, Q2=none)",SYN,synthetic|polyamide|nylon|polyester|polypropylene|polyethylene|acrylic|elastomeric
60063200_2016,"Dyed fabrics, knitted or crocheted, of synthetic fibres, of a width of > 30 cm (excl. warp knit fabrics incl. those made on galloon knittin (2016-) (Q1=kg, Q2=none)",SYN,synthetic|polyamide|nylon|polyester|polypropylene|polyethylene|acrylic|elastomeric
60063210_2002,"Subgroup of: 600632 Dyed fabrics, knitted or crocheted, of synthetic fibres, of a width of > 30 cm (excl. warp knit fabrics incl. those made on galloon knittin (2002-2015) (Q1=kg, Q2=none)",SYN,synthetic|polyamide|nylon|polyester|polypropylene|polyethylene|acrylic|elastomeric
60063220_2002,"Subgroup of: 600632 Dyed fabrics, knitted or crocheted, of synthetic fibres, of a width of > 30 cm (excl. warp knit fabrics incl. those made on galloon knittin (2002-2015) (Q1=kg, Q2=none)",SYN,synthetic|polyamide|nylon|polyester|polypropylene|polyethylene|acrylic|elastomeric
60063300_2016,"Fabrics, knitted or crocheted, of synthetic fibres, of yarns of different colours, of a width of > 30 cm (excl. warp knit fabrics incl. tho (2016-) (Q1=kg, Q2=none)",SYN,synthetic|polyamide|nylon|polyester|polypropylene|polyethylene|acrylic|elastomeric
60063310_2002,"Subgroup of: 600633 Fabrics, knitted or crocheted, of synthetic fibres, of yarns of different colours, of a width of > 30 cm (excl. warp knit fabrics incl. tho (2002-2015) (Q1=kg, Q2=none)",SYN,synthetic|polyamide|nylon|polyester|polypropylene|polyethylene|acrylic|elastomeric
60063320_2002,"Subgroup of: 600633 Fabrics, knitted or crocheted, of synthetic fibres, of yarns of different colours, of a width of > 30 cm (excl. warp knit fabrics incl. tho (2002-2015) (Q1=kg, Q2=none)",SYN,synthetic|polyamide|nylon|polyester|polypropylene|polyethylene|acrylic|elastomeric
60063400_2016,"Printed fabrics, knitted or crocheted, of synthetic fibres, of a width of > 30 cm (excl. warp knit fabrics incl. those made on galloon knit (2016-) (Q1=kg, Q2=none)",SYN,synthetic|polyamide|nylon|polyester|polypropylene|polyethylene|acrylic|elastomeric
60063410_2002,"Subgroup of: 600634 Printed fabrics, knitted or crocheted, of synthetic fibres, of a width of > 30 cm (excl. warp knit fabrics incl. those made on galloon knit (2002-2015) (Q1=kg, Q2=none)",SYN,synthetic|polyamide|nylon|polyester|polypropylene|polyethylene|acrylic|elastomeric
60063420_2002,"Subgroup of: 600634 Printed fabrics, knitted or crocheted, of synthetic fibres, of a width of > 30 cm (excl. warp knit fabrics incl. those made on galloon knit (2002-2015) (Q1=kg, Q2=none)",SYN,synthetic|polyamide|nylon|polyester|polypropylene|polyethylene|acrylic|elastomeric
60064100_2016,"Unbleached or bleached fabrics, knitted or crocheted, of artificial fibres, of a width of > 30 cm (excl. warp knit fabrics incl. those made (2016-) (Q1=kg, Q2=none)",ART,artificial|viscose|cellulose acetate
60064110_2002,"Subgroup of: 600641 Unbleached or bleached fabrics, knitted or crocheted, of artificial fibres, of a width of > 30 cm (excl. warp knit fabrics incl. those made (2002-2015) (Q1=kg, Q2=none)",ART,artificial|viscose|cellulose acetate
60064120_2002,"Subgroup of: 600641 Unbleached or bleached fabrics, knitted or crocheted, of artificial fibres, of a width of > 30 cm (excl. warp knit fabrics incl. those made (2002-2015) (Q1=kg, Q2=none)",ART,artificial|viscose|cellulose acetate
60064200_2016,"Dyed fabrics, knitted or crocheted, of artificial fibres, of a width of > 30 cm (excl. warp knit fabrics incl. those made on galloon knitti (2016-) (Q1=kg, Q2=none)",ART,artificial|viscose|cellulose acetate
60064210_2002,"Subgroup of: 600642 Dyed fabrics, knitted or crocheted, of artificial fibres, of a width of > 30 cm (excl. warp knit fabrics incl. those made on galloon knitti (2002-2015) (Q1=kg, Q2=none)",ART,artificial|viscose|cellulose acetate
60064220_2002,"Subgroup of: 600642 Dyed fabrics, knitted or crocheted, of artificial fibres, of a width of > 30 cm (excl. warp knit fabrics incl. those made on galloon knitti (2002-2015) (Q1=kg, Q2=none)",ART,artificial|viscose|cellulose acetate
60064300_2016,"Fabrics, knitted or crocheted, of artificial fibres, of yarns of different colours, of a width of > 30 cm (excl. warp knit fabrics incl. th (2016-) (Q1=kg, Q2=none)",ART,artificial|viscose|cellulose acetate
60064310_2002,"Subgroup of: 600643 Fabrics, knitted or crocheted, of artificial fibres, of yarns of different colours, of a width of > 30 cm (excl. warp knit fabrics incl. th (2002-2015) (Q1=kg, Q2=none)",ART,artificial|viscose|cellulose acetate
60064320_2002,"Subgroup of: 600643 Fabrics, knitted or crocheted, of artificial fibres, of yarns of different colours, of a width of > 30 cm (excl. warp knit fabrics incl. th (2002-2015) (Q1=kg, Q2=none)",ART,artificial|viscose|cellulose acetate
60064400_2016,"Printed fabrics, knitted or crocheted, of artificial fibres, of a width of > 30 cm (excl. warp knit fabrics incl. those made on galloon kni (2016-) (Q1=kg, Q2=none)",ART,artificial|viscose|cellulose acetate
60064410_2002,"Subgroup of: 600644 Printed fabrics, knitted or crocheted, of artificial fibres, of a width of > 30 cm (excl. warp knit fabrics incl. those made on galloon kni (2002-2015) (Q1=kg, Q2=none)",ART,artificial|viscose|cellulose acetate
60064420_2002,"Subgroup of: 600644 Printed fabrics, knitted or crocheted, of artificial fibres, of a width of > 30 cm (excl. warp knit fabrics incl. those made on galloon kni (2002-2015) (Q1=kg, Q2=none)",ART,artificial|viscose|cellulose acetate
60069000_2002,"Fabrics, knitted or crocheted, of a width of > 30 cm (excl. of man-made fibres, cotton, wool or fine animal hair, warp knit fabrics incl. those made (2002-) (Q1=kg, Q2=none)",UNK,
61011000_1988,"Overcoats, car-coats, capes, cloaks, anoraks, incl. ski-jackets, wind-cheaters, wind-jackets and similar articles of wool or fine animal hair, for men or boys, (1988-2006) (Q1=kg, Q2=number)",WO,\bof wool\b|fine animal hair|kashmir|cashmere|\bwool\b
61012000_1988,"Overcoats, car coats, capes, cloaks, anoraks, incl. ski jackets, windcheaters, wind-jackets and similar articles of cotton, for men or boys, knitted o (1988-) (Q1=kg, Q2=number)",CO,\bof cotton\b|\bcotton\b
61013000_1988,"Overcoats, car coats, capes, cloaks, anoraks, incl. ski jackets, windcheaters, wind-jackets and similar articles of man-made fibres, for men or boys, (1988-) (Q1=kg, Q2=number)",MMF,man-made
61019000_1988,"Overcoats, car-coats, capes, cloaks, anoraks, incl. ski-jackets, wind-cheaters, wind-jackets and similar articles of textile materials, for men or boys, knitted (1988-2006) (Q1=kg, Q2=number)",RES,of (other )?textile materials
61019000_2007,"Overcoats, car coats, capes, cloaks, anoraks, incl. ski jackets, windcheaters, wind-jackets and similar articles of textile materials, for men or boys (2007-) (Q1=kg, Q2=number)",RES,of (other )?textile materials
61021000_1988,"Women's or girls' overcoats, car coats, capes, cloaks, anoraks, incl. ski jackets, windcheaters, wind-jackets and similar articles, of wool or fine (1988-) (Q1=kg, Q2=number)",WO,\bof wool\b|fine animal hair|kashmir|cashmere|\bwool\b
61022000_1988,"Women's or girls' overcoats, car coats, capes, cloaks, anoraks, incl. ski jackets, windcheaters, wind-jackets and similar articles of cotton, knitte (1988-) (Q1=kg, Q2=number)",CO,\bof cotton\b|\bcotton\b
61023000_1988,"Women's or girls' overcoats, car coats, capes, cloaks, anoraks, incl. ski jackets, windcheaters, wind-jackets and similar articles of man-made fibre (1988-) (Q1=kg, Q2=number)",MMF,man-made
61029000_1988,"Women's or girls' overcoats, car coats, capes, cloaks, anoraks, incl. ski jackets, windcheaters, wind-jackets and similar articles, of textile mater (1988-) (Q1=kg, Q2=number)",UNK,
61031000_2007,"Men's or boys' suits of textile materials, knitted or crocheted (excl. tracksuits, ski suits and swimwear) (2007-) (Q1=kg, Q2=number)",RES,of (other )?textile materials
61031100_1988,"Men's or boys' suits of wool or fine animal hair, knitted or crocheted (excl. track suits, ski suits and swimwear) (1988-2006) (Q1=kg, Q2=number)",WO,\bof wool\b|fine animal hair|kashmir|cashmere|\bwool\b
61031200_1988,"Men's or boys' suits of synthetic fibres, knitted or crocheted (excl. track suits, ski suits and swimwear) (1988-2006) (Q1=kg, Q2=number)",SYN,synthetic|polyamide|nylon|polyester|polypropylene|polyethylene|acrylic|elastomeric
61031900_1988,"Men's or boys' suits of textile materials, knitted or crocheted (excl. of wool or fine animal hair, synthetic fibres, track suits, ski suits and swimwear) (1988-2006) (Q1=kg, Q2=number)",RES,of (other )?textile materials
61032100_1988,"Men's or boys' ensembles of wool or fine animal hair, knitted or crocheted (excl. ski ensembles and swimwear) (1988-2006) (Q1=kg, Q2=number)",WO,\bof wool\b|fine animal hair|kashmir|cashmere|\bwool\b
61032200_1988,"Men's or boys' ensembles of cotton, knitted or crocheted (excl. ski ensembles and swimwear) (1988-) (Q1=kg, Q2=number)",CO,\bof cotton\b|\bcotton\b
61032300_1988,"Men's or boys' ensembles of synthetic fibres, knitted or crocheted (excl. ski ensembles and swimwear) (1988-) (Q1=kg, Q2=number)",SYN,synthetic|polyamide|nylon|polyester|polypropylene|polyethylene|acrylic|elastomeric
61032900_1988,"Men's or boys' ensembles of textile materials (excl. wool, fine animal hair, cotton or synthetic fibres, ski ensembles and swimwear) (1988-2006) (Q1=kg, Q2=number)",RES,of (other )?textile materials
61032900_2007,"Men's or boys' ensembles of textile materials (excl. wool, fine animal hair, cotton or synthetic fibres, ski ensembles and swimwear) (2007-) (Q1=kg, Q2=number)",RES,of (other )?textile materials
61033100_1988,"Men's or boys' jackets and blazers of wool or fine animal hair, knitted or crocheted (excl. wind-jackets and similar articles) (1988-) (Q1=kg, Q2=number)",WO,\bof wool\b|fine animal hair|kashmir|cashmere|\bwool\b
61033200_1988,"Men's or boys' jackets and blazers of cotton, knitted or crocheted (excl. wind-jackets and similar articles) (1988-) (Q1=kg, Q2=number)",CO,\bof cotton\b|\bcotton\b
61033300_1988,"Men's or boys' jackets and blazers of synthetic fibres, knitted or crocheted (excl. wind-jackets and similar articles) (1988-) (Q1=kg, Q2=number)",SYN,synthetic|polyamide|nylon|polyester|polypropylene|polyethylene|acrylic|elastomeric
61033900_1988,"Men's or boys' jackets and blazers of textile materials (excl. of wool, fine animal hair, cotton or synthetic fibres, wind-jackets and similar artic (1988-) (Q1=kg, Q2=number)",RES,of (other )?textile materials
61034100_1988,"Men's or boys' trousers, bib and brace overalls, breeches and shorts of wool or fine animal hair, knitted or crocheted (excl. swimwear and underpant (1988-) (Q1=kg, Q2=number)",WO,\bof wool\b|fine animal hair|kashmir|cashmere|\bwool\b
61034200_1988,"Men's or boys' trousers, bib and brace overalls, breeches and shorts of cotton, knitted or crocheted (excl. swimwear and underpants) (1988-) (Q1=kg, Q2=number)",CO,\bof cotton\b|\bcotton\b
61034300_1988,"Men's or boys' trousers, bib and brace overalls, breeches and shorts of synthetic fibres, knitted or crocheted (excl. swimwear and underpants) (1988-) (Q1=kg, Q2=number)",SYN,synthetic|polyamide|nylon|polyester|polypropylene|polyethylene|acrylic|elastomeric
61034900_1988,"Men's or boys' trousers, bib and brace overalls, breeches and shorts of textile materials, knitted or crocheted (excl. of wool, fine animal hair, co (1988-) (Q1=kg, Q2=number)",RES,of (other )?textile materials
61041100_1988,"Women's or girls' suits of wool or fine animal hair, knitted or crocheted (excl. ski overalls and swimwear) (1988-2006) (Q1=kg, Q2=number)",WO,\bof wool\b|fine animal hair|kashmir|cashmere|\bwool\b
61041200_1988,"Women's or girls' suits of cotton, knitted or crocheted (excl. ski overalls and swimwear) (1988-2006) (Q1=kg, Q2=number)",CO,\bof cotton\b|\bcotton\b
61041300_1988,"Women's or girls' suits of synthetic fibres, knitted or crocheted (excl. ski overalls and swimwear) (1988-) (Q1=kg, Q2=number)",SYN,synthetic|polyamide|nylon|polyester|polypropylene|polyethylene|acrylic|elastomeric
61041900_1988,"Women's or girls' suits of textile materials, knitted or crocheted (excl. of wool or fine animal hair, cotton or synthetic fibres, ski overalls and swimwear) (1988-2006) (Q1=kg, Q2=number)",RES,of (other )?textile materials
61041900_2007,"Women's or girls' suits of textile materials, knitted or crocheted (excl. of synthetic fibres, and ski overalls and swimwear) (2007-) (Q1=kg, Q2=number)",RES,of (other )?textile materials
61042100_1988,"Women's or girls' ensembles of wool or fine animal hair, knitted or crocheted (excl. ski ensembles and swimwear) (1988-2006) (Q1=kg, Q2=number)",WO,\bof wool\b|fine animal hair|kashmir|cashmere|\bwool\b
61042200_1988,"Women's or girls' ensembles of cotton, knitted or crocheted (excl. ski ensembles and swimwear) (1988-) (Q1=kg, Q2=number)",CO,\bof cotton\b|\bcotton\b
61042300_1988,"Women's or girls' ensembles of synthetic fibres, knitted or crocheted (excl. ski ensembles and swimwear) (1988-) (Q1=kg, Q2=number)",SYN,synthetic|polyamide|nylon|polyester|polypropylene|polyethylene|acrylic|elastomeric
61042900_1988,"Women's or girls' ensembles of textile materials (excl. of wool or fine animal hair, cotton or synthetic fibres, ski ensembles and swimwear) (1988-2006) (Q1=kg, Q2=number)",RES,of (other )?textile materials
61042900_2007,"Women's or girls' ensembles of textile materials (excl. of cotton or synthetic fibres, ski ensembles and swimwear) (2007-) (Q1=kg, Q2=number)",RES,of (other )?textile materials
61043100_1988,"Women's or girls' jackets and blazers of wool or fine animal hair, knitted or crocheted (excl. wind-jackets and similar articles) (1988-) (Q1=kg, Q2=number)",WO,\bof wool\b|fine animal hair|kashmir|cashmere|\bwool\b
61043200_1988,"Women's or girls' jackets and blazers of cotton, knitted or crocheted (excl. wind-jackets and similar articles) (1988-) (Q1=kg, Q2=number)",CO,\bof cotton\b|\bcotton\b
61043300_1988,"Women's or girls' jackets and blazers of synthetic fibres, knitted or crocheted (excl. wind-jackets and similar articles) (1988-) (Q1=kg, Q2=number)",SYN,synthetic|polyamide|nylon|polyester|polypropylene|polyethylene|acrylic|elastomeric
61043900_1988,"Women's or girls' jackets and blazers of textile materials, knitted or crocheted (excl. of wool, fine animal hair, cotton or synthetic fibres, wind- (1988-) (Q1=kg, Q2=number)",RES,of (other )?textile materials
61044100_1988,"Women's or girls' dresses of wool or fine animal hair, knitted or crocheted (excl. petticoats) (1988-) (Q1=kg, Q2=number)",WO,\bof wool\b|fine animal hair|kashmir|cashmere|\bwool\b
61044200_1988,"Women's or girls' dresses of cotton, knitted or crocheted (excl. petticoats) (1988-) (Q1=kg, Q2=number)",CO,\bof cotton\b|\bcotton\b
61044300_1988,"Women's or girls' dresses of synthetic fibres, knitted or crocheted (excl. petticoats) (1988-) (Q1=kg, Q2=number)",SYN,synthetic|polyamide|nylon|polyester|polypropylene|polyethylene|acrylic|elastomeric
61044400_1988,"Women's or girls' dresses of artificial fibres, knitted or crocheted (excl. petticoats) (1988-) (Q1=kg, Q2=number)",ART,artificial|viscose|cellulose acetate
61044900_1988,"Women's or girls' dresses of textile materials, knitted or crocheted (excl. of wool, fine animal hair, cotton, man-made fibres and petticoats) (1988-) (Q1=kg, Q2=number)",RES,of (other )?textile materials
61045100_1988,"Women's or girls' skirts and divided skirts of wool or fine animal hair, knitted or crocheted (excl. petticoats) (1988-) (Q1=kg, Q2=number)",WO,\bof wool\b|fine animal hair|kashmir|cashmere|\bwool\b
61045200_1988,"Women's or girls' skirts and divided skirts of cotton, knitted or crocheted (excl. petticoats) (1988-) (Q1=kg, Q2=number)",CO,\bof cotton\b|\bcotton\b
61045300_1988,"Women's or girls' skirts and divided skirts of synthetic fibres, knitted or crocheted (excl. petticoats) (1988-) (Q1=kg, Q2=number)",SYN,synthetic|polyamide|nylon|polyester|polypropylene|polyethylene|acrylic|elastomeric
61045900_1988,"Women's or girls' skirts and divided skirts of textile materials, knitted or crocheted (excl. of wool, fine animal hair, cotton or synthetic fibres, (1988-) (Q1=kg, Q2=number)",RES,of (other )?textile materials
61046100_1988,"Women's or girls' trousers, bib and brace overalls, breeches and shorts of wool or fine animal hair, knitted or crocheted (excl. panties and swimwea (1988-) (Q1=kg, Q2=number)",WO,\bof wool\b|fine animal hair|kashmir|cashmere|\bwool\b
61046200_1988,"Women's or girls' trousers, bib and brace overalls, breeches and shorts of cotton, knitted or crocheted (excl. panties and swimwear) (1988-) (Q1=kg, Q2=number)",CO,\bof cotton\b|\bcotton\b
61046300_1988,"Women's or girls' trousers, bib and brace overalls, breeches and shorts of synthetic fibres, knitted or crocheted (excl. panties and swimwear) (1988-) (Q1=kg, Q2=number)",SYN,synthetic|polyamide|nylon|polyester|polypropylene|polyethylene|acrylic|elastomeric
61046900_1988,"Women's or girls' trousers, bib and brace overalls, breeches and shorts of textile materials, knitted or crocheted (excl. of wool, fine animal hair, (1988-) (Q1=kg, Q2=number)",RES,of (other )?textile materials
61051000_1988,"Men's or boys' shirts of cotton, knitted or crocheted (excl. nightshirts, T-shirts, singlets and other vests) (1988-) (Q1=kg, Q2=number)",CO,\bof cotton\b|\bcotton\b
61052000_1988,"Men's or boys' shirts of man-made fibres, knitted or crocheted (excl. nightshirts, T-shirts, singlets and other vests) (1988-) (Q1=kg, Q2=number)",MMF,man-made
61059000_1988,"Men's or boys' shirts of textile materials, knitted or crocheted (excl. of cotton or man-made fibres, nightshirts, T-shirts, singlets and other vest (1988-) (Q1=kg, Q2=number)",RES,of (other )?textile materials
61061000_1988,"Women's or girls' blouses, shirts and shirt-blouses of cotton, knitted or crocheted (excl. T-shirts and vests) (1988-) (Q1=kg, Q2=number)",CO,\bof cotton\b|\bcotton\b
61062000_1988,"Women's or girls' blouses, shirts and shirt-blouses of man-made fibres, knitted or crocheted (excl. T-shirts and vests) (1988-) (Q1=kg, Q2=number)",MMF,man-made
61069000_1988,"Women's or girls' blouses, shirts and shirt-blouses of textile materials, knitted or crocheted (excl. of cotton or man-made fibres, T-shirts and ves (1988-) (Q1=kg, Q2=number)",RES,of (other )?textile materials
61071100_1988,"Men's or boys' underpants and briefs of cotton, knitted or crocheted (1988-) (Q1=kg, Q2=number)",CO,\bof cotton\b|\bcotton\b
61071200_1988,"Men's or boys' underpants and briefs of man-made fibres, knitted or crocheted (1988-) (Q1=kg, Q2=number)",MMF,man-made
61071900_1988,"Men's or boys' underpants and briefs of other textile materials, knitted or crocheted (excl. of cotton or man-made fibres) (1988-) (Q1=kg, Q2=number)",RES,of (other )?textile materials
61072100_1988,"Men's or boys' nightshirts and pyjamas of cotton, knitted or crocheted (excl. vests and singlets) (1988-) (Q1=kg, Q2=number)",CO,\bof cotton\b|\bcotton\b
61072200_1988,"Men's or boys' nightshirts and pyjamas of man-made fibres, knitted or crocheted (excl. vests and singlets) (1988-) (Q1=kg, Q2=number)",MMF,man-made
61072900_1988,"Men's or boys' nightshirts and pyjamas of textile materials, knitted or crocheted (excl. of cotton or man-made fibres, and vests and singlets) (1988-) (Q1=kg, Q2=number)",RES,of (other )?textile materials
61079100_1988,"Men's or boys' bathrobes, dressing gowns and similar articles of cotton, knitted or crocheted (1988-) (Q1=kg, Q2=number)",CO,\bof cotton\b|\bcotton\b
61079200_1988,"Men's or boys' bathrobes, dressing gowns and similar articles of man-made fibres, knitted or crocheted (1988-2006) (Q1=kg, Q2=number)",MMF,man-made
61079900_1988,"Men's or boys' bathrobes, dressing gowns and similar articles of textile materials, knitted or crocheted (excl. of cotton or man-made fibres) (1988-2006) (Q1=kg, Q2=number)",RES,of (other )?textile materials
61079900_2007,"Men's or boys' bathrobes, dressing gowns and similar articles of textile materials, knitted or crocheted (excl. of cotton) (2007-) (Q1=kg, Q2=number)",RES,of (other )?textile materials
61081100_1988,"Women's or girls' slips and petticoats of man-made fibres, knitted or crocheted (excl. T-shirts and vests) (1988-) (Q1=kg, Q2=number)",MMF,man-made
61081900_1988,"Women's or girls' slips and petticoats of textile materials, knitted or crocheted (excl. man-made fibres, T-shirts and vests) (1988-) (Q1=kg, Q2=number)",RES,of (other )?textile materials
61082100_1988,"Women's or girls' briefs and panties of cotton, knitted or crocheted (1988-) (Q1=kg, Q2=number)",CO,\bof cotton\b|\bcotton\b
61082200_1988,"Women's or girls' briefs and panties of man-made fibres, knitted or crocheted (1988-) (Q1=kg, Q2=number)",MMF,man-made
61082900_1988,"Women's or girls' briefs and panties of textile materials, knitted or crocheted (excl. cotton or man-made fibres) (1988-) (Q1=kg, Q2=number)",RES,of (other )?textile materials
61083100_1988,"Women's or girls' nightdresses and pyjamas of cotton, knitted or crocheted (excl. T-shirts, vests and négligés) (1988-) (Q1=kg, Q2=number)",CO,\bof cotton\b|\bcotton\b
61083200_1988,"Women's or girls' nightdresses and pyjamas of man-made fibres, knitted or crocheted (excl. T-shirts, vests and négligés) (1988-) (Q1=kg, Q2=number)",MMF,man-made
61083900_1988,"Women's or girls' nightdresses and pyjamas of textile materials, knitted or crocheted (excl. of cotton and man-made fibres, T-shirts, vests and négl (1988-) (Q1=kg, Q2=number)",RES,of (other )?textile materials
61089100_1988,"Women's or girls' négligés, bathrobes, dressing gowns, housejackets and similar articles of cotton, knitted or crocheted (excl. vests, slips, pettic (1988-) (Q1=kg, Q2=number)",CO,\bof cotton\b|\bcotton\b
61089200_1988,"Women's or girls' négligés, bathrobes, dressing gowns, housejackets and similar articles of man-made fibres, knitted or crocheted (excl. vests, slip (1988-) (Q1=kg, Q2=number)",MMF,man-made
61089900_1988,"Women's or girls' négligés, bathrobes, dressing gowns, housejackets and similar articles of textile materials, knitted or crocheted (excl. of cotton (1988-) (Q1=kg, Q2=number)",RES,of (other )?textile materials
61091000_1988,"T-shirts, singlets and other vests of cotton, knitted or crocheted (1988-) (Q1=kg, Q2=number)",CO,\bof cotton\b|\bcotton\b
61099010_1988,"Subgroup of: 610990 T-shirts, singlets and other vests of textile materials, knitted or crocheted (excl. cotton) (1988-) (Q1=kg, Q2=number)",RES,of (other )?textile materials
61099090_1988,"Subgroup of: 610990 T-shirts, singlets and other vests of textile materials, knitted or crocheted (excl. cotton) (1988-) (Q1=kg, Q2=number)",RES,of (other )?textile materials
61101000_1988,"Jerseys, pullovers, cardigans, waistcoats and similar articles, of wool or fine animal hair, knitted or crocheted (excl. wadded waistcoats) (1988-2001) (Q1=kg, Q2=number)",WO,\bof wool\b|fine animal hair|kashmir|cashmere|\bwool\b
61101100_2002,"Jerseys, pullovers, cardigans, waistcoats and similar articles, of wool, knitted or crocheted (excl. wadded waistcoats) (2002-) (Q1=kg, Q2=number)",WO,\bof wool\b|fine animal hair|kashmir|cashmere|\bwool\b
61101200_2002,"Jerseys, pullovers, cardigans, waistcoats and similar articles, of hair of Kashmir cashmere goats, knitted or crocheted (excl. quilted articles) (2002-) (Q1=kg, Q2=number)",WO,\bof wool\b|fine animal hair|kashmir|cashmere|\bwool\b
61101900_2002,"Jerseys, pullovers, cardigans, waistcoats and similar articles, of fine animal hair, knitted or crocheted (excl. from hair of Kashmir cashmere goats (2002-) (Q1=kg, Q2=number)",WO,\bof wool\b|fine animal hair|kashmir|cashmere|\bwool\b
61102000_1988,"Jerseys, pullovers, cardigans, waistcoats and similar articles, of cotton, knitted or crocheted (excl. wadded waistcoats) (1988-) (Q1=kg, Q2=number)",CO,\bof cotton\b|\bcotton\b
61103000_1988,"Jerseys, pullovers, cardigans, waistcoats and similar articles, of man-made fibres, knitted or crocheted (excl. wadded waistcoats) (1988-) (Q1=kg, Q2=number)",MMF,man-made
61109000_1988,"Jerseys, pullovers, cardigans, waistcoats and similar articles, of textile materials, knitted or crocheted (excl. of wool, fine animal hair, cotton or (1988-) (Q1=kg, Q2=number)",RES,of (other )?textile materials
61111010_1988,"Subgroup of: 611110 Babies' garments and clothing accessories of wool or fine animal hair, knitted or crocheted (excl. hats) (1988-2006) (Q1=kg, Q2=pair)",WO,\bof wool\b|fine animal hair|kashmir|cashmere|\bwool\b
61111090_1988,"Subgroup of: 611110 Babies' garments and clothing accessories of wool or fine animal hair, knitted or crocheted (excl. hats) (1988-2006) (Q1=kg, Q2=none)",WO,\bof wool\b|fine animal hair|kashmir|cashmere|\bwool\b
61112010_1988,"Subgroup of: 611120 Babies' garments and clothing accessories of cotton, knitted or crocheted (excl. hats) (1988-) (Q1=kg, Q2=pair)",CO,\bof cotton\b|\bcotton\b
61112090_1988,"Subgroup of: 611120 Babies' garments and clothing accessories of cotton, knitted or crocheted (excl. hats) (1988-) (Q1=kg, Q2=none)",CO,\bof cotton\b|\bcotton\b
61113010_1988,"Subgroup of: 611130 Babies' garments and clothing accessories of synthetic fibres, knitted or crocheted (excl. hats) (1988-) (Q1=kg, Q2=pair)",SYN,synthetic|polyamide|nylon|polyester|polypropylene|polyethylene|acrylic|elastomeric
61113020_1988,"Subgroup of: 611130 Babies' garments and clothing accessories of synthetic fibres, knitted or crocheted (excl. hats) (1988-) (Q1=kg, Q2=none)",SYN,synthetic|polyamide|nylon|polyester|polypropylene|polyethylene|acrylic|elastomeric
61113090_1988,"Subgroup of: 611130 Babies' garments and clothing accessories of synthetic fibres, knitted or crocheted (excl. hats) (1988-) (Q1=kg, Q2=none)",SYN,synthetic|polyamide|nylon|polyester|polypropylene|polyethylene|acrylic|elastomeric
61119010_1988,"Subgroup of: 611190 Babies' garments and clothing accessories of textile materials, knitted or crocheted (excl. of wool, fine animal hair, cotton or synthetic (1988-2006) (Q1=kg, Q2=pair)",RES,of (other )?textile materials
61119010_2007,"Subgroup of: 611190 Babies' garments and clothing accessories of textile materials, knitted or crocheted (excl. of cotton or synthetic fibres, and hats) (2007-) (Q1=kg, Q2=pair)",RES,of (other )?textile materials
61119090_1988,"Subgroup of: 611190 Babies' garments and clothing accessories of textile materials, knitted or crocheted (excl. of wool, fine animal hair, cotton or synthetic (1988-2006) (Q1=kg, Q2=none)",RES,of (other )?textile materials
61119090_2007,"Subgroup of: 611190 Babies' garments and clothing accessories of textile materials, knitted or crocheted (excl. of cotton or synthetic fibres, and hats) (2007-) (Q1=kg, Q2=none)",RES,of (other )?textile materials
61121100_1988,"Track-suits of cotton, knitted or crocheted (1988-) (Q1=kg, Q2=number)",CO,\bof cotton\b|\bcotton\b
61121200_1988,"Track-suits of synthetic fibres, knitted or crocheted (1988-) (Q1=kg, Q2=number)",SYN,synthetic|polyamide|nylon|polyester|polypropylene|polyethylene|acrylic|elastomeric
61121900_1988,"Track-suits of textile materials, knitted or crocheted (excl. cotton or synthetic fibres) (1988-) (Q1=kg, Q2=number)",RES,of (other )?textile materials
61122000_1988,"Ski-suits, knitted or crocheted (1988-) (Q1=kg, Q2=number)",UNK,
61123100_2016,"Men's or boys' swimwear of synthetic fibres, knitted or crocheted (2016-) (Q1=kg, Q2=number)",SYN,synthetic|polyamide|nylon|polyester|polypropylene|polyethylene|acrylic|elastomeric
61123110_1988,"Subgroup of: 611231 Men's or boys' swimwear of synthetic fibres, knitted or crocheted (1988-1997) (Q1=kg, Q2=number)",SYN,synthetic|polyamide|nylon|polyester|polypropylene|polyethylene|acrylic|elastomeric
61123110_1998,"Subgroup of: 611231 Men's or boys' swimwear of synthetic fibres, knitted or crocheted (1998-2015) (Q1=kg, Q2=number)",SYN,synthetic|polyamide|nylon|polyester|polypropylene|polyethylene|acrylic|elastomeric
61123190_1988,"Subgroup of: 611231 Men's or boys' swimwear of synthetic fibres, knitted or crocheted (1988-1997) (Q1=kg, Q2=number)",SYN,synthetic|polyamide|nylon|polyester|polypropylene|polyethylene|acrylic|elastomeric
61123190_1998,"Subgroup of: 611231 Men's or boys' swimwear of synthetic fibres, knitted or crocheted (1998-2015) (Q1=kg, Q2=number)",SYN,synthetic|polyamide|nylon|polyester|polypropylene|polyethylene|acrylic|elastomeric
61123900_2016,"Men's or boys' swimwear of textile materials, knitted or crocheted (excl. synthetic fibres) (2016-) (Q1=kg, Q2=number)",RES,of (other )?textile materials
61123910_1988,"Subgroup of: 611239 Men's or boys' swimwear of textile materials, knitted or crocheted (excl. synthetic fibres) (1988-1997) (Q1=kg, Q2=number)",RES,of (other )?textile materials
61123910_1998,"Subgroup of: 611239 Men's or boys' swimwear of textile materials, knitted or crocheted (excl. synthetic fibres) (1998-2015) (Q1=kg, Q2=number)",RES,of (other )?textile materials
61123990_1988,"Subgroup of: 611239 Men's or boys' swimwear of textile materials, knitted or crocheted (excl. synthetic fibres) (1988-1997) (Q1=kg, Q2=number)",RES,of (other )?textile materials
61123990_1998,"Subgroup of: 611239 Men's or boys' swimwear of textile materials, knitted or crocheted (excl. synthetic fibres) (1998-2015) (Q1=kg, Q2=number)",RES,of (other )?textile materials
61124100_2016,"Women's or girls' swimwear of synthetic fibres, knitted or crocheted (2016-) (Q1=kg, Q2=number)",SYN,synthetic|polyamide|nylon|polyester|polypropylene|polyethylene|acrylic|elastomeric
61124110_1988,"Subgroup of: 611241 Women's or girls' swimwear of synthetic fibres, knitted or crocheted (1988-1997) (Q1=kg, Q2=number)",SYN,synthetic|polyamide|nylon|polyester|polypropylene|polyethylene|acrylic|elastomeric
61124110_1998,"Subgroup of: 611241 Women's or girls' swimwear of synthetic fibres, knitted or crocheted (1998-2015) (Q1=kg, Q2=number)",SYN,synthetic|polyamide|nylon|polyester|polypropylene|polyethylene|acrylic|elastomeric
61124190_1988,"Subgroup of: 611241 Women's or girls' swimwear of synthetic fibres, knitted or crocheted (1988-1997) (Q1=kg, Q2=number)",SYN,synthetic|polyamide|nylon|polyester|polypropylene|polyethylene|acrylic|elastomeric
61124190_1998,"Subgroup of: 611241 Women's or girls' swimwear of synthetic fibres, knitted or crocheted (1998-2015) (Q1=kg, Q2=number)",SYN,synthetic|polyamide|nylon|polyester|polypropylene|polyethylene|acrylic|elastomeric
61124900_2016,"Women's or girls' swimwear of textile materials, knitted or crocheted (excl. synthetic fibres) (2016-) (Q1=kg, Q2=number)",RES,of (other )?textile materials
61124910_1988,"Subgroup of: 611249 Women's or girls' swimwear of textile materials, knitted or crocheted (excl. synthetic fibres) (1988-1997) (Q1=kg, Q2=number)",RES,of (other )?textile materials
61124910_1998,"Subgroup of: 611249 Women's or girls' swimwear of textile materials, knitted or crocheted (excl. synthetic fibres) (1998-2015) (Q1=kg, Q2=number)",RES,of (other )?textile materials
61124990_1988,"Subgroup of: 611249 Women's or girls' swimwear of textile materials, knitted or crocheted (excl. synthetic fibres) (1988-1997) (Q1=kg, Q2=number)",RES,of (other )?textile materials
61124990_1998,"Subgroup of: 611249 Women's or girls' swimwear of textile materials, knitted or crocheted (excl. synthetic fibres) (1998-2015) (Q1=kg, Q2=number)",RES,of (other )?textile materials
61130011_1988,"Subgroup of: 611300 Garments, knitted or crocheted, rubberised or impregnated, coated or covered with plastics or other materials (excl. babies' garments and c (1988-2022) (Q1=kg, Q2=number)",UNK,
61130011_2023,"Subgroup of: 611300 Garments, knitted or crocheted, rubberised or impregnated, coated or covered with plastics or other materials (excl. babies' garments and c (2023-) (Q1=kg, Q2=none)",UNK,
61130019_1988,"Subgroup of: 611300 Garments, knitted or crocheted, rubberised or impregnated, coated or covered with plastics or other materials (excl. babies' garments and c (1988-2022) (Q1=kg, Q2=number)",UNK,
61130019_2023,"Subgroup of: 611300 Garments, knitted or crocheted, rubberised or impregnated, coated or covered with plastics or other materials (excl. babies' garments and c (2023-) (Q1=kg, Q2=none)",UNK,
61130090_1988,"Subgroup of: 611300 Garments, knitted or crocheted, rubberised or impregnated, coated or covered with plastics or other materials (excl. babies' garments and c (1988-) (Q1=kg, Q2=none)",UNK,
61141000_1988,"Special garments for professional, sporting or other purposes, n.e.s., of wool or fine animal hair, knitted or crocheted (1988-2006) (Q1=kg, Q2=none)",WO,\bof wool\b|fine animal hair|kashmir|cashmere|\bwool\b
61142000_1988,"Special garments for professional, sporting or other purposes, n.e.s., of cotton, knitted or crocheted (1988-) (Q1=kg, Q2=none)",CO,\bof cotton\b|\bcotton\b
61143000_1988,"Special garments for professional, sporting or other purposes, n.e.s., of man-made fibres, knitted or crocheted (1988-) (Q1=kg, Q2=none)",MMF,man-made
61149000_1988,"Special garments for professional, sporting or other purposes, n.e.s., of textile materials, knitted or crocheted (excl. of wool, fine animal hair, cotton and m (1988-2006) (Q1=kg, Q2=none)",RES,of (other )?textile materials
61149000_2007,"Special garments for professional, sporting or other purposes, n.e.s., of textile materials, knitted or crocheted (excl. of cotton and man-made fibres (2007-) (Q1=kg, Q2=none)",RES,of (other )?textile materials
61151000_2007,"Graduated compression hosiery [e.g., stockings for varicose veins], of textile materials, knitted or crocheted (excl. hosiery for babies) (2007-) (Q1=kg, Q2=number)",RES,of (other )?textile materials
61151110_1988,"Subgroup of: 611511 Panty hose and tights of synthetic fibres, knitted or crocheted, measuring per single yarn < 67 decitex (1988-1997) (Q1=kg, Q2=number)",SYN,synthetic|polyamide|nylon|polyester|polypropylene|polyethylene|acrylic|elastomeric
61151110_1998,"Subgroup of: 611511 Panty hose and tights of synthetic fibres, knitted or crocheted, measuring per single yarn < 67 decitex (1998-2006) (Q1=kg, Q2=number)",SYN,synthetic|polyamide|nylon|polyester|polypropylene|polyethylene|acrylic|elastomeric
61151190_1988,"Subgroup of: 611511 Panty hose and tights of synthetic fibres, knitted or crocheted, measuring per single yarn < 67 decitex (1988-1997) (Q1=kg, Q2=number)",SYN,synthetic|polyamide|nylon|polyester|polypropylene|polyethylene|acrylic|elastomeric
61151190_1998,"Subgroup of: 611511 Panty hose and tights of synthetic fibres, knitted or crocheted, measuring per single yarn < 67 decitex (1998-2006) (Q1=kg, Q2=number)",SYN,synthetic|polyamide|nylon|polyester|polypropylene|polyethylene|acrylic|elastomeric
61151210_1988,"Subgroup of: 611512 Panty hose and tights of synthetic fibres, knitted or crocheted, measuring per single yarn >= 67 decitex (1988-1997) (Q1=kg, Q2=number)",SYN,synthetic|polyamide|nylon|polyester|polypropylene|polyethylene|acrylic|elastomeric
61151210_1998,"Subgroup of: 611512 Panty hose and tights of synthetic fibres, knitted or crocheted, measuring per single yarn >= 67 decitex (1998-2006) (Q1=kg, Q2=number)",SYN,synthetic|polyamide|nylon|polyester|polypropylene|polyethylene|acrylic|elastomeric
61151290_1988,"Subgroup of: 611512 Panty hose and tights of synthetic fibres, knitted or crocheted, measuring per single yarn >= 67 decitex (1988-1997) (Q1=kg, Q2=number)",SYN,synthetic|polyamide|nylon|polyester|polypropylene|polyethylene|acrylic|elastomeric
61151290_1998,"Subgroup of: 611512 Panty hose and tights of synthetic fibres, knitted or crocheted, measuring per single yarn >= 67 decitex (1998-2006) (Q1=kg, Q2=number)",SYN,synthetic|polyamide|nylon|polyester|polypropylene|polyethylene|acrylic|elastomeric
61151910_1988,"Subgroup of: 611519 Panty hose and tights of textile materials, knitted or crocheted (excl. of synthetic fibres and hosiery for babies) (1988-1997) (Q1=kg, Q2=number)",RES,of (other )?textile materials
61151910_1998,"Subgroup of: 611519 Panty hose and tights of textile materials, knitted or crocheted (excl. of synthetic fibres and hosiery for babies) (1998-2006) (Q1=kg, Q2=number)",RES,of (other )?textile materials
61151990_1988,"Subgroup of: 611519 Panty hose and tights of textile materials, knitted or crocheted (excl. of synthetic fibres and hosiery for babies) (1988-1997) (Q1=kg, Q2=number)",RES,of (other )?textile materials
61151990_1998,"Subgroup of: 611519 Panty hose and tights of textile materials, knitted or crocheted (excl. of synthetic fibres and hosiery for babies) (1998-2006) (Q1=kg, Q2=number)",RES,of (other )?textile materials
61152010_1988,"Subgroup of: 611520 Women's full-length or knee-length hosiery, knitted or crocheted, measuring per single yarn < 67 decitex (excl. panty hose and tights) (1988-1989) (Q1=kg, Q2=none)",UNK,
61152010_1990,"Subgroup of: 611520 Women's full-length or knee-length hosiery, knitted or crocheted, measuring per single yarn < 67 decitex (excl. panty hose and tights) (1990-2006) (Q1=kg, Q2=pair)",UNK,
61152020_1988,"Subgroup of: 611520 Women's full-length or knee-length hosiery, knitted or crocheted, measuring per single yarn < 67 decitex (excl. panty hose and tights) (1988-1989) (Q1=kg, Q2=number)",UNK,
61152020_1990,"Subgroup of: 611520 Women's full-length or knee-length hosiery, knitted or crocheted, measuring per single yarn < 67 decitex (excl. panty hose and tights) (1990-1997) (Q1=kg, Q2=pair)",UNK,
61152020_1998,"Subgroup of: 611520 Women's full-length or knee-length hosiery, knitted or crocheted, measuring per single yarn < 67 decitex (excl. panty hose and tights) (1998-2006) (Q1=kg, Q2=pair)",UNK,
61152030_1988,"Subgroup of: 611520 Women's full-length or knee-length hosiery, knitted or crocheted, measuring per single yarn < 67 decitex (excl. panty hose and tights) (1988-1989) (Q1=kg, Q2=none)",UNK,
61152030_1990,"Subgroup of: 611520 Women's full-length or knee-length hosiery, knitted or crocheted, measuring per single yarn < 67 decitex (excl. panty hose and tights) (1990-1997) (Q1=kg, Q2=pair)",UNK,
61152030_1998,"Subgroup of: 611520 Women's full-length or knee-length hosiery, knitted or crocheted, measuring per single yarn < 67 decitex (excl. panty hose and tights) (1998-2006) (Q1=kg, Q2=pair)",UNK,
61152090_1988,"Subgroup of: 611520 Women's full-length or knee-length hosiery, knitted or crocheted, measuring per single yarn < 67 decitex (excl. panty hose and tights) (1988-1989) (Q1=kg, Q2=none)",UNK,
61152090_1990,"Subgroup of: 611520 Women's full-length or knee-length hosiery, knitted or crocheted, measuring per single yarn < 67 decitex (excl. panty hose and tights) (1990-1997) (Q1=kg, Q2=pair)",UNK,
61152090_1998,"Subgroup of: 611520 Women's full-length or knee-length hosiery, knitted or crocheted, measuring per single yarn < 67 decitex (excl. panty hose and tights) (1998-2006) (Q1=kg, Q2=pair)",UNK,
61152110_2007,"Subgroup of: 611521 Pantyhose and tights of synthetic fibres, knitted or crocheted, measuring per single yarn < 67 decitex (excl. graduated compression hosiery) (2007-) (Q1=kg, Q2=number)",SYN,synthetic|polyamide|nylon|polyester|polypropylene|polyethylene|acrylic|elastomeric
61152190_2007,"Subgroup of: 611521 Pantyhose and tights of synthetic fibres, knitted or crocheted, measuring per single yarn < 67 decitex (excl. graduated compression hosiery) (2007-) (Q1=kg, Q2=number)",SYN,synthetic|polyamide|nylon|polyester|polypropylene|polyethylene|acrylic|elastomeric
61152210_2007,"Subgroup of: 611522 Pantyhose and tights of synthetic fibres, knitted or crocheted, measuring per single yarn >= 67 decitex (excl. graduated compression hosiery (2007-) (Q1=kg, Q2=number)",SYN,synthetic|polyamide|nylon|polyester|polypropylene|polyethylene|acrylic|elastomeric
61152290_2007,"Subgroup of: 611522 Pantyhose and tights of synthetic fibres, knitted or crocheted, measuring per single yarn >= 67 decitex (excl. graduated compression hosiery (2007-) (Q1=kg, Q2=number)",SYN,synthetic|polyamide|nylon|polyester|polypropylene|polyethylene|acrylic|elastomeric
61152910_2007,"Subgroup of: 611529 Pantyhose and tights of textile materials, knitted or crocheted (excl. graduated compression hosiery, those of synthetic fibres and hosiery (2007-) (Q1=kg, Q2=number)",RES,of (other )?textile materials
61152990_2007,"Subgroup of: 611529 Pantyhose and tights of textile materials, knitted or crocheted (excl. graduated compression hosiery, those of synthetic fibres and hosiery (2007-) (Q1=kg, Q2=number)",RES,of (other )?textile materials
61153010_2007,"Subgroup of: 611530 Women's full-length or knee-length hosiery, knitted or crocheted, measuring per single yarn < 67 decitex (excl. graduated compression hosie (2007-) (Q1=kg, Q2=number)",UNK,
61153020_2007,"Subgroup of: 611530 Women's full-length or knee-length hosiery, knitted or crocheted, measuring per single yarn < 67 decitex (excl. graduated compression hosie (2007-) (Q1=kg, Q2=number)",UNK,
61153090_2007,"Subgroup of: 611530 Women's full-length or knee-length hosiery, knitted or crocheted, measuring per single yarn < 67 decitex (excl. graduated compression hosie (2007-) (Q1=kg, Q2=number)",UNK,
61159110_1988,"Subgroup of: 611591 Full-length or knee-length stockings, socks and other hosiery, incl. stockings for varicose veins, of wool or fine animal hair, knitted or (1988-1989) (Q1=kg, Q2=none)",WO,\bof wool\b|fine animal hair|kashmir|cashmere|\bwool\b
61159110_1990,"Subgroup of: 611591 Full-length or knee-length stockings, socks and other hosiery, incl. stockings for varicose veins, of wool or fine animal hair, knitted or (1990-1997) (Q1=kg, Q2=pair)",WO,\bof wool\b|fine animal hair|kashmir|cashmere|\bwool\b
61159110_1998,"Subgroup of: 611591 Full-length or knee-length stockings, socks and other hosiery, incl. stockings for varicose veins, of wool or fine animal hair, knitted or (1998-2006) (Q1=kg, Q2=pair)",WO,\bof wool\b|fine animal hair|kashmir|cashmere|\bwool\b
61159190_1988,"Subgroup of: 611591 Full-length or knee-length stockings, socks and other hosiery, incl. stockings for varicose veins, of wool or fine animal hair, knitted or (1988-1989) (Q1=kg, Q2=none)",WO,\bof wool\b|fine animal hair|kashmir|cashmere|\bwool\b
61159190_1990,"Subgroup of: 611591 Full-length or knee-length stockings, socks and other hosiery, incl. stockings for varicose veins, of wool or fine animal hair, knitted or (1990-1997) (Q1=kg, Q2=pair)",WO,\bof wool\b|fine animal hair|kashmir|cashmere|\bwool\b
61159190_1998,"Subgroup of: 611591 Full-length or knee-length stockings, socks and other hosiery, incl. stockings for varicose veins, of wool or fine animal hair, knitted or (1998-2006) (Q1=kg, Q2=pair)",WO,\bof wool\b|fine animal hair|kashmir|cashmere|\bwool\b
61159210_1988,"Subgroup of: 611592 Full-length or knee-length stockings, socks and other hosiery, incl. stockings for varicose veins, of cotton, knitted or crocheted (excl. p (1988-1989) (Q1=kg, Q2=none)",CO,\bof cotton\b|\bcotton\b
61159210_1990,"Subgroup of: 611592 Full-length or knee-length stockings, socks and other hosiery, incl. stockings for varicose veins, of cotton, knitted or crocheted (excl. p (1990-1997) (Q1=kg, Q2=pair)",CO,\bof cotton\b|\bcotton\b
61159210_1998,"Subgroup of: 611592 Full-length or knee-length stockings, socks and other hosiery, incl. stockings for varicose veins, of cotton, knitted or crocheted (excl. p (1998-2006) (Q1=kg, Q2=pair)",CO,\bof cotton\b|\bcotton\b
61159290_1988,"Subgroup of: 611592 Full-length or knee-length stockings, socks and other hosiery, incl. stockings for varicose veins, of cotton, knitted or crocheted (excl. p (1988-1989) (Q1=kg, Q2=none)",CO,\bof cotton\b|\bcotton\b
61159290_1990,"Subgroup of: 611592 Full-length or knee-length stockings, socks and other hosiery, incl. stockings for varicose veins, of cotton, knitted or crocheted (excl. p (1990-1997) (Q1=kg, Q2=pair)",CO,\bof cotton\b|\bcotton\b
61159290_1998,"Subgroup of: 611592 Full-length or knee-length stockings, socks and other hosiery, incl. stockings for varicose veins, of cotton, knitted or crocheted (excl. p (1998-2006) (Q1=kg, Q2=pair)",CO,\bof cotton\b|\bcotton\b
61159310_1988,"Subgroup of: 611593 Full-length or knee-length stockings, socks and other hosiery, incl. stockings for varicose veins, of synthetic fibres, knitted or crochete (1988-1989) (Q1=kg, Q2=none)",SYN,synthetic|polyamide|nylon|polyester|polypropylene|polyethylene|acrylic|elastomeric
61159310_1990,"Subgroup of: 611593 Full-length or knee-length stockings, socks and other hosiery, incl. stockings for varicose veins, of synthetic fibres, knitted or crochete (1990-1997) (Q1=kg, Q2=pair)",SYN,synthetic|polyamide|nylon|polyester|polypropylene|polyethylene|acrylic|elastomeric
61159310_1998,"Subgroup of: 611593 Full-length or knee-length stockings, socks and other hosiery, incl. stockings for varicose veins, of synthetic fibres, knitted or crochete (1998-2006) (Q1=kg, Q2=pair)",SYN,synthetic|polyamide|nylon|polyester|polypropylene|polyethylene|acrylic|elastomeric
61159320_1988,"Subgroup of: 611593 Full-length or knee-length stockings, socks and other hosiery, incl. stockings for varicose veins, of synthetic fibres, knitted or crochete (1988-1989) (Q1=kg, Q2=none)",SYN,synthetic|polyamide|nylon|polyester|polypropylene|polyethylene|acrylic|elastomeric
61159320_1990,"Subgroup of: 611593 Full-length or knee-length stockings, socks and other hosiery, incl. stockings for varicose veins, of synthetic fibres, knitted or crochete (1990-2006) (Q1=kg, Q2=pair)",SYN,synthetic|polyamide|nylon|polyester|polypropylene|polyethylene|acrylic|elastomeric
61159390_1988,"Subgroup of: 611593 Full-length or knee-length stockings, socks and other hosiery, incl. stockings for varicose veins, of synthetic fibres, knitted or crochete (1988-1989) (Q1=kg, Q2=none)",SYN,synthetic|polyamide|nylon|polyester|polypropylene|polyethylene|acrylic|elastomeric
61159390_1990,"Subgroup of: 611593 Full-length or knee-length stockings, socks and other hosiery, incl. stockings for varicose veins, of synthetic fibres, knitted or crochete (1990-1997) (Q1=kg, Q2=pair)",SYN,synthetic|polyamide|nylon|polyester|polypropylene|polyethylene|acrylic|elastomeric
61159390_1998,"Subgroup of: 611593 Full-length or knee-length stockings, socks and other hosiery, incl. stockings for varicose veins, of synthetic fibres, knitted or crochete (1998-2006) (Q1=kg, Q2=pair)",SYN,synthetic|polyamide|nylon|polyester|polypropylene|polyethylene|acrylic|elastomeric
61159410_2007,"Subgroup of: 611594 Full-length or knee-length stockings, socks and other hosiery, incl. footwear without applied soles, of wool or fine animal hair, knitted or (2007-) (Q1=kg, Q2=number)",WO,\bof wool\b|fine animal hair|kashmir|cashmere|\bwool\b
61159490_2007,"Subgroup of: 611594 Full-length or knee-length stockings, socks and other hosiery, incl. footwear without applied soles, of wool or fine animal hair, knitted or (2007-) (Q1=kg, Q2=number)",WO,\bof wool\b|fine animal hair|kashmir|cashmere|\bwool\b
61159510_2007,"Subgroup of: 611595 Full-length or knee-length stockings, socks and other hosiery, incl. footwear without applied soles, of cotton, knitted or crocheted (excl. (2007-) (Q1=kg, Q2=number)",CO,\bof cotton\b|\bcotton\b
61159590_2007,"Subgroup of: 611595 Full-length or knee-length stockings, socks and other hosiery, incl. footwear without applied soles, of cotton, knitted or crocheted (excl. (2007-) (Q1=kg, Q2=number)",CO,\bof cotton\b|\bcotton\b
61159610_2007,"Subgroup of: 611596 Full-length or knee-length stockings, socks and other hosiery, incl. footwear without applied soles, of synthetic fibres, knitted or crochet (2007-) (Q1=kg, Q2=number)",SYN,synthetic|polyamide|nylon|polyester|polypropylene|polyethylene|acrylic|elastomeric
61159620_2007,"Subgroup of: 611596 Full-length or knee-length stockings, socks and other hosiery, incl. footwear without applied soles, of synthetic fibres, knitted or crochet (2007-) (Q1=kg, Q2=number)",SYN,synthetic|polyamide|nylon|polyester|polypropylene|polyethylene|acrylic|elastomeric
61159690_2007,"Subgroup of: 611596 Full-length or knee-length stockings, socks and other hosiery, incl. footwear without applied soles, of synthetic fibres, knitted or crochet (2007-) (Q1=kg, Q2=number)",SYN,synthetic|polyamide|nylon|polyester|polypropylene|polyethylene|acrylic|elastomeric
61159910_1988,"Subgroup of: 611599 Full-length or knee-length stockings, socks and other hosiery, incl. stockings for varicose veins, of textile materials, knitted or crochet (1988-1989) (Q1=kg, Q2=none)",RES,of (other )?textile materials
61159910_1990,"Subgroup of: 611599 Full-length or knee-length stockings, socks and other hosiery, incl. stockings for varicose veins, of textile materials, knitted or crochet (1990-1997) (Q1=kg, Q2=pair)",RES,of (other )?textile materials
61159910_1998,"Subgroup of: 611599 Full-length or knee-length stockings, socks and other hosiery, incl. stockings for varicose veins, of textile materials, knitted or crochet (1998-2006) (Q1=kg, Q2=pair)",RES,of (other )?textile materials
61159910_2007,"Subgroup of: 611599 Full-length or knee-length stockings, socks and other hosiery, incl. footwear without applied soles, of textile materials, knitted or croche (2007-) (Q1=kg, Q2=pair)",RES,of (other )?textile materials
61159990_1988,"Subgroup of: 611599 Full-length or knee-length stockings, socks and other hosiery, incl. stockings for varicose veins, of textile materials, knitted or crochet (1988-1989) (Q1=kg, Q2=none)",RES,of (other )?textile materials
61159990_1990,"Subgroup of: 611599 Full-length or knee-length stockings, socks and other hosiery, incl. stockings for varicose veins, of textile materials, knitted or crochet (1990-1997) (Q1=kg, Q2=pair)",RES,of (other )?textile materials
61159990_1998,"Subgroup of: 611599 Full-length or knee-length stockings, socks and other hosiery, incl. footwear without applied soles, of textile materials, knitted or croche (1998-) (Q1=kg, Q2=pair)",RES,of (other )?textile materials
61161011_1988,"Subgroup of: 611610 Gloves, mittens and mitts, impregnated, coated or covered with plastics or rubber, knitted or crocheted (1988-2021) (Q1=kg, Q2=pair)",UNK,
61161011_2022,"Subgroup of: 611610 Gloves, mittens and mitts, impregnated, coated, covered or laminated with plastics or rubber, knitted or crocheted (2022-) (Q1=kg, Q2=pair)",UNK,
61161019_1988,"Subgroup of: 611610 Gloves, mittens and mitts, impregnated, coated or covered with plastics or rubber, knitted or crocheted (1988-2021) (Q1=kg, Q2=pair)",UNK,
61161019_2022,"Subgroup of: 611610 Gloves, mittens and mitts, impregnated, coated, covered or laminated with plastics or rubber, knitted or crocheted (2022-) (Q1=kg, Q2=pair)",UNK,
61161091_1988,"Subgroup of: 611610 Gloves, mittens and mitts, impregnated, coated or covered with plastics or rubber, knitted or crocheted (1988-2021) (Q1=kg, Q2=pair)",UNK,
61161091_2022,"Subgroup of: 611610 Gloves, mittens and mitts, impregnated, coated, covered or laminated with plastics or rubber, knitted or crocheted (2022-) (Q1=kg, Q2=pair)",UNK,
61161099_1988,"Subgroup of: 611610 Gloves, mittens and mitts, impregnated, coated or covered with plastics or rubber, knitted or crocheted (1988-2021) (Q1=kg, Q2=pair)",UNK,
61161099_2022,"Subgroup of: 611610 Gloves, mittens and mitts, impregnated, coated, covered or laminated with plastics or rubber, knitted or crocheted (2022-) (Q1=kg, Q2=pair)",UNK,
61169100_1988,"Gloves, mittens and mitts, of wool or fine animal hair, knitted or crocheted (excl. for babies) (1988-2021) (Q1=kg, Q2=pair)",WO,\bof wool\b|fine animal hair|kashmir|cashmere|\bwool\b
61169100_2022,"Gloves, mittens and mitts, of wool or fine animal hair, knitted or crocheted (excl. impregnated, coated, covered or laminated with plastics or rubber, and for babies) (2022-) (Q1=kg, Q2=pair)",WO,\bof wool\b|fine animal hair|kashmir|cashmere|\bwool\b
61169200_1988,"Gloves, mittens and mitts, of cotton, knitted or crocheted (excl. impregnated, coated or covered with plastics or rubber, and for babies) (1988-2021) (Q1=kg, Q2=pair)",CO,\bof cotton\b|\bcotton\b
61169200_2022,"Gloves, mittens and mitts, of cotton, knitted or crocheted (excl. impregnated, coated, covered or laminated with plastics or rubber, and for babies) (2022-) (Q1=kg, Q2=pair)",CO,\bof cotton\b|\bcotton\b
61169300_1988,"Gloves, mittens and mitts, of synthetic fibres, knitted or crocheted (excl. impregnated, coated or covered with plastics or rubber, and for babies) (1988-2021) (Q1=kg, Q2=pair)",SYN,synthetic|polyamide|nylon|polyester|polypropylene|polyethylene|acrylic|elastomeric
61169300_2022,"Gloves, mittens and mitts, of synthetic fibres, knitted or crocheted (excl. impregnated, coated, covered or laminated with plastics or rubber, and for babies) (2022-) (Q1=kg, Q2=pair)",SYN,synthetic|polyamide|nylon|polyester|polypropylene|polyethylene|acrylic|elastomeric
61169900_1988,"Gloves, mittens and mitts, of textile materials, knitted or crocheted (excl. of wool, fine animal hair, cotton or synthetic fibres, impregnated, coate (1988-2021) (Q1=kg, Q2=pair)",RES,of (other )?textile materials
61169900_2022,"Gloves, mittens and mitts, of textile materials, knitted or crocheted (excl. of wool, fine animal hair, cotton or synthetic fibres, impregnated, coated, covered or laminated with plastics or rubber, and for babies) (2022-) (Q1=kg, Q2=pair)",RES,of (other )?textile materials
61171000_1988,"Shawls, scarves, mufflers, mantillas, veils and the like, knitted or crocheted (1988-1988) (Q1=kg, Q2=none)",UNK,
61171000_1989,"Shawls, scarves, mufflers, mantillas, veils and the like, knitted or crocheted (1989-) (Q1=kg, Q2=number)",UNK,
61172000_1988,"Ties, bow ties and cravats, knitted or crocheted (1988-1988) (Q1=kg, Q2=none)",UNK,
61172000_1989,"Ties, bow ties and cravats, knitted or crocheted (1989-2006) (Q1=kg, Q2=number)",UNK,
61178010_1988,"Subgroup of: 611780 Made up clothing accessories, knitted or crocheted n.e.s. (excl. shawls, scarves, mufflers, mantillas, veils and the like, ties, bow ties a (1988-1997) (Q1=kg, Q2=none)",UNK,
61178010_1998,"Subgroup of: 611780 Made up clothing accessories, knitted or crocheted n.e.s. (excl. shawls, scarves, mufflers, mantillas, veils and the like, ties, bow ties a (1998-1999) (Q1=kg, Q2=none)",UNK,
61178011_2000,"Subgroup of: 611780 Ties, bow ties, cravats and other made-up clothing accessories, knitted or crocheted, n.e.s. (excl. shawls, scarves, mufflers, mantillas, ve (2000-) (Q1=kg, Q2=none)",UNK,
61178019_2000,"Subgroup of: 611780 Ties, bow ties, cravats and other made-up clothing accessories, knitted or crocheted, n.e.s. (excl. shawls, scarves, mufflers, mantillas, ve (2000-) (Q1=kg, Q2=none)",UNK,
61178090_1988,"Subgroup of: 611780 Made up clothing accessories, knitted or crocheted n.e.s. (excl. shawls, scarves, mufflers, mantillas, veils and the like, ties, bow ties a (1988-1997) (Q1=kg, Q2=none)",UNK,
61178090_1998,"Subgroup of: 611780 Made up clothing accessories, knitted or crocheted n.e.s. (excl. shawls, scarves, mufflers, mantillas, veils and the like, ties, bow ties a (1998-1999) (Q1=kg, Q2=none)",UNK,
61178091_2000,"Subgroup of: 611780 Ties, bow ties, cravats and other made-up clothing accessories, knitted or crocheted, n.e.s. (excl. shawls, scarves, mufflers, mantillas, ve (2000-) (Q1=kg, Q2=none)",UNK,
61178099_2000,"Subgroup of: 611780 Made up clothing accessories, knitted or crocheted n.e.s. (excl. shawls, scarves, mufflers, mantillas, veils and the like, ties, bow ties a (2000-2006) (Q1=kg, Q2=none)",UNK,
61178099_2007,"Subgroup of: 611780 Ties, bow ties, cravats and other made-up clothing accessories, knitted or crocheted, n.e.s. (excl. shawls, scarves, mufflers, mantillas, ve (2007-) (Q1=kg, Q2=none)",UNK,
61179010_1988,"Subgroup of: 611790 Parts of garments or clothing accessories, knitted or crocheted n.e.s. (1988-1997) (Q1=kg, Q2=none)",UNK,
61179010_1998,"Subgroup of: 611790 Parts of garments or clothing accessories, knitted or crocheted, n.e.s. (1998-) (Q1=kg, Q2=none)",UNK,
61179090_1988,"Subgroup of: 611790 Parts of garments or clothing accessories, knitted or crocheted n.e.s. (1988-1997) (Q1=kg, Q2=none)",UNK,
61179090_1998,"Subgroup of: 611790 Parts of garments or clothing accessories, knitted or crocheted, n.e.s. (1998-) (Q1=kg, Q2=none)",UNK,
62011100_1988,"Men's or boys' overcoats, raincoats, car coats, capes, cloaks and similar articles, of wool or fine animal hair (excl. knitted or crocheted) (1988-2021) (Q1=kg, Q2=number)",WO,\bof wool\b|fine animal hair|kashmir|cashmere|\bwool\b
62011200_1988,"Men's or boys' overcoats, raincoats, car coats, capes, cloaks and similar articles, of cotton (excl. knitted or crocheted) (1988-2021) (Q1=kg, Q2=number)",CO,\bof cotton\b|\bcotton\b
62011300_1988,"Men's or boys' overcoats, raincoats, car coats, capes, cloaks and similar articles, of man-made fibres (excl. knitted or crocheted) (1988-2021) (Q1=kg, Q2=number)",MMF,man-made
62011900_1988,"Men's or boys' overcoats, raincoats, car coats, capes, cloaks and similar articles, of textile materials (excl. of wool or fine animal hair, cotton (1988-2021) (Q1=kg, Q2=number)",RES,of (other )?textile materials
62012000_2022,"Men's or boys' overcoats, car-coats, capes, cloaks, anoraks, incl. ski jackets, wind-cheaters, wind-jackets and similar articles, of wool or fine animal hair (excl. knitted or crocheted, suits, ensembles, jackets, blazers and trousers) (2022-) (Q1=kg, Q2=number)",WO,\bof wool\b|fine animal hair|kashmir|cashmere|\bwool\b
62013000_2022,"Men's or boys' overcoats, car-coats, capes, cloaks, anoraks, incl. ski jackets, wind-cheaters, wind-jackets and similar articles, of cotton (excl. knitted or crocheted, suits, ensembles, jackets, blazers and trousers) (2022-) (Q1=kg, Q2=number)",CO,\bof cotton\b|\bcotton\b
62014000_2022,"Men's or boys' overcoats, car-coats, capes, cloaks, anoraks, incl. ski jackets, wind-cheaters, wind-jackets and similar articles, of man-made fibres (excl. knitted or crocheted, suits, ensembles, jackets, blazers and trousers) (2022-) (Q1=kg, Q2=number)",MMF,man-made
62019000_2022,"Men's or boys' overcoats, car-coats, capes, cloaks, anoraks, incl. ski jackets, wind-cheaters, wind-jackets and similar articles, of textile materials (excl. of wool, fine animal hair, cotton or of man-made fibres, knitted or crocheted, suits, ensembles, jackets, blazers and trousers) (2022-) (Q1=kg, Q2=number)",RES,of (other )?textile materials
62019100_1988,"Men's or boys' anoraks, incl. ski jackets, windcheaters, wind-jackets and similar articles, of wool or fine animal hair (excl. knitted or crocheted, (1988-2021) (Q1=kg, Q2=number)",WO,\bof wool\b|fine animal hair|kashmir|cashmere|\bwool\b
62019200_1988,"Men's or boys' anoraks, windcheaters, wind jackets and similar articles, of cotton (not knitted or crocheted and excl. suits, ensembles, jackets, bl (1988-2021) (Q1=kg, Q2=number)",CO,\bof cotton\b|\bcotton\b
62019300_1988,"Men's or boys' anoraks, windcheaters, wind jackets and similar articles, of man-made fibres (not knitted or crocheted and excl. suits, ensembles, ja (1988-2021) (Q1=kg, Q2=number)",MMF,man-made
62019900_1988,"Men's or boys' anoraks, incl. ski jackets, windcheaters, wind-jackets and similar articles of textile materials (excl. of wool, fine animal hair, co (1988-2021) (Q1=kg, Q2=number)",RES,of (other )?textile materials
62021100_1988,"Women's or girls' overcoats, raincoats, car coats, capes, cloaks and similar articles, of wool or fine animal hair (excl. knitted or crocheted) (1988-2021) (Q1=kg, Q2=number)",WO,\bof wool\b|fine animal hair|kashmir|cashmere|\bwool\b
62021200_1988,"Women's or girls' overcoats, raincoats, car coats, capes, cloaks and similar articles, of cotton (excl. knitted or crocheted) (1988-2021) (Q1=kg, Q2=number)",CO,\bof cotton\b|\bcotton\b
62021300_1988,"Women's or girls' overcoats, raincoats, car coats, capes, cloaks and similar articles, of man-made fibres (excl. knitted or crocheted) (1988-2021) (Q1=kg, Q2=number)",MMF,man-made
62021900_1988,"Women's or girls' overcoats, raincoats, car coats, capes, cloaks and similar articles, of textile materials (excl. of wool or fine animal hair, cott (1988-2021) (Q1=kg, Q2=number)",RES,of (other )?textile materials
62022000_2022,"Women's or girls' overcoats, car-coats, capes, cloaks, anoraks, incl. ski jackets, wind-cheaters, wind-jackets and similar articles, of wool or fine animal hair (excl. knitted or crocheted, suits, ensembles, jackets, blazers and trousers) (2022-) (Q1=kg, Q2=number)",WO,\bof wool\b|fine animal hair|kashmir|cashmere|\bwool\b
62023000_2022,"Women's or girls' overcoats, car-coats, capes, cloaks, anoraks, incl. ski jackets, wind-cheaters, wind-jackets and similar articles, of cotton (excl. knitted or crocheted, suits, ensembles, jackets, blazers and trousers) (2022-) (Q1=kg, Q2=number)",CO,\bof cotton\b|\bcotton\b
62024000_2022,"Women's or girls' overcoats, car-coats, capes, cloaks, anoraks, incl. ski jackets, wind-cheaters, wind-jackets and similar articles, of man-made fibres (excl. knitted or crocheted, suits, ensembles, jackets, blazers and trousers) (2022-) (Q1=kg, Q2=number)",MMF,man-made
62029000_2022,"Women's or girls' overcoats, car-coats, capes, cloaks, anoraks, incl. ski jackets, wind-cheaters, wind-jackets and similar articles, of textile materials (excl. of wool, fine animal hair, cotton or of man-made fibres, knitted or crocheted, suits, ensembles, jackets, blazers and trousers) (2022-) (Q1=kg, Q2=number)",RES,of (other )?textile materials
62029100_1988,"Women's or girls' anoraks, incl. ski jackets, windcheaters, wind-jackets and similar articles, of wool or fine animal hair (excl. knitted or crochet (1988-2021) (Q1=kg, Q2=number)",WO,\bof wool\b|fine animal hair|kashmir|cashmere|\bwool\b
62029200_1988,"Women's or girls' anoraks, windcheaters, wind jackets and similar articles, of cotton (not knitted or crocheted and excl. suits, ensembles, jackets, (1988-2021) (Q1=kg, Q2=number)",CO,\bof cotton\b|\bcotton\b
62029300_1988,"Women's or girls' anoraks, windcheaters, wind jackets and similar articles, of man-made fibres (not knitted or crocheted and excl. suits, ensembles, (1988-2021) (Q1=kg, Q2=number)",MMF,man-made
62029900_1988,"Women's or girls' anoraks, incl. ski jackets, windcheaters, wind-jackets and similar articles, of textile materials (excl. of wool, fine animal hair (1988-2021) (Q1=kg, Q2=number)",RES,of (other )?textile materials
62031100_1988,"Men's or boys' suits of wool or fine animal hair (excl. knitted or crocheted, tracksuits, ski suits and swimwear) (1988-) (Q1=kg, Q2=number)",WO,\bof wool\b|fine animal hair|kashmir|cashmere|\bwool\b
62031200_1988,"Men's or boys' suits of synthetic fibres (excl. knitted or crocheted, tracksuits, ski suits and swimwear) (1988-) (Q1=kg, Q2=number)",SYN,synthetic|polyamide|nylon|polyester|polypropylene|polyethylene|acrylic|elastomeric
62031900_1988,"Men's or boys' suits of textile materials (excl. of wool, fine animal hair or synthetic fibres, knitted or crocheted, tracksuits, ski suits and swim (1988-) (Q1=kg, Q2=number)",RES,of (other )?textile materials
62032100_1988,"Men's or boys' ensembles of wool or fine animal hair (excl. knitted or crocheted, ski ensembles and swimwear) (1988-2006) (Q1=kg, Q2=number)",WO,\bof wool\b|fine animal hair|kashmir|cashmere|\bwool\b
62032200_1988,"Men's or boys' ensembles of cotton (excl. knitted or crocheted, ski ensembles and swimwear) (1988-) (Q1=kg, Q2=number)",CO,\bof cotton\b|\bcotton\b
62032300_1988,"Men's or boys' ensembles of synthetic fibres (excl. knitted or crocheted, ski ensembles and swimwear) (1988-) (Q1=kg, Q2=number)",SYN,synthetic|polyamide|nylon|polyester|polypropylene|polyethylene|acrylic|elastomeric
62032900_1988,"Men's or boys' ensembles of textile materials (excl. of wool, fine animal hair, cotton or synthetic fibres, knitted or crocheted, ski ensembles and swimwear) (1988-2006) (Q1=kg, Q2=number)",RES,of (other )?textile materials
62032900_2007,"Men's or boys' ensembles of textile materials (excl. of cotton or synthetic fibres, knitted or crocheted, ski ensembles and swimwear) (2007-) (Q1=kg, Q2=number)",RES,of (other )?textile materials
62033100_1988,"Men's or boys' jackets and blazers of wool or fine animal hair (excl. knitted or crocheted, and wind-jackets and similar articles) (1988-) (Q1=kg, Q2=number)",WO,\bof wool\b|fine animal hair|kashmir|cashmere|\bwool\b
62033200_1988,"Men's or boys' jackets and blazers of cotton (excl. knitted or crocheted, and wind-jackets and similar articles) (1988-) (Q1=kg, Q2=number)",CO,\bof cotton\b|\bcotton\b
62033300_1988,"Men's or boys' jackets and blazers of synthetic fibres (excl. knitted or crocheted, and wind-jackets and similar articles) (1988-) (Q1=kg, Q2=number)",SYN,synthetic|polyamide|nylon|polyester|polypropylene|polyethylene|acrylic|elastomeric
62033900_1988,"Men's or boys' jackets and blazers of textile materials (excl. of wool, fine animal hair, cotton or synthetic fibres, knitted or crocheted, and wind (1988-) (Q1=kg, Q2=number)",RES,of (other )?textile materials
62034101_1988,"Subgroup of: 620341 Men's or boys' trousers, bib and brace overalls, breeches and shorts, of wool or fine animal hair (excl. knitted or crocheted, underpants (1988-) (Q1=kg, Q2=number)",WO,\bof wool\b|fine animal hair|kashmir|cashmere|\bwool\b
62034109_1988,"Subgroup of: 620341 Men's or boys' trousers, bib and brace overalls, breeches and shorts, of wool or fine animal hair (excl. knitted or crocheted, underpants (1988-) (Q1=kg, Q2=number)",WO,\bof wool\b|fine animal hair|kashmir|cashmere|\bwool\b
62034201_1988,"Subgroup of: 620342 Men's or boys' trousers, bib and brace overalls, breeches and shorts, of cotton (excl. knitted or crocheted, underpants and swimwear) (1988-) (Q1=kg, Q2=number)",CO,\bof cotton\b|\bcotton\b
62034209_1988,"Subgroup of: 620342 Men's or boys' trousers, bib and brace overalls, breeches and shorts, of cotton (excl. knitted or crocheted, underpants and swimwear) (1988-) (Q1=kg, Q2=number)",CO,\bof cotton\b|\bcotton\b
62034301_1988,"Subgroup of: 620343 Men's or boys' trousers, bib and brace overalls, breeches and shorts of synthetic fibres (excl. knitted or crocheted, underpants and swimw (1988-) (Q1=kg, Q2=number)",SYN,synthetic|polyamide|nylon|polyester|polypropylene|polyethylene|acrylic|elastomeric
62034309_1988,"Subgroup of: 620343 Men's or boys' trousers, bib and brace overalls, breeches and shorts of synthetic fibres (excl. knitted or crocheted, underpants and swimw (1988-) (Q1=kg, Q2=number)",SYN,synthetic|polyamide|nylon|polyester|polypropylene|polyethylene|acrylic|elastomeric
62034901_1988,"Subgroup of: 620349 Men's or boys' trousers, bib and brace overalls, breeches and shorts of textile materials (excl. of wool, fine animal hair, cotton or synt (1988-) (Q1=kg, Q2=number)",RES,of (other )?textile materials
62034909_1988,"Subgroup of: 620349 Men's or boys' trousers, bib and brace overalls, breeches and shorts of textile materials (excl. of wool, fine animal hair, cotton or synt (1988-) (Q1=kg, Q2=number)",RES,of (other )?textile materials
62041100_1988,"Women's or girls' suits of wool or fine animal hair (excl. knitted or crocheted, ski overalls and swimwear) (1988-) (Q1=kg, Q2=number)",WO,\bof wool\b|fine animal hair|kashmir|cashmere|\bwool\b
62041200_1988,"Women's or girls' suits of cotton (excl. knitted or crocheted, ski overalls and swimwear) (1988-) (Q1=kg, Q2=number)",CO,\bof cotton\b|\bcotton\b
62041300_1988,"Women's or girls' suits of synthetic fibres (excl. knitted or crocheted, ski overalls and swimwear) (1988-) (Q1=kg, Q2=number)",SYN,synthetic|polyamide|nylon|polyester|polypropylene|polyethylene|acrylic|elastomeric
62041900_1988,"Women's or girls' suits of textile materials (excl. of wool, fine animal hair, cotton or synthetic fibres, knitted or crocheted, ski overalls and sw (1988-) (Q1=kg, Q2=number)",RES,of (other )?textile materials
62042100_1988,"Women's or girls' ensembles of wool or fine animal hair (excl. knitted or crocheted, ski overalls and swimwear) (1988-) (Q1=kg, Q2=number)",WO,\bof wool\b|fine animal hair|kashmir|cashmere|\bwool\b
62042200_1988,"Women's or girls' ensembles of cotton (excl. knitted or crocheted, ski overalls and swimwear) (1988-) (Q1=kg, Q2=number)",CO,\bof cotton\b|\bcotton\b
62042300_1988,"Women's or girls' ensembles of synthetic fibres (excl. knitted or crocheted, ski overalls and swimwear) (1988-) (Q1=kg, Q2=number)",SYN,synthetic|polyamide|nylon|polyester|polypropylene|polyethylene|acrylic|elastomeric
62042900_1988,"Women's or girls' ensembles of textile materials (excl. of wool, fine animal hair, cotton or synthetic fibres, knitted or crocheted, ski overalls an (1988-) (Q1=kg, Q2=number)",RES,of (other )?textile materials
62043100_1988,"Women's or girls' jackets and blazers of wool or fine animal hair (excl. knitted or crocheted, wind-jackets and similar articles) (1988-) (Q1=kg, Q2=number)",WO,\bof wool\b|fine animal hair|kashmir|cashmere|\bwool\b
62043200_1988,"Women's or girls' jackets and blazers of cotton (excl. knitted or crocheted, wind-jackets and similar articles) (1988-) (Q1=kg, Q2=number)",CO,\bof cotton\b|\bcotton\b
62043300_1988,"Women's or girls' jackets and blazers of synthetic fibres (excl. knitted or crocheted, wind-jackets and similar articles) (1988-) (Q1=kg, Q2=number)",SYN,synthetic|polyamide|nylon|polyester|polypropylene|polyethylene|acrylic|elastomeric
62043900_1988,"Women's or girls' jackets and blazers of textile materials (excl. of wool, fine animal hair, cotton or synthetic fibres, knitted or crocheted, wind- (1988-) (Q1=kg, Q2=number)",RES,of (other )?textile materials
62044100_1988,"Women's or girls' dresses of wool or fine animal hair (excl. knitted or crocheted and petticoats) (1988-) (Q1=kg, Q2=number)",WO,\bof wool\b|fine animal hair|kashmir|cashmere|\bwool\b
62044200_1988,"Women's or girls' dresses of cotton (excl. knitted or crocheted and petticoats) (1988-) (Q1=kg, Q2=number)",CO,\bof cotton\b|\bcotton\b
62044300_1988,"Women's or girls' dresses of synthetic fibres (excl. knitted or crocheted and petticoats) (1988-) (Q1=kg, Q2=number)",SYN,synthetic|polyamide|nylon|polyester|polypropylene|polyethylene|acrylic|elastomeric
62044400_1988,"Women's or girls' dresses of artificial fibres (excl. knitted or crocheted and petticoats) (1988-) (Q1=kg, Q2=number)",ART,artificial|viscose|cellulose acetate
62044900_1988,"Women's or girls' dresses of textile materials (excl. of wool, fine animal hair, cotton or man-made fibres, knitted or crocheted and petticoats) (1988-) (Q1=kg, Q2=number)",RES,of (other )?textile materials
62045100_1988,"Women's or girls' skirts and divided skirts of wool or fine animal hair (excl. knitted or crocheted and petticoats) (1988-) (Q1=kg, Q2=number)",WO,\bof wool\b|fine animal hair|kashmir|cashmere|\bwool\b
62045200_1988,"Women's or girls' skirts and divided skirts of cotton (excl. knitted or crocheted and petticoats) (1988-) (Q1=kg, Q2=number)",CO,\bof cotton\b|\bcotton\b
62045300_1988,"Women's or girls' skirts and divided skirts of synthetic fibres (excl. knitted or crocheted and petticoats) (1988-) (Q1=kg, Q2=number)",SYN,synthetic|polyamide|nylon|polyester|polypropylene|polyethylene|acrylic|elastomeric
62045900_1988,"Women's or girls' skirts and divided skirts of textile materials (excl. of wool, fine animal hair, cotton or synthetic fibres, knitted or crocheted (1988-) (Q1=kg, Q2=number)",RES,of (other )?textile materials
62046101_1988,"Subgroup of: 620461 Women's or girls' trousers, bib and brace overalls, breeches and shorts of wool or fine animal hair (excl. knitted or crocheted, panties a (1988-) (Q1=kg, Q2=number)",WO,\bof wool\b|fine animal hair|kashmir|cashmere|\bwool\b
62046109_1988,"Subgroup of: 620461 Women's or girls' trousers, bib and brace overalls, breeches and shorts of wool or fine animal hair (excl. knitted or crocheted, panties a (1988-) (Q1=kg, Q2=number)",WO,\bof wool\b|fine animal hair|kashmir|cashmere|\bwool\b
62046201_1988,"Subgroup of: 620462 Women's or girls' trousers, bib and brace overalls, breeches and shorts of cotton (excl. knitted or crocheted, panties and swimwear) (1988-) (Q1=kg, Q2=number)",CO,\bof cotton\b|\bcotton\b
62046209_1988,"Subgroup of: 620462 Women's or girls' trousers, bib and brace overalls, breeches and shorts of cotton (excl. knitted or crocheted, panties and swimwear) (1988-) (Q1=kg, Q2=number)",CO,\bof cotton\b|\bcotton\b
62046301_1988,"Subgroup of: 620463 Women's or girls' trousers, bib and brace overalls, breeches and shorts of synthetic fibres (excl. knitted or crocheted, panties and swimw (1988-) (Q1=kg, Q2=number)",SYN,synthetic|polyamide|nylon|polyester|polypropylene|polyethylene|acrylic|elastomeric
62046309_1988,"Subgroup of: 620463 Women's or girls' trousers, bib and brace overalls, breeches and shorts of synthetic fibres (excl. knitted or crocheted, panties and swimw (1988-) (Q1=kg, Q2=number)",SYN,synthetic|polyamide|nylon|polyester|polypropylene|polyethylene|acrylic|elastomeric
62046901_1988,"Subgroup of: 620469 Women's or girls' trousers, bib and brace overalls, breeches and shorts of textile materials (excl. of wool, fine animal hair, cotton or s (1988-) (Q1=kg, Q2=number)",RES,of (other )?textile materials
62046909_1988,"Subgroup of: 620469 Women's or girls' trousers, bib and brace overalls, breeches and shorts of textile materials (excl. of wool, fine animal hair, cotton or s (1988-) (Q1=kg, Q2=number)",RES,of (other )?textile materials
62051000_1988,"Men's or boys' shirts of wool or fine animal hair (excl. knitted or crocheted, nightshirts, singlets and other vests) (1988-2006) (Q1=kg, Q2=number)",WO,\bof wool\b|fine animal hair|kashmir|cashmere|\bwool\b
62052000_1988,"Men's or boys' shirts of cotton (excl. knitted or crocheted, nightshirts, singlets and other vests) (1988-) (Q1=kg, Q2=number)",CO,\bof cotton\b|\bcotton\b
62053000_1988,"Men's or boys' shirts of man-made fibres (excl. knitted or crocheted, nightshirts, singlets and other vests) (1988-) (Q1=kg, Q2=number)",MMF,man-made
62059000_1988,"Men's or boys' shirts of textile materials (excl. of wool, fine animal hair, cotton or man-made fibres, knitted or crocheted, nightshirts, singlets and other ve (1988-2006) (Q1=kg, Q2=number)",RES,of (other )?textile materials
62059000_2007,"Men's or boys' shirts of textile materials (excl. of cotton or man-made fibres, knitted or crocheted, nightshirts, singlets and other vests) (2007-) (Q1=kg, Q2=number)",RES,of (other )?textile materials
62061000_1988,"Women's or girls' blouses, shirts and shirt-blouses of silk or silk waste (excl. knitted or crocheted and vests) (1988-) (Q1=kg, Q2=number)",OTH,\bsilk\b|\bflax\b|\bjute\b|\bramie\b|\bhemp\b|coconut|abaca|sisal|coarse animal hair|vegetable textile (fibres|materials)|paper yarn
62062000_1988,"Women's or girls' blouses, shirts and shirt-blouses of wool or fine animal hair (excl. knitted or crocheted and vests) (1988-) (Q1=kg, Q2=number)",WO,\bof wool\b|fine animal hair|kashmir|cashmere|\bwool\b
62063000_1988,"Women's or girls' blouses, shirts and shirt-blouses of cotton (excl. knitted or crocheted and vests) (1988-) (Q1=kg, Q2=number)",CO,\bof cotton\b|\bcotton\b
62064000_1988,"Women's or girls' blouses, shirts and shirt-blouses of man-made fibres (excl. knitted or crocheted and vests) (1988-) (Q1=kg, Q2=number)",MMF,man-made
62069000_1988,"Women's or girls' blouses, shirts and shirt-blouses of textile materials (excl. of silk, silk waste, wool, fine animal hair, cotton or man-made fibr (1988-) (Q1=kg, Q2=number)",RES,of (other )?textile materials
62071100_1988,"Men's or boys' underpants and briefs of cotton (excl. knitted or crocheted) (1988-) (Q1=kg, Q2=number)",CO,\bof cotton\b|\bcotton\b
62071900_1988,"Men's or boys' underpants and briefs of textile materials (excl. cotton and knitted or crocheted) (1988-) (Q1=kg, Q2=number)",RES,of (other )?textile materials
62072100_1988,"Men's or boys' nightshirts and pyjamas of cotton (excl. knitted or crocheted, vests, singlets and underpants) (1988-) (Q1=kg, Q2=number)",CO,\bof cotton\b|\bcotton\b
62072200_1988,"Men's or boys' nightshirts and pyjamas of man-made fibres (excl. knitted or crocheted, vests, singlets and underpants) (1988-) (Q1=kg, Q2=number)",MMF,man-made
62072900_1988,"Men's or boys' nightshirts and pyjamas of textile materials (excl. of cotton or man-made fibres, knitted or crocheted, vests, singlets and underpant (1988-) (Q1=kg, Q2=number)",RES,of (other )?textile materials
62079100_1988,"Men's or boys' singlets and other vests, bathrobes, dressing gowns and similar articles of cotton (excl. knitted or crocheted, underpants, nightshir (1988-2022) (Q1=kg, Q2=number)",CO,\bof cotton\b|\bcotton\b
62079100_2023,"Men's or boys' singlets and other vests, bathrobes, dressing gowns and similar articles of cotton (excl. knitted or crocheted, underpants, nightshir (2023-) (Q1=kg, Q2=none)",CO,\bof cotton\b|\bcotton\b
62079200_1988,"Men's or boys' singlets and other vests, bathrobes, dressing gowns and similar articles of man-made fibres (excl. knitted or crocheted, underpants, nightshirts (1988-2006) (Q1=kg, Q2=number)",MMF,man-made
62079900_1988,"Men's or boys' singlets and other vests, bathrobes and dressing gowns of textile materials (excl. of cotton or man-made fibres, knitted or crocheted, underpants (1988-2006) (Q1=kg, Q2=number)",RES,of (other )?textile materials
62079900_2007,"Men's or boys' singlets and other vests, bathrobes and dressing gowns of textile materials (excl. of cotton, knitted or crocheted, underpants, night (2007-2022) (Q1=kg, Q2=number)",RES,of (other )?textile materials
62079900_2023,"Men's or boys' singlets and other vests, bathrobes and dressing gowns of textile materials (excl. of cotton or man-made fibres, knitted or crocheted, underpants (2023-) (Q1=kg, Q2=none)",RES,of (other )?textile materials
62081100_1988,"Women's or girls' slips and petticoats of man-made fibres (excl. knitted or crocheted and vests) (1988-) (Q1=kg, Q2=number)",MMF,man-made
62081900_1988,"Women's or girls' slips and petticoats of textile materials (excl. man-made fibres, knitted or crocheted and vests) (1988-) (Q1=kg, Q2=number)",RES,of (other )?textile materials
62082100_1988,"Women's or girls' nightdresses and pyjamas of cotton (excl. knitted or crocheted, vests and négligés) (1988-) (Q1=kg, Q2=number)",CO,\bof cotton\b|\bcotton\b
62082200_1988,"Women's or girls' nightdresses and pyjamas of man-made fibres (excl. knitted or crocheted, vests and négligés) (1988-) (Q1=kg, Q2=number)",MMF,man-made
62082900_1988,"Women's or girls' nightdresses and pyjamas of textile materials (excl. cotton and man-made fibres, knitted or crocheted, vests and négligés) (1988-) (Q1=kg, Q2=number)",RES,of (other )?textile materials
62089100_1988,"Women's or girls' singlets and other vests, briefs, panties, nÃ©gligÃ©s, bathrobes, dressing gowns, housecoats and similar articles of cotton (excl. k (1988-2022) (Q1=kg, Q2=number)",CO,\bof cotton\b|\bcotton\b
62089100_2023,"Women's or girls' singlets and other vests, briefs, panties, nÃ©gligÃ©s, bathrobes, dressing gowns, housecoats and similar articles of cotton (excl. k (2023-) (Q1=kg, Q2=none)",CO,\bof cotton\b|\bcotton\b
62089200_1988,"Women's or girls' singlets and other vests, briefs, panties, nÃ©gligÃ©s, bathrobes, dressing gowns, housecoats and similar articles of man-made fibres (1988-2022) (Q1=kg, Q2=number)",MMF,man-made
62089200_2023,"Women's or girls' singlets and other vests, briefs, panties, nÃ©gligÃ©s, bathrobes, dressing gowns, housecoats and similar articles of man-made fibres (2023-) (Q1=kg, Q2=none)",MMF,man-made
62089900_1988,"Women's or girls' singlets and other vests, briefs, panties, nÃ©gligÃ©s, bathrobes, dressing gowns, housecoats and similar articles of textile materia (1988-2022) (Q1=kg, Q2=number)",UNK,
62089900_2023,"Women's or girls' singlets and other vests, briefs, panties, nÃ©gligÃ©s, bathrobes, dressing gowns, housecoats and similar articles of textile materia (2023-) (Q1=kg, Q2=none)",UNK,
62091010_1988,"Subgroup of: 620910 Babies' garments and clothing accessories of wool or fine animal hair (excl. knitted or crocheted and hats) (1988-2006) (Q1=kg, Q2=number)",WO,\bof wool\b|fine animal hair|kashmir|cashmere|\bwool\b
62091020_1988,"Subgroup of: 620910 Babies' garments and clothing accessories of wool or fine animal hair (excl. knitted or crocheted and hats) (1988-2006) (Q1=kg, Q2=none)",WO,\bof wool\b|fine animal hair|kashmir|cashmere|\bwool\b
62091090_1988,"Subgroup of: 620910 Babies' garments and clothing accessories of wool or fine animal hair (excl. knitted or crocheted and hats) (1988-2006) (Q1=kg, Q2=number)",WO,\bof wool\b|fine animal hair|kashmir|cashmere|\bwool\b
62092010_1988,"Subgroup of: 620920 Babies' garments and clothing accessories of cotton (excl. knitted or crocheted and hats) (1988-2022) (Q1=kg, Q2=number)",CO,\bof cotton\b|\bcotton\b
62092010_2023,"Subgroup of: 620920 Babies' garments and clothing accessories of cotton (excl. knitted or crocheted and hats) (2023-) (Q1=kg, Q2=none)",CO,\bof cotton\b|\bcotton\b
62092020_1988,"Subgroup of: 620920 Babies' garments and clothing accessories of cotton (excl. knitted or crocheted and hats) (1988-2015) (Q1=kg, Q2=none)",CO,\bof cotton\b|\bcotton\b
62092080_2016,"Subgroup of: 620920 Babies' garments and clothing accessories of cotton (excl. knitted or crocheted and hats) (2016-2022) (Q1=kg, Q2=number)",CO,\bof cotton\b|\bcotton\b
62092080_2023,"Subgroup of: 620920 Babies' garments and clothing accessories of cotton (excl. knitted or crocheted and hats) (2023-) (Q1=kg, Q2=none)",CO,\bof cotton\b|\bcotton\b
62092090_1988,"Subgroup of: 620920 Babies' garments and clothing accessories of cotton (excl. knitted or crocheted and hats) (1988-2015) (Q1=kg, Q2=number)",CO,\bof cotton\b|\bcotton\b
62093010_1988,"Subgroup of: 620930 Babies' garments and clothing accessories of synthetic fibres (excl. knitted or crocheted and hats) (1988-2022) (Q1=kg, Q2=number)",SYN,synthetic|polyamide|nylon|polyester|polypropylene|polyethylene|acrylic|elastomeric
62093010_2023,"Subgroup of: 620930 Babies' garments and clothing accessories of synthetic fibres (excl. knitted or crocheted and hats) (2023-) (Q1=kg, Q2=none)",SYN,synthetic|polyamide|nylon|polyester|polypropylene|polyethylene|acrylic|elastomeric
62093020_1988,"Subgroup of: 620930 Babies' garments and clothing accessories of synthetic fibres (excl. knitted or crocheted and hats) (1988-2015) (Q1=kg, Q2=none)",SYN,synthetic|polyamide|nylon|polyester|polypropylene|polyethylene|acrylic|elastomeric
62093080_2016,"Subgroup of: 620930 Babies' garments and clothing accessories of synthetic fibres (excl. knitted or crocheted and hats) (2016-2022) (Q1=kg, Q2=number)",SYN,synthetic|polyamide|nylon|polyester|polypropylene|polyethylene|acrylic|elastomeric
62093080_2023,"Subgroup of: 620930 Babies' garments and clothing accessories of synthetic fibres (excl. knitted or crocheted and hats) (2023-) (Q1=kg, Q2=none)",SYN,synthetic|polyamide|nylon|polyester|polypropylene|polyethylene|acrylic|elastomeric
62093090_1988,"Subgroup of: 620930 Babies' garments and clothing accessories of synthetic fibres (excl. knitted or crocheted and hats) (1988-2015) (Q1=kg, Q2=number)",SYN,synthetic|polyamide|nylon|polyester|polypropylene|polyethylene|acrylic|elastomeric
62099010_1988,"Subgroup of: 620990 Babies' garments and clothing accessories of textile materials (excl. of wool or fine animal hair, cotton or synthetic fibres, knitted or c (1988-2006) (Q1=kg, Q2=number)",RES,of (other )?textile materials
62099010_2007,"Subgroup of: 620990 Babies' garments and clothing accessories of textile materials (excl. of cotton or synthetic fibres, knitted or crocheted and hats) (2007-2022) (Q1=kg, Q2=number)",RES,of (other )?textile materials
62099010_2023,"Subgroup of: 620990 Babies' garments and clothing accessories of textile materials (excl. of wool or fine animal hair, cotton or synthetic fibres, knitted or c (2023-) (Q1=kg, Q2=none)",RES,of (other )?textile materials
62099020_1988,"Subgroup of: 620990 Babies' garments and clothing accessories of textile materials (excl. of wool or fine animal hair, cotton or synthetic fibres, knitted or c (1988-2006) (Q1=kg, Q2=none)",RES,of (other )?textile materials
62099020_2007,"Subgroup of: 620990 Babies' garments and clothing accessories of textile materials (excl. of cotton or synthetic fibres, knitted or crocheted and hats) (2007-2015) (Q1=kg, Q2=none)",RES,of (other )?textile materials
62099080_2016,"Subgroup of: 620990 Babies' garments and clothing accessories of textile materials (excl. of cotton or synthetic fibres, knitted or crocheted and hats) (2016-2022) (Q1=kg, Q2=number)",RES,of (other )?textile materials
62099080_2023,"Subgroup of: 620990 Babies' garments and clothing accessories of textile materials (excl. of cotton or synthetic fibres, knitted or crocheted and hats) (2023-) (Q1=kg, Q2=none)",RES,of (other )?textile materials
62099090_1988,"Subgroup of: 620990 Babies' garments and clothing accessories of textile materials (excl. of wool or fine animal hair, cotton or synthetic fibres, knitted or c (1988-2006) (Q1=kg, Q2=number)",RES,of (other )?textile materials
62099090_2007,"Subgroup of: 620990 Babies' garments and clothing accessories of textile materials (excl. of cotton or synthetic fibres, knitted or crocheted and hats) (2007-2015) (Q1=kg, Q2=number)",RES,of (other )?textile materials
62101010_1988,"Subgroup of: 621010 Garments made up of felt or nonwovens, whether or not impregnated, coated, covered or laminated (excl. babies' garments and clothing access (1988-2022) (Q1=kg, Q2=number)",UNK,
62101010_2023,"Subgroup of: 621010 Garments made up of felt or nonwovens, whether or not impregnated, coated, covered or laminated (excl. babies' garments and clothing access (2023-) (Q1=kg, Q2=none)",UNK,
62101020_1988,"Subgroup of: 621010 Garments made up of felt or nonwovens, whether or not impregnated, coated, covered or laminated (excl. babies' garments and clothing access (1988-2022) (Q1=kg, Q2=number)",UNK,
62101020_2023,"Subgroup of: 621010 Garments made up of felt or nonwovens, whether or not impregnated, coated, covered or laminated (excl. babies' garments and clothing access (2023-) (Q1=kg, Q2=none)",UNK,
62101090_1988,"Subgroup of: 621010 Garments made up of felt or nonwovens, whether or not impregnated, coated, covered or laminated (excl. babies' garments and clothing access (1988-2022) (Q1=kg, Q2=number)",UNK,
62101090_2023,"Subgroup of: 621010 Garments made up of felt or nonwovens, whether or not impregnated, coated, covered or laminated (excl. babies' garments and clothing access (2023-) (Q1=kg, Q2=none)",UNK,
62102000_1988,"Garments of the type described in subheading 6201,11 to 6201,19, rubberised or impregnated, coated, covered or laminated with plastics or other substa (1988-2021) (Q1=kg, Q2=number)",UNK,
62102000_2022,"Garments of the type described in heading 6201, rubberised or impregnated, coated, covered or laminated with plastics or other substances (2022-) (Q1=kg, Q2=number)",UNK,
62103000_1988,"Garments of the type described in subheading 6202,11 to 6202,19, rubberised or impregnated, coated, covered or laminated with plastics or other substa (1988-2021) (Q1=kg, Q2=number)",UNK,
62103000_2022,"Garments of the type described in heading 6202, rubberised or impregnated, coated, covered or laminated with plastics or other substances (2022-) (Q1=kg, Q2=number)",UNK,
62104000_1988,"Men's or boys' garments of textile fabrics, rubberised or impregnated, coated, covered or laminated with plastics or other substances (excl. of the (1988-2021) (Q1=kg, Q2=number)",UNK,
62104000_2022,"Men's or boys' garments of textile fabrics, rubberised or impregnated, coated, covered or laminated with plastics or other substances (excl. of the type described in heading 6201, and babies' garments and clothing accessories) (2022-2022) (Q1=kg, Q2=number)",UNK,
62104000_2023,"Men's or boys' garments of textile fabrics, rubberised or impregnated, coated, covered or laminated with plastics or other substances (excl. of the type described in heading 6201, and babies' garments and clothing accessories) (2023-) (Q1=kg, Q2=none)",UNK,
62105000_1988,"Women's or girls' garments of textile fabrics, rubberised or impregnated, coated, covered or laminated with plastics or other substances (excl. of t (1988-2021) (Q1=kg, Q2=number)",UNK,
62105000_2022,"Women's or girls' garments of textile fabrics, rubberised or impregnated, coated, covered or laminated with plastics or other substances (excl. of the type described in heading 6202, and babies' garments and clothing accessories) (2022-2022) (Q1=kg, Q2=number)",UNK,
62105000_2023,"Women's or girls' garments of textile fabrics, rubberised or impregnated, coated, covered or laminated with plastics or other substances (excl. of the type described in heading 6202, and babies' garments and clothing accessories) (2023-) (Q1=kg, Q2=none)",UNK,
62111100_1988,"Men's or boys' swimwear (excl. knitted or crocheted) (1988-) (Q1=kg, Q2=number)",UNK,
62111200_1988,"Women's or girls' swimwear (excl. knitted or crocheted) (1988-) (Q1=kg, Q2=number)",UNK,
62112000_1988,"Ski suits (excl. knitted or crocheted) (1988-) (Q1=kg, Q2=number)",UNK,
62113100_1988,"Men's or boys' track suits and other garments n.e.s. of wool or fine animal hair (excl. knitted or crocheted) (1988-2006) (Q1=kg, Q2=number)",WO,\bof wool\b|fine animal hair|kashmir|cashmere|\bwool\b
62113200_1988,"Men's or boys' tracksuits and other garments, n.e.s. of cotton (excl. knitted or crocheted) (1988-) (Q1=kg, Q2=number)",CO,\bof cotton\b|\bcotton\b
62113300_1988,"Men's or boys' tracksuits and other garments, n.e.s. of man-made fibres (excl. knitted or crocheted) (1988-) (Q1=kg, Q2=number)",MMF,man-made
62113900_1988,"Men's or boys' track suits and other garments n.e.s. of textile materials (excl. of wool, fine animal hair, cotton or man-made fibres, knitted or crocheted) (1988-2006) (Q1=kg, Q2=number)",RES,of (other )?textile materials
62113900_2007,"Men's or boys' tracksuits and other garments, n.e.s. of textile materials (excl. of cotton or man-made fibres, knitted or crocheted) (2007-2022) (Q1=kg, Q2=number)",RES,of (other )?textile materials
62113900_2023,"Men's or boys' track suits and other garments n.e.s. of textile materials (excl. of wool, fine animal hair, cotton or man-made fibres, knitted or crocheted) (2023-) (Q1=kg, Q2=none)",RES,of (other )?textile materials
62114100_1988,"Women's or girls' tracksuits and other garments, n.e.s. of wool or fine animal hair (excl. knitted or crocheted) (1988-2011) (Q1=kg, Q2=number)",WO,\bof wool\b|fine animal hair|kashmir|cashmere|\bwool\b
62114200_1988,"Women's or girls' tracksuits and other garments, n.e.s. of cotton (excl. knitted or crocheted) (1988-) (Q1=kg, Q2=number)",CO,\bof cotton\b|\bcotton\b
62114300_1988,"Women's or girls' tracksuits and other garments, n.e.s. of man-made fibres (excl. knitted or crocheted) (1988-) (Q1=kg, Q2=number)",MMF,man-made
62114900_1988,"Women's or girls' tracksuits and other garments, n.e.s. of textile materials (excl. of wool, fine animal hair, cotton or man-made fibres, knitted or (1988-2011) (Q1=kg, Q2=number)",RES,of (other )?textile materials
62114900_2012,"Women's or girls' tracksuits and other garments, n.e.s. of textile materials (excl. of wool, fine animal hair, cotton or man-made fibres, knitted or crocheted and goods of 9619) (2012-2022) (Q1=kg, Q2=number)",RES,of (other )?textile materials
62114900_2023,"Women's or girls' tracksuits and other garments, n.e.s. of textile materials (excl. of wool, fine animal hair, cotton or man-made fibres, knitted or (2023-) (Q1=kg, Q2=none)",RES,of (other )?textile materials
62121000_1988,"Brassieres of all types of textile materials, whether or not elasticated, incl. knitted or crocheted (1988-) (Q1=kg, Q2=number)",UNK,all types of textile materials
62122000_1988,"Girdles and panty girdles of all types of textile materials, whether or not elasticated, incl. knitted or crocheted (excl. belts and corselets made en (1988-) (Q1=kg, Q2=number)",UNK,all types of textile materials
62123000_1988,"Corselettes of all types of textile materials, whether or not elasticated, incl. knitted or crocheted (1988-) (Q1=kg, Q2=number)",UNK,all types of textile materials
62129000_1988,"Corsets, braces, garters, suspenders and similar articles and parts thereof, incl. parts of brassieres, girdles, panty girdles and corselettes, of all (1988-) (Q1=kg, Q2=number)",UNK,
62131000_1988,"Handkerchiefs of silk or silk waste, of which no side exceeds 60 cm (excl. knitted or crocheted) (1988-2006) (Q1=kg, Q2=none)",OTH,\bsilk\b|\bflax\b|\bjute\b|\bramie\b|\bhemp\b|coconut|abaca|sisal|coarse animal hair|vegetable textile (fibres|materials)|paper yarn
62132000_1988,"Handkerchiefs of cotton, of which no side exceeds 60 cm (excl. knitted or crocheted) (1988-) (Q1=kg, Q2=none)",CO,\bof cotton\b|\bcotton\b
62139000_1988,"Handkerchiefs of textile materials, of which no side exceeds 60 cm (excl. of silk, silk waste or cotton, knitted or crocheted) (1988-2006) (Q1=kg, Q2=none)",RES,of (other )?textile materials
62139000_2007,"Handkerchiefs of textile materials, of which no side exceeds 60 cm (excl. of cotton, and knitted or crocheted) (2007-) (Q1=kg, Q2=none)",RES,of (other )?textile materials
62141000_1988,"Shawls, scarves, mufflers, mantillas, veils and similar articles of silk or silk waste (excl. knitted or crocheted) (1988-1988) (Q1=kg, Q2=none)",OTH,\bsilk\b|\bflax\b|\bjute\b|\bramie\b|\bhemp\b|coconut|abaca|sisal|coarse animal hair|vegetable textile (fibres|materials)|paper yarn
62141000_1989,"Shawls, scarves, mufflers, mantillas, veils and similar articles of silk or silk waste (excl. knitted or crocheted) (1989-) (Q1=kg, Q2=number)",OTH,\bsilk\b|\bflax\b|\bjute\b|\bramie\b|\bhemp\b|coconut|abaca|sisal|coarse animal hair|vegetable textile (fibres|materials)|paper yarn
62142000_1988,"Shawls, scarves, mufflers, mantillas, veils and similar articles of wool or fine animal hair (excl. knitted or crocheted) (1988-1988) (Q1=kg, Q2=none)",WO,\bof wool\b|fine animal hair|kashmir|cashmere|\bwool\b
62142000_1989,"Shawls, scarves, mufflers, mantillas, veils and similar articles of wool or fine animal hair (excl. knitted or crocheted) (1989-) (Q1=kg, Q2=number)",WO,\bof wool\b|fine animal hair|kashmir|cashmere|\bwool\b
62143000_1988,"Shawls, scarves, mufflers, mantillas, veils and similar articles of synthetic fibres (excl. knitted or crocheted) (1988-1988) (Q1=kg, Q2=none)",SYN,synthetic|polyamide|nylon|polyester|polypropylene|polyethylene|acrylic|elastomeric
62143000_1989,"Shawls, scarves, mufflers, mantillas, veils and similar articles of synthetic fibres (excl. knitted or crocheted) (1989-) (Q1=kg, Q2=number)",SYN,synthetic|polyamide|nylon|polyester|polypropylene|polyethylene|acrylic|elastomeric
62144000_1988,"Shawls, scarves, mufflers, mantillas, veils and similar articles of artificial fibres (excl. knitted or crocheted) (1988-1988) (Q1=kg, Q2=none)",ART,artificial|viscose|cellulose acetate
62144000_1989,"Shawls, scarves, mufflers, mantillas, veils and similar articles of artificial fibres (excl. knitted or crocheted) (1989-) (Q1=kg, Q2=number)",ART,artificial|viscose|cellulose acetate
62149000_1988,"Shawls, scarves, mufflers, mantillas, veils and similar articles of textile materials (excl. of silk, silk waste, wool, fine animal hair or man-made fibres, kni (1988-1988) (Q1=kg, Q2=none)",RES,of (other )?textile materials
62149000_1989,"Shawls, scarves, mufflers, mantillas, veils and similar articles of textile materials (excl. of silk, silk waste, wool, fine animal hair or man-made f (1989-) (Q1=kg, Q2=number)",RES,of (other )?textile materials
62151000_1988,"Ties, bow ties and cravats of silk or silk waste (excl. knitted or crocheted) (1988-1988) (Q1=kg, Q2=none)",OTH,\bsilk\b|\bflax\b|\bjute\b|\bramie\b|\bhemp\b|coconut|abaca|sisal|coarse animal hair|vegetable textile (fibres|materials)|paper yarn
62151000_1989,"Ties, bow ties and cravats of silk or silk waste (excl. knitted or crocheted) (1989-) (Q1=kg, Q2=number)",OTH,\bsilk\b|\bflax\b|\bjute\b|\bramie\b|\bhemp\b|coconut|abaca|sisal|coarse animal hair|vegetable textile (fibres|materials)|paper yarn
62152000_1988,"Ties, bow ties and cravats of man-made fibres (excl. knitted or crocheted) (1988-1988) (Q1=kg, Q2=none)",MMF,man-made
62152000_1989,"Ties, bow ties and cravats of man-made fibres (excl. knitted or crocheted) (1989-) (Q1=kg, Q2=number)",MMF,man-made
62159000_1988,"Ties, bow ties and cravats of textile materials (excl. of silk, silk waste or man-made fibres, knitted or crocheted) (1988-1988) (Q1=kg, Q2=none)",RES,of (other )?textile materials
62159000_1989,"Ties, bow ties and cravats of textile materials (excl. of silk, silk waste or man-made fibres, knitted or crocheted) (1989-) (Q1=kg, Q2=number)",RES,of (other )?textile materials
62160010_1988,"Subgroup of: 621600 Gloves, mittens and mitts, of all types of textile materials (excl. knitted or crocheted and for babies) (1988-) (Q1=kg, Q2=pair)",UNK,all types of textile materials
62160091_1988,"Subgroup of: 621600 Gloves, mittens and mitts, of all types of textile materials (excl. knitted or crocheted and for babies) (1988-) (Q1=kg, Q2=pair)",UNK,all types of textile materials
62160095_1988,"Subgroup of: 621600 Gloves, mittens and mitts, of all types of textile materials (excl. knitted or crocheted and for babies) (1988-) (Q1=kg, Q2=pair)",UNK,all types of textile materials
62160099_1988,"Subgroup of: 621600 Gloves, mittens and mitts, of all types of textile materials (excl. knitted or crocheted and for babies) (1988-) (Q1=kg, Q2=pair)",UNK,all types of textile materials
62171010_1988,"Subgroup of: 621710 Made-up clothing accessories, of all types of textile materials, n.e.s. (excl. knitted or crocheted) (1988-2022) (Q1=kg, Q2=pair)",UNK,all types of textile materials
62171010_2023,"Subgroup of: 621710 Made-up clothing accessories, of all types of textile materials, n.e.s. (excl. knitted or crocheted) (2023-) (Q1=kg, Q2=none)",UNK,all types of textile materials
62171020_1988,"Subgroup of: 621710 Made-up clothing accessories, of all types of textile materials, n.e.s. (excl. knitted or crocheted) (1988-2022) (Q1=kg, Q2=pair)",UNK,all types of textile materials
62171020_2023,"Subgroup of: 621710 Made-up clothing accessories, of all types of textile materials, n.e.s. (excl. knitted or crocheted) (2023-) (Q1=kg, Q2=none)",UNK,all types of textile materials
62171090_1988,"Subgroup of: 621710 Made up clothing accessories, of all types of textile materials n.e.s. (excl. knitted or crocheted) (1988-1999) (Q1=kg, Q2=none)",UNK,all types of textile materials
62171091_2000,"Subgroup of: 621710 Made-up clothing accessories, of all types of textile materials, n.e.s. (excl. knitted or crocheted) (2000-) (Q1=kg, Q2=none)",UNK,all types of textile materials
62171099_2000,"Subgroup of: 621710 Made-up clothing accessories, of all types of textile materials, n.e.s. (excl. knitted or crocheted) (2000-) (Q1=kg, Q2=none)",UNK,all types of textile materials
62179000_1988,"Parts of garments or clothing accessories, of all types of textile materials, n.e.s. (excl. knitted or crocheted) (1988-) (Q1=kg, Q2=none)",UNK,all types of textile materials
63011000_1988,"Electric blankets of all types of textile materials (1988-2000) (Q1=kg, Q2=none)",UNK,all types of textile materials
63011000_2001,"Electric blankets of all types of textile materials (2001-) (Q1=kg, Q2=number)",UNK,all types of textile materials
63012000_1988,"Blankets and travelling rugs of wool or fine animal hair (excl. electric, table covers, bedspreads and articles of bedding and similar furnishing of h (1988-) (Q1=kg, Q2=none)",WO,\bof wool\b|fine animal hair|kashmir|cashmere|\bwool\b
63013000_1988,"Blankets and travelling rugs of cotton (excl. electric, table covers, bedspreads and articles of bedding and similar furnishing of heading 9404) (1988-) (Q1=kg, Q2=none)",CO,\bof cotton\b|\bcotton\b
63014000_1988,"Blankets and travelling rugs of synthetic fibres (excl. electric, table covers, bedspreads and articles of bedding and similar furnishing of heading 9 (1988-) (Q1=kg, Q2=none)",SYN,synthetic|polyamide|nylon|polyester|polypropylene|polyethylene|acrylic|elastomeric
63019000_1988,"Blankets and travelling rugs of textile materials (excl. of wool or fine animal hair, cotton or synthetic fibres, electric, table covers, bedspreads a (1988-) (Q1=kg, Q2=none)",RES,of (other )?textile materials
63021000_1988,"Bedlinen, knitted or crocheted (1988-) (Q1=kg, Q2=none)",UNK,
63022100_1988,"Printed bedlinen of cotton (excl. knitted or crocheted) (1988-) (Q1=kg, Q2=none)",CO,\bof cotton\b|\bcotton\b
63022210_1988,"Subgroup of: 630222 Printed bedlinen of man-made fibres (excl. knitted or crocheted) (1988-) (Q1=kg, Q2=none)",MMF,man-made
63022290_1988,"Subgroup of: 630222 Printed bedlinen of man-made fibres (excl. knitted or crocheted) (1988-) (Q1=kg, Q2=none)",MMF,man-made
63022900_1988,"Printed bedlinen of textile materials (excl. cotton and man-made fibres, knitted or crocheted) (1988-) (Q1=kg, Q2=none)",RES,of (other )?textile materials
63023100_1988,"Bedlinen of cotton (excl. printed, knitted or crocheted) (1988-) (Q1=kg, Q2=none)",CO,\bof cotton\b|\bcotton\b
63023210_1988,"Subgroup of: 630232 Bedlinen of man-made fibres (excl. printed, knitted or crocheted) (1988-) (Q1=kg, Q2=none)",MMF,man-made
63023290_1988,"Subgroup of: 630232 Bedlinen of man-made fibres (excl. printed, knitted or crocheted) (1988-) (Q1=kg, Q2=none)",MMF,man-made
63023900_1988,"Bedlinen of textile materials (excl. of cotton and man-made fibres, printed, knitted or crocheted) (1988-) (Q1=kg, Q2=none)",RES,of (other )?textile materials
63024000_1988,"Table linen, knitted or crocheted (1988-) (Q1=kg, Q2=none)",UNK,
63025100_1988,"Table linen of cotton (excl. knitted or crocheted) (1988-) (Q1=kg, Q2=none)",CO,\bof cotton\b|\bcotton\b
63025200_1988,"Table linen of flax (excl. knitted or crocheted) (1988-2006) (Q1=kg, Q2=none)",OTH,\bsilk\b|\bflax\b|\bjute\b|\bramie\b|\bhemp\b|coconut|abaca|sisal|coarse animal hair|vegetable textile (fibres|materials)|paper yarn
63025310_1988,"Subgroup of: 630253 Table linen of man-made fibres (excl. knitted or crocheted) (1988-) (Q1=kg, Q2=none)",MMF,man-made
63025390_1988,"Subgroup of: 630253 Table linen of man-made fibres (excl. knitted or crocheted) (1988-) (Q1=kg, Q2=none)",MMF,man-made
63025900_1988,"Table linen of textile materials (excl. of cotton, flax or man-made fibres, knitted or crocheted) (1988-2006) (Q1=kg, Q2=none)",RES,of (other )?textile materials
63025900_2007,"Table linen of textile materials (excl. of cotton or man-made fibres, knitted or crocheted) (2007-) (Q1=kg, Q2=none)",RES,of (other )?textile materials
63026000_1988,"Toilet linen and kitchen linen, of terry towelling or similar terry fabrics of cotton (excl. floorcloths, polishing cloths, dishcloths and dusters) (1988-) (Q1=kg, Q2=none)",CO,\bof cotton\b|\bcotton\b
63029100_1988,"Toilet linen and kitchen linen of cotton (excl. of terry fabrics, floorcloths, polishing cloths, dishcloths and dusters) (1988-) (Q1=kg, Q2=none)",CO,\bof cotton\b|\bcotton\b
63029200_1988,"Toilet linen and kitchen linen of flax (excl. floor-cloths, polishing-cloths, dish-cloths and dusters) (1988-2006) (Q1=kg, Q2=none)",OTH,\bsilk\b|\bflax\b|\bjute\b|\bramie\b|\bhemp\b|coconut|abaca|sisal|coarse animal hair|vegetable textile (fibres|materials)|paper yarn
63029310_1988,"Subgroup of: 630293 Toilet linen and kitchen linen of man-made fibres (excl. floorcloths, polishing cloths, dishcloths and dusters) (1988-) (Q1=kg, Q2=none)",MMF,man-made
63029390_1988,"Subgroup of: 630293 Toilet linen and kitchen linen of man-made fibres (excl. floorcloths, polishing cloths, dishcloths and dusters) (1988-) (Q1=kg, Q2=none)",MMF,man-made
63029900_1988,"Toilet linen and kitchen linen of textile materials (excl. of cotton, flax or man-made fibres, floor-cloths, polishing-cloths, dish-cloths and dusters) (1988-2006) (Q1=kg, Q2=none)",RES,of (other )?textile materials
63029900_2007,"Toilet linen and kitchen linen of textile materials (excl. of cotton or man-made fibres, floorcloths, polishing cloths, dishcloths and dusters) (2007-) (Q1=kg, Q2=none)",RES,of (other )?textile materials
63031100_1988,"Curtains, incl. drapes, and interior blinds, curtain or bed valances of cotton, knitted or crocheted (excl. awnings and sunblinds) (1988-2006) (Q1=kg, Q2=none)",CO,\bof cotton\b|\bcotton\b
63031200_1988,"Curtains, incl. drapes, and interior blinds, curtain or bed valances of synthetic fibres, knitted or crocheted (excl. awnings and sunblinds) (1988-) (Q1=kg, Q2=none)",SYN,synthetic|polyamide|nylon|polyester|polypropylene|polyethylene|acrylic|elastomeric
63031900_1988,"Curtains, incl. drapes, and interior blinds, curtain or bed valances, knitted or crocheted (excl. of cotton or synthetic fibres, awnings and sunblinds) (1988-2006) (Q1=kg, Q2=none)",UNK,
63031900_2007,"Curtains, incl. drapes, and interior blinds, curtain or bed valances, knitted or crocheted (excl. of synthetic fibres, awnings and sunblinds) (2007-) (Q1=kg, Q2=none)",UNK,
63039110_1988,"Subgroup of: 630391 Curtains, incl. drapes, and interior blinds, curtain or bed valances of cotton (excl. knitted or crocheted, awnings and sunblinds) (1988-) (Q1=kg, Q2=none)",CO,\bof cotton\b|\bcotton\b
63039190_1988,"Subgroup of: 630391 Curtains, incl. drapes, and interior blinds, curtain or bed valances of cotton (excl. knitted or crocheted, awnings and sunblinds) (1988-) (Q1=kg, Q2=none)",CO,\bof cotton\b|\bcotton\b
63039210_1988,"Subgroup of: 630392 Curtains, incl. drapes, and interior blinds, curtain or bed valances of synthetic fibres (excl. knitted or crocheted, awnings and sunblinds) (1988-) (Q1=kg, Q2=none)",SYN,synthetic|polyamide|nylon|polyester|polypropylene|polyethylene|acrylic|elastomeric
63039290_1988,"Subgroup of: 630392 Curtains, incl. drapes, and interior blinds, curtain or bed valances of synthetic fibres (excl. knitted or crocheted, awnings and sunblinds) (1988-) (Q1=kg, Q2=none)",SYN,synthetic|polyamide|nylon|polyester|polypropylene|polyethylene|acrylic|elastomeric
63039910_1988,"Subgroup of: 630399 Curtains, incl. drapes, and interior blinds, curtain or bed valances of textile materials (excl. of cotton and synthetic fibres, knitted or (1988-) (Q1=kg, Q2=none)",RES,of (other )?textile materials
63039990_1988,"Subgroup of: 630399 Curtains, incl. drapes, and interior blinds, curtain or bed valances of textile materials (excl. of cotton and synthetic fibres, knitted or (1988-) (Q1=kg, Q2=none)",RES,of (other )?textile materials
63041100_1988,"Knitted or crocheted bedspreads (excl. bedlinen, quilts and eiderdowns) (1988-) (Q1=kg, Q2=none)",UNK,
63041910_1988,"Subgroup of: 630419 Bedspreads of all types of textile materials (excl. knitted or crocheted, bedlinen, quilts and eiderdowns) (1988-) (Q1=kg, Q2=none)",UNK,all types of textile materials
63041990_1988,"Subgroup of: 630419 Bedspreads of all types of textile materials (excl. knitted or crocheted, bedlinen, quilts and eiderdowns) (1988-) (Q1=kg, Q2=none)",UNK,all types of textile materials
63042000_2017,"Bed nets, warp knit, antimalarial (2017-) (Q1=kg, Q2=none)",UNK,
63049100_1988,"Articles for interior furnishing, knitted or crocheted (excl. blankets and travelling rugs, bedlinen, table linen, toilet linen, kitchen linen, curtai (1988-2016) (Q1=kg, Q2=none)",UNK,
63049100_2017,"Articles for interior furnishing, knitted or crocheted (excl. blankets and travelling rugs, bedlinen, table linen, toilet linen, kitchen linen, curtains, incl. drapes, interior blinds, curtain or bed valances, bedspreads, antimalarial bed nets, lamps  (2017-) (Q1=kg, Q2=none)",UNK,
63049200_1988,"Articles for interior furnishing, of cotton (excl. knitted or crocheted, blankets and travelling rugs, bedlinen, table linen, toilet linen, kitchen li (1988-) (Q1=kg, Q2=none)",CO,\bof cotton\b|\bcotton\b
63049300_1988,"Articles for interior furnishing, of synthetic fibres (excl. knitted or crocheted, blankets and travelling rugs, bedlinen, table linen, toilet linen, (1988-) (Q1=kg, Q2=none)",SYN,synthetic|polyamide|nylon|polyester|polypropylene|polyethylene|acrylic|elastomeric
63049900_1988,"Articles for interior furnishing, of textile materials (excl. of cotton or synthetic fibres, knitted or crocheted, blankets and travelling rugs, bedli (1988-) (Q1=kg, Q2=none)",RES,of (other )?textile materials
63051010_1988,"Subgroup of: 630510 Sacks and bags, for the packing of goods, of jute or other textile bast fibres of heading 5303 (1988-) (Q1=kg, Q2=none)",OTH,\bsilk\b|\bflax\b|\bjute\b|\bramie\b|\bhemp\b|coconut|abaca|sisal|coarse animal hair|vegetable textile (fibres|materials)|paper yarn
63051090_1988,"Subgroup of: 630510 Sacks and bags, for the packing of goods, of jute or other textile bast fibres of heading 5303 (1988-) (Q1=kg, Q2=none)",OTH,\bsilk\b|\bflax\b|\bjute\b|\bramie\b|\bhemp\b|coconut|abaca|sisal|coarse animal hair|vegetable textile (fibres|materials)|paper yarn
63052000_2016,"Sacks and bags, for the packing of goods, of cotton (2016-) (Q1=kg, Q2=none)",CO,\bof cotton\b|\bcotton\b
63052010_1988,"Subgroup of: 630520 Sacks and bags, for the packing of goods, of cotton (1988-2015) (Q1=kg, Q2=none)",CO,\bof cotton\b|\bcotton\b
63052090_1988,"Subgroup of: 630520 Sacks and bags, for the packing of goods, of cotton (1988-2015) (Q1=kg, Q2=none)",CO,\bof cotton\b|\bcotton\b
63053110_1988,"Subgroup of: 630531 Sacks and bags, for the packing of goods, of polyethylene or polypropylene strip or similar (1988-1995) (Q1=kg, Q2=none)",SYN,synthetic|polyamide|nylon|polyester|polypropylene|polyethylene|acrylic|elastomeric
63053190_1988,"Subgroup of: 630531 Sacks and bags, for the packing of goods, of polyethylene or polypropylene strip or similar (1988-1995) (Q1=kg, Q2=none)",SYN,synthetic|polyamide|nylon|polyester|polypropylene|polyethylene|acrylic|elastomeric
63053200_1996,"Flexible intermediate bulk containers, for the packing of goods, of synthetic or man-made textile materials (1996-) (Q1=kg, Q2=none)",SYN,synthetic|polyamide|nylon|polyester|polypropylene|polyethylene|acrylic|elastomeric
63053300_2016,"Sacks and bags, for the packing of goods, of polyethylene or polypropylene strip or the like (excl. flexible intermediate bulk containers) (2016-) (Q1=kg, Q2=none)",SYN,synthetic|polyamide|nylon|polyester|polypropylene|polyethylene|acrylic|elastomeric
63053310_1996,"Subgroup of: 630533 Sacks and bags, for the packing of goods, of polyethylene or polypropylene strip or the like (excl. flexible intermediate bulk containers) (1996-2015) (Q1=kg, Q2=none)",SYN,synthetic|polyamide|nylon|polyester|polypropylene|polyethylene|acrylic|elastomeric
63053390_1996,"Subgroup of: 630533 Sacks and bags, for the packing of goods, of polyethylene or polypropylene strip or the like (excl. flexible intermediate bulk containers) (1996-2015) (Q1=kg, Q2=none)",SYN,synthetic|polyamide|nylon|polyester|polypropylene|polyethylene|acrylic|elastomeric
63053900_2016,"Sacks and bags, for the packing of goods, of man-made textile materials (excl. of polyethylene or polypropylene strip or the like, and flexi (2016-) (Q1=kg, Q2=none)",MMF,man-made
63053910_1988,"Subgroup of: 630539 Sacks and bags, for the packing of goods, of man-made textile materials (excl. of polyethylene or polypropylene strip or the like, and flexi (1988-2015) (Q1=kg, Q2=none)",MMF,man-made
63053920_1988,"Subgroup of: 630539 Sacks and bags, for the packing of goods, of man-made textile materials (excl. of polyethylene or polypropylene strip or the like, and flexi (1988-2015) (Q1=kg, Q2=none)",MMF,man-made
63053990_1988,"Subgroup of: 630539 Sacks and bags, for the packing of goods, of man-made textile materials (excl. of polyethylene or polypropylene strip or the like, and flexi (1988-2015) (Q1=kg, Q2=none)",MMF,man-made
63059000_2016,"Sacks and bags, for the packing of goods, of textile materials (excl. man-made, cotton, jute or other textile bast fibres of heading 5303) (2016-) (Q1=kg, Q2=none)",RES,of (other )?textile materials
63059010_1988,"Subgroup of: 630590 Sacks and bags, for the packing of goods, of textile materials (excl. man-made, cotton, jute or other textile bast fibres of heading 5303) (1988-2015) (Q1=kg, Q2=none)",RES,of (other )?textile materials
63059020_1988,"Subgroup of: 630590 Sacks and bags, for the packing of goods, of textile materials (excl. man-made, cotton, jute or other textile bast fibres of heading 5303) (1988-2015) (Q1=kg, Q2=none)",RES,of (other )?textile materials
63059090_1988,"Subgroup of: 630590 Sacks and bags, for the packing of goods, of textile materials (excl. man-made, cotton, jute or other textile bast fibres of heading 5303) (1988-2015) (Q1=kg, Q2=none)",RES,of (other )?textile materials
63061100_1988,"Tarpaulins, awnings and sunblinds of cotton (excl. flat covers of light fabrics made up as tarpaulins) (1988-2006) (Q1=kg, Q2=none)",CO,\bof cotton\b|\bcotton\b
63061200_1988,"Tarpaulins, awnings and sunblinds of synthetic fibres (excl. flat covers of light fabrics made up as tarpaulins) (1988-) (Q1=kg, Q2=none)",SYN,synthetic|polyamide|nylon|polyester|polypropylene|polyethylene|acrylic|elastomeric
63061900_1988,"Tarpaulins, awnings and sunblinds of textile materials (excl. cotton or synthetic fibres and flat covers of light fabrics made up as tarpaulins) (1988-2006) (Q1=kg, Q2=none)",RES,of (other )?textile materials
63061900_2007,"Tarpaulins, awnings and sunblinds of textile materials (excl. of synthetic fibres and flat covers of light fabrics made up as tarpaulins) (2007-) (Q1=kg, Q2=none)",RES,of (other )?textile materials
63062100_1988,"Tents of cotton (excl. fly sheets) (1988-1988) (Q1=kg, Q2=number)",CO,\bof cotton\b|\bcotton\b
63062101_1989,"Subgroup of: 630621 Tents of cotton (excl. fly sheets) (1989-2006) (Q1=kg, Q2=number)",CO,\bof cotton\b|\bcotton\b
63062109_1989,"Subgroup of: 630621 Tents of cotton (excl. fly sheets) (1989-2006) (Q1=kg, Q2=number)",CO,\bof cotton\b|\bcotton\b
63062200_1988,"Tents of synthetic fibres (excl. fly sheets) (1988-1988) (Q1=kg, Q2=number)",SYN,synthetic|polyamide|nylon|polyester|polypropylene|polyethylene|acrylic|elastomeric
63062201_1989,"Subgroup of: 630622 Tents of synthetic fibres (excl. fly sheets) (1989-2022) (Q1=kg, Q2=number)",SYN,synthetic|polyamide|nylon|polyester|polypropylene|polyethylene|acrylic|elastomeric
63062201_2023,"Subgroup of: 630622 Tents of synthetic fibres (excl. fly sheets) (2023-) (Q1=kg, Q2=none)",SYN,synthetic|polyamide|nylon|polyester|polypropylene|polyethylene|acrylic|elastomeric
63062209_1989,"Subgroup of: 630622 Tents of synthetic fibres (excl. fly sheets) (1989-2022) (Q1=kg, Q2=number)",SYN,synthetic|polyamide|nylon|polyester|polypropylene|polyethylene|acrylic|elastomeric
63062209_2023,"Subgroup of: 630622 Tents of synthetic fibres (excl. fly sheets) (2023-) (Q1=kg, Q2=none)",SYN,synthetic|polyamide|nylon|polyester|polypropylene|polyethylene|acrylic|elastomeric
63062900_1988,"Tents of textile materials (excl. cotton or synthetic fibres and fly sheets) (1988-2006) (Q1=kg, Q2=number)",RES,of (other )?textile materials
63062900_2007,"Tents of textile materials (excl. of synthetic fibres and fly sheets) (2007-) (Q1=kg, Q2=number)",RES,of (other )?textile materials
63063000_2007,"Sails for boats, sailboards or landcraft, of textile materials (2007-) (Q1=kg, Q2=none)",RES,of (other )?textile materials
63063100_1988,"Sails for boats, sailboards and landcraft, of synthetic fibres (1988-2006) (Q1=kg, Q2=none)",SYN,synthetic|polyamide|nylon|polyester|polypropylene|polyethylene|acrylic|elastomeric
63063900_1988,"Sails for boats, sailboards and landcraft, of textile materials (excl. synthetic fibres) (1988-2006) (Q1=kg, Q2=none)",RES,of (other )?textile materials
63064000_2007,"Pneumatic mattresses of textile materials (2007-) (Q1=kg, Q2=number)",RES,of (other )?textile materials
63064100_1988,"Pneumatic mattresses of cotton (1988-1988) (Q1=kg, Q2=none)",CO,\bof cotton\b|\bcotton\b
63064100_1989,"Pneumatic mattresses of cotton (1989-2006) (Q1=kg, Q2=number)",CO,\bof cotton\b|\bcotton\b
63064900_1988,"Pneumatic mattresses of textile materials (excl. cotton) (1988-1988) (Q1=kg, Q2=none)",RES,of (other )?textile materials
63064900_1989,"Pneumatic mattresses of textile materials (excl. cotton) (1989-2006) (Q1=kg, Q2=number)",RES,of (other )?textile materials
63069000_2012,"Camping goods of textile materials (excl. tents, awnings and sunblinds, sails, pneumatic mattresses, rucksacks, knapsacks and similar receptacles, filled sleeping bags, mattresses and cushions) (2012-) (Q1=kg, Q2=none)",RES,of (other )?textile materials
63069100_1988,"Camping goods of cotton (excl. tents, awnings and sunblinds, sails, pneumatic mattresses, rucksacks, knapsacks and similar receptacles, filled sleepin (1988-2011) (Q1=kg, Q2=none)",CO,\bof cotton\b|\bcotton\b
63069910_1988,"Subgroup of: 630699 Camping goods of textile materials (excl. of cotton, tents, awnings and sunblinds, sails, pneumatic mattresses, rucksacks, knapsacks and sim (1988-2011) (Q1=kg, Q2=none)",RES,of (other )?textile materials
63069990_1988,"Subgroup of: 630699 Camping goods of textile materials (excl. of cotton, tents, awnings and sunblinds, sails, pneumatic mattresses, rucksacks, knapsacks and sim (1988-2011) (Q1=kg, Q2=none)",RES,of (other )?textile materials
63071010_1988,"Subgroup of: 630710 Floorcloths, dishcloths, dusters and similar cleaning cloths, of all types of textile materials (1988-) (Q1=kg, Q2=none)",UNK,all types of textile materials
63071020_1988,"Subgroup of: 630710 Floorcloths, dishcloths, dusters and similar cleaning cloths, of all types of textile materials (1988-) (Q1=kg, Q2=none)",UNK,all types of textile materials
63071090_1988,"Subgroup of: 630710 Floorcloths, dishcloths, dusters and similar cleaning cloths, of all types of textile materials (1988-) (Q1=kg, Q2=none)",UNK,all types of textile materials
63072010_1988,"Subgroup of: 630720 Life jackets and life belts, of all types of textile materials (1988-) (Q1=kg, Q2=none)",UNK,all types of textile materials
63072020_1988,"Subgroup of: 630720 Life jackets and life belts, of all types of textile materials (1988-) (Q1=kg, Q2=none)",UNK,all types of textile materials
63072090_1988,"Subgroup of: 630720 Life jackets and life belts, of all types of textile materials (1988-) (Q1=kg, Q2=none)",UNK,all types of textile materials
63079010_1988,"Subgroup of: 630790 Made-up articles of textile materials, incl. dress patterns, n.e.s. (1988-) (Q1=kg, Q2=none)",RES,of (other )?textile materials
63079020_1988,"Subgroup of: 630790 Made-up articles of textile materials, incl. dress patterns, n.e.s. (1988-) (Q1=kg, Q2=none)",RES,of (other )?textile materials
63079040_1988,"Subgroup of: 630790 Made-up articles of textile materials, incl. dress patterns, n.e.s. (1988-2015) (Q1=kg, Q2=none)",RES,of (other )?textile materials
63079080_2016,"Subgroup of: 630790 Made-up articles of textile materials, incl. dress patterns, n.e.s. (2016-) (Q1=kg, Q2=none)",RES,of (other )?textile materials
63079090_1988,"Subgroup of: 630790 Made-up articles of textile materials, incl. dress patterns, n.e.s. (1988-2015) (Q1=kg, Q2=none)",RES,of (other )?textile materials
63080000_1988,"Sets consisting of woven fabric and yarn, whether or not with accessories, for making up into rugs, tapestries, embroidered tablecloths or serviettes, (1988-) (Q1=kg, Q2=none)",UNK,
63090000_1988,"Worn clothing and clothing accessories, blankets and travelling rugs, household linen and articles for interior furnishing, of all types of textile ma (1988-) (Q1=kg, Q2=none)",UNK,
63101000_1988,"Used or new rags, scrap twine, cordage, rope and cables and worn-out articles thereof, of textile materials, sorted (1988-) (Q1=kg, Q2=none)",RES,of (other )?textile materials
63109000_1988,"Used or new rags, scrap twine, cordage, rope and cables and worn-out articles thereof, of textile materials (excl. sorted) (1988-) (Q1=kg, Q2=none)",RES,of (other )?textile materials
64011010_1988,"Subgroup of: 640110 Waterproof footwear incorporating a protective metal toecap, with outer soles and uppers of rubber or of plastics, the uppers of which are n (1988-) (Q1=kg, Q2=pair)",UNK,
64011090_1988,"Subgroup of: 640110 Waterproof footwear incorporating a protective metal toecap, with outer soles and uppers of rubber or of plastics, the uppers of which are n (1988-) (Q1=kg, Q2=pair)",UNK,
64019110_1988,"Subgroup of: 640191 Waterproof footwear covering the knee, with outer soles and uppers of rubber or of plastics, the uppers of which are neither fixed to the s (1988-2006) (Q1=kg, Q2=pair)",UNK,
64019190_1988,"Subgroup of: 640191 Waterproof footwear covering the knee, with outer soles and uppers of rubber or of plastics, the uppers of which are neither fixed to the s (1988-2006) (Q1=kg, Q2=pair)",UNK,
64019210_1988,"Subgroup of: 640192 Waterproof footwear covering the ankle, but not the knee, with outer soles and uppers of rubber or of plastics, the uppers of which are neit (1988-) (Q1=kg, Q2=pair)",UNK,
64019290_1988,"Subgroup of: 640192 Waterproof footwear covering the ankle, but not the knee, with outer soles and uppers of rubber or of plastics, the uppers of which are neit (1988-) (Q1=kg, Q2=pair)",UNK,
64019910_1988,"Subgroup of: 640199 Waterproof footwear covering neither the ankle nor the knee, with outer soles and uppers of rubber or of plastics, the uppers of which are (1988-2006) (Q1=kg, Q2=pair)",UNK,
64019910_2007,"Subgroup of: 640199 Waterproof footwear covering neither the ankle nor the knee, with outer soles and uppers of rubber or of plastics, the uppers of which are n (2007-) (Q1=kg, Q2=pair)",UNK,
64019990_1988,"Subgroup of: 640199 Waterproof footwear covering neither the ankle nor the knee, with outer soles and uppers of rubber or of plastics, the uppers of which are (1988-2006) (Q1=kg, Q2=pair)",UNK,
64019990_2007,"Subgroup of: 640199 Waterproof footwear covering neither the ankle nor the knee, with outer soles and uppers of rubber or of plastics, the uppers of which are n (2007-) (Q1=kg, Q2=pair)",UNK,
64021110_1988,"Subgroup of: 640211 Ski boots and cross-country ski footwear, with outer soles and uppers of rubber or plastics (excl. waterproof footwear of heading 6401) (1988-1995) (Q1=kg, Q2=pair)",UNK,
64021190_1988,"Subgroup of: 640211 Ski boots and cross-country ski footwear, with outer soles and uppers of rubber or plastics (excl. waterproof footwear of heading 6401) (1988-1995) (Q1=kg, Q2=pair)",UNK,
64021210_1996,"Subgroup of: 640212 Ski-boots, cross-country ski footwear and snowboard boots, with outer soles and uppers of rubber or plastics (excl. waterproof footwear of h (1996-) (Q1=kg, Q2=pair)",UNK,
64021290_1996,"Subgroup of: 640212 Ski-boots, cross-country ski footwear and snowboard boots, with outer soles and uppers of rubber or plastics (excl. waterproof footwear of h (1996-) (Q1=kg, Q2=pair)",UNK,
64021910_1988,"Subgroup of: 640219 Sports footwear with outer soles and uppers of rubber or plastics (excl. waterproof footwear of heading 6401, ski-boots and cross-country s (1988-1995) (Q1=kg, Q2=pair)",UNK,
64021910_1996,"Subgroup of: 640219 Sports footwear with outer soles and uppers of rubber or plastics (excl. waterproof footwear of heading 6401, ski-boots, cross-country ski f (1996-) (Q1=kg, Q2=pair)",UNK,
64021990_1988,"Subgroup of: 640219 Sports footwear with outer soles and uppers of rubber or plastics (excl. waterproof footwear of heading 6401, ski-boots and cross-country s (1988-1995) (Q1=kg, Q2=pair)",UNK,
64021990_1996,"Subgroup of: 640219 Sports footwear with outer soles and uppers of rubber or plastics (excl. waterproof footwear of heading 6401, ski-boots, cross-country ski f (1996-) (Q1=kg, Q2=pair)",UNK,
64022010_1988,"Subgroup of: 640220 Footwear with outer soles and uppers of rubber or plastics, with upper straps or thongs assembled to the sole by means of plugs (excl. toy f (1988-) (Q1=kg, Q2=pair)",UNK,
64022090_1988,"Subgroup of: 640220 Footwear with outer soles and uppers of rubber or plastics, with upper straps or thongs assembled to the sole by means of plugs (excl. toy f (1988-) (Q1=kg, Q2=pair)",UNK,
64023010_1988,"Subgroup of: 640230 Footwear, incorporating a protective metal toe-cap, with outer soles and uppers of rubber or plastics (excl. waterproof footwear of heading (1988-2006) (Q1=kg, Q2=pair)",UNK,
64023090_1988,"Subgroup of: 640230 Footwear, incorporating a protective metal toe-cap, with outer soles and uppers of rubber or plastics (excl. waterproof footwear of heading (1988-2006) (Q1=kg, Q2=pair)",UNK,
64029110_1988,"Subgroup of: 640291 Footwear covering the ankle, with outer soles and uppers of rubber or plastics (excl. incorporating a protective metal toe-cap, waterproof (1988-2006) (Q1=kg, Q2=pair)",UNK,
64029110_2007,"Subgroup of: 640291 Footwear covering the ankle, with outer soles and uppers of rubber or plastics (excl. waterproof footwear of heading 6401, sports footwear, (2007-) (Q1=kg, Q2=pair)",UNK,
64029190_1988,"Subgroup of: 640291 Footwear covering the ankle, with outer soles and uppers of rubber or plastics (excl. incorporating a protective metal toe-cap, waterproof (1988-2006) (Q1=kg, Q2=pair)",UNK,
64029190_2007,"Subgroup of: 640291 Footwear covering the ankle, with outer soles and uppers of rubber or plastics (excl. waterproof footwear of heading 6401, sports footwear, (2007-) (Q1=kg, Q2=pair)",UNK,
64029910_1988,"Subgroup of: 640299 Footwear with outer soles and uppers of rubber or plastics (excl. covering the ankle or with upper straps or thongs assembled to the sole b (1988-2006) (Q1=kg, Q2=pair)",UNK,
64029910_2007,"Subgroup of: 640299 Footwear with outer soles and uppers of rubber or plastics (excl. covering the ankle or with upper straps or thongs assembled to the sole by (2007-) (Q1=kg, Q2=pair)",UNK,
64029990_1988,"Subgroup of: 640299 Footwear with outer soles and uppers of rubber or plastics (excl. covering the ankle or with upper straps or thongs assembled to the sole b (1988-2006) (Q1=kg, Q2=pair)",UNK,
64029990_2007,"Subgroup of: 640299 Footwear with outer soles and uppers of rubber or plastics (excl. covering the ankle or with upper straps or thongs assembled to the sole by (2007-) (Q1=kg, Q2=pair)",UNK,
64031100_1988,"Ski-boots and cross-country ski footwear, with outer soles of rubber, plastics, leather or composition leather and uppers of leather (1988-1995) (Q1=kg, Q2=pair)",UNK,
64031200_1996,"Ski-boots, cross-country ski footwear and snowboard boots, with outer soles of rubber, plastics, leather or composition leather and uppers of leather (1996-) (Q1=kg, Q2=pair)",UNK,
64031900_1988,"Sports footwear, with outer soles of rubber, plastics, leather or composition leather and uppers of leather (excl. ski-boots and cross-country ski footwear, and (1988-1995) (Q1=kg, Q2=pair)",UNK,
64031900_1996,"Sports footwear, with outer soles of rubber, plastics, leather or composition leather and uppers of leather (excl. ski-boots, cross-country ski footwe (1996-) (Q1=kg, Q2=pair)",UNK,
64032000_1988,"Footwear with outer soles of leather, and uppers which consist of leather straps across the instep and around the big toe (1988-) (Q1=kg, Q2=pair)",UNK,
64033000_1988,"Footwear with leather uppers, made on a base or platform of wood, with neither an inner sole nor a protective metal toe-cap (1988-2006) (Q1=kg, Q2=pair)",UNK,
64034000_1988,"Footwear, incorporating a protective metal toecap, with outer soles of rubber, plastics, leather or composition leather and uppers of leather (excl. s (1988-) (Q1=kg, Q2=pair)",UNK,
64035100_1988,"Footwear with outer soles and uppers of leather, covering the ankle (excl. incorporating a protective metal toecap, sports footwear, orthopaedic footw (1988-) (Q1=kg, Q2=pair)",UNK,
64035900_1988,"Footwear with outer soles and uppers of leather (excl. covering the ankle, incorporating a protective metal toecap, with uppers which consist of leath (1988-) (Q1=kg, Q2=pair)",UNK,
64039100_1988,"Footwear with outer soles of rubber, plastics or composition leather, with uppers of leather, covering the ankle (excl. incorporating a protective metal toe-cap (1988-2006) (Q1=kg, Q2=pair)",UNK,
64039100_2007,"Footwear with outer soles of rubber, plastics or composition leather, with uppers of leather, covering the ankle (excl. incorporating a protective met (2007-) (Q1=kg, Q2=pair)",UNK,
64039900_1988,"Footwear with outer soles of rubber, plastics or composition leather, with uppers of leather (excl. covering the ankle, incorporating a protective metal toe-cap (1988-2006) (Q1=kg, Q2=pair)",UNK,
64039900_2007,"Footwear with outer soles of rubber, plastics or composition leather, with uppers of leather (excl. covering the ankle, incorporating a protective met (2007-) (Q1=kg, Q2=pair)",UNK,
64041100_1988,"Sports footwear, incl. tennis shoes, basketball shoes, gym shoes, training shoes and the like, with outer soles of rubber or plastics and uppers of te (1988-) (Q1=kg, Q2=pair)",UNK,
64041900_1988,"Footwear with outer soles of rubber or plastics and uppers of textile materials (excl. sports footwear, incl. tennis shoes, basketball shoes, gym shoe (1988-) (Q1=kg, Q2=pair)",RES,of (other )?textile materials
64042000_1988,"Footwear with outer soles of leather or composition leather and uppers of textile materials (excl. toy footwear) (1988-) (Q1=kg, Q2=pair)",RES,of (other )?textile materials
64051010_1988,"Subgroup of: 640510 Footwear with uppers of leather or composition leather (excl. with outer soles of rubber, plastics, leather or composition leather and upper (1988-) (Q1=kg, Q2=pair)",UNK,
64051090_1988,"Subgroup of: 640510 Footwear with uppers of leather or composition leather (excl. with outer soles of rubber, plastics, leather or composition leather and upper (1988-) (Q1=kg, Q2=pair)",UNK,
64052010_1988,"Subgroup of: 640520 Footwear with uppers of textile materials (excl. with outer soles of rubber, plastics, leather or composition leather, orthopaedic footwear (1988-) (Q1=kg, Q2=pair)",RES,of (other )?textile materials
64052090_1988,"Subgroup of: 640520 Footwear with uppers of textile materials (excl. with outer soles of rubber, plastics, leather or composition leather, orthopaedic footwear (1988-) (Q1=kg, Q2=pair)",RES,of (other )?textile materials
64059010_1988,"Subgroup of: 640590 Footwear with outer soles of rubber or plastics, with uppers other than rubber, plastics, leather or textile materials; footwear with outer (1988-2015) (Q1=kg, Q2=pair)",UNK,
64059020_1988,"Subgroup of: 640590 Footwear with outer soles of rubber or plastics, with uppers other than rubber, plastics, leather or textile materials; footwear with outer (1988-) (Q1=kg, Q2=pair)",UNK,
64059080_2016,"Subgroup of: 640590 Footwear with outer soles of rubber or plastics, with uppers other than rubber, plastics, leather or textile materials; footwear with outer (2016-) (Q1=kg, Q2=pair)",UNK,
64059090_1988,"Subgroup of: 640590 Footwear with outer soles of rubber or plastics, with uppers other than rubber, plastics, leather or textile materials; footwear with outer (1988-2015) (Q1=kg, Q2=pair)",UNK,
64061000_2016,"Uppers and parts thereof (excl. stiffeners and general parts made of asbestos) (2016-) (Q1=kg, Q2=none)",UNK,
64061010_1988,"Subgroup of: 640610 Uppers and parts thereof (excl. stiffeners and general parts made of asbestos) (1988-2015) (Q1=kg, Q2=none)",UNK,
64061090_1988,"Subgroup of: 640610 Uppers and parts thereof (excl. stiffeners and general parts made of asbestos) (1988-2015) (Q1=kg, Q2=none)",UNK,
64062000_1988,"Outer soles and heels, of rubber or plastics (1988-) (Q1=kg, Q2=none)",UNK,
64069001_2012,"Subgroup of:640690 Parts of footwear; removable in-soles, heel cushions and similar articles; gaiters, leggings and similar articles, and parts thereof (excl. outer soles and heels of rubber or plastics, uppers and parts thereof other than stiffener (2012-) (Q1=kg, Q2=none)",UNK,
64069002_2012,"Subgroup of:640690 Parts of footwear; removable in-soles, heel cushions and similar articles; gaiters, leggings and similar articles, and parts thereof (excl. outer soles and heels of rubber or plastics, uppers and parts thereof other than stiffener (2012-2022) (Q1=kg, Q2=pair)",UNK,
64069002_2023,"Subgroup of: 640699 Parts of footwear (excl. outer soles and heels of rubber or plastics, uppers and parts thereof, and general parts made of wood or asbestos) (2023-) (Q1=kg, Q2=none)",UNK,
64069009_2012,"Subgroup of:640690 Parts of footwear; removable in-soles, heel cushions and similar articles; gaiters, leggings and similar articles, and parts thereof (excl. outer soles and heels of rubber or plastics, uppers and parts thereof other than stiffener (2012-) (Q1=kg, Q2=none)",UNK,
64069100_1988,"Parts of footwear, of wood (1988-2011) (Q1=kg, Q2=none)",UNK,
64069901_1988,"Subgroup of: 640699 Parts of footwear (excl. outer soles and heels of rubber or plastics, uppers and parts thereof, and general parts made of wood or asbestos) (1988-2011) (Q1=kg, Q2=none)",UNK,
64069902_1988,"Subgroup of: 640699 Parts of footwear (excl. outer soles and heels of rubber or plastics, uppers and parts thereof, and general parts made of wood or asbestos) (1988-1988) (Q1=kg, Q2=none)",UNK,
64069902_1989,"Subgroup of: 640699 Parts of footwear (excl. outer soles and heels of rubber or plastics, uppers and parts thereof, and general parts made of wood or asbestos) (1989-2011) (Q1=kg, Q2=pair)",UNK,
64069909_1988,"Subgroup of: 640699 Parts of footwear (excl. outer soles and heels of rubber or plastics, uppers and parts thereof, and general parts made of wood or asbestos) (1988-2011) (Q1=kg, Q2=none)",UNK,
