flow_name,product,year,median,p2_5,p97_5,n,deterministic
CO.CO-CO.SO-Collected textiles to domestic sorting-TOT,CA,1988,0.0,0.0,0.0,1000,0.0
CO.CO-CO.SO-Collected textiles to domestic sorting-TOT,CA,1989,0.0,0.0,0.0,1000,0.0
CO.CO-CO.SO-Collected textiles to domestic sorting-TOT,CA,1990,0.0,0.0,0.0,1000,0.0
CO.CO-CO.SO-Collected textiles to domestic sorting-TOT,CA,1991,0.0,0.0,0.0,1000,0.0
CO.CO-CO.SO-Collected textiles to domestic sorting-TOT,CA,1992,0.0,0.0,0.0,1000,0.0
CO.CO-CO.SO-Collected textiles to domestic sorting-TOT,CA,1993,0.0,0.0,0.0,1000,0.0
CO.CO-CO.SO-Collected textiles to domestic sorting-TOT,CA,1994,0.0,0.0,0.0,1000,0.0
CO.CO-CO.SO-Collected textiles to domestic sorting-TOT,CA,1995,0.0,0.0,0.0,1000,0.0
CO.CO-CO.SO-Collected textiles to domestic sorting-TOT,CA,1996,0.0,0.0,0.0,1000,0.0
CO.CO-CO.SO-Collected textiles to domestic sorting-TOT,CA,1997,0.0,0.0,0.0,1000,0.0
CO.CO-CO.SO-Collected textiles to domestic sorting-TOT,CA,1998,0.0,0.0,0.0,1000,0.0
CO.CO-CO.SO-Collected textiles to domestic sorting-TOT,CA,1999,0.0,0.0,0.0,1000,0.0
CO.CO-CO.SO-Collected textiles to domestic sorting-TOT,CA,2000,0.0,0.0,0.0,1000,0.0
CO.CO-CO.SO-Collected textiles to domestic sorting-TOT,CA,2001,0.0,0.0,0.0,1000,0.0
CO.CO-CO.SO-Collected textiles to domestic sorting-TOT,CA,2002,0.0,0.0,0.0,1000,0.0
CO.CO-CO.SO-Collected textiles to domestic sorting-TOT,CA,2003,0.0,0.0,0.0,1000,0.0
CO.CO-CO.SO-Collected textiles to domestic sorting-TOT,CA,2004,0.0,0.0,0.0,1000,0.0
CO.CO-CO.SO-Collected textiles to domestic sorting-TOT,CA,2005,0.0,0.0,0.0,1000,0.0
CO.CO-CO.SO-Collected textiles to domestic sorting-TOT,CA,2006,0.0,0.0,0.0,1000,0.0
CO.CO-CO.SO-Collected textiles to domestic sorting-TOT,CA,2007,0.0,0.0,0.0,1000,0.0
CO.CO-CO.SO-Collected textiles to domestic sorting-TOT,CA,2008,0.0,0.0,0.0,1000,0.0
CO.CO-CO.SO-Collected textiles to domestic sorting-TOT,CA,2009,0.0,0.0,0.0,1000,0.0
CO.CO-CO.SO-Collected textiles to domestic sorting-TOT,CA,2010,0.0,0.0,0.0,1000,0.0
CO.CO-CO.SO-Collected textiles to domestic sorting-TOT,CA,2011,0.0,0.0,0.0,1000,0.0
CO.CO-CO.SO-Collected textiles to domestic sorting-TOT,CA,2012,0.0,0.0,0.0,1000,0.0
CO.CO-CO.SO-Collected textiles to domestic sorting-TOT,CA,2013,0.0,0.0,0.0,1000,0.0
CO.CO-CO.SO-Collected textiles to domestic sorting-TOT,CA,2014,0.0,0.0,0.0,1000,0.0
CO.CO-CO.SO-Collected textiles to domestic sorting-TOT,CA,2015,0.0,0.0,0.0,1000,0.0
CO.CO-CO.SO-Collected textiles to domestic sorting-TOT,CA,2016,0.0,0.0,0.0,1000,0.0
CO.CO-CO.SO-Collected textiles to domestic sorting-TOT,CA,2017,0.0,0.0,0.0,1000,0.0
CO.CO-CO.SO-Collected textiles to domestic sorting-TOT,CA,2018,0.0,0.0,0.0,1000,0.0
CO.CO-CO.SO-Collected textiles to domestic sorting-TOT,CA,2019,0.0,0.0,0.0,1000,0.0
CO.CO-CO.SO-Collected textiles to domestic sorting-TOT,CA,2020,0.0,0.0,0.0,1000,0.0
CO.CO-CO.SO-Collected textiles to domestic sorting-TOT,CA,2021,0.0,0.0,0.0,1000,0.0
CO.CO-CO.SO-Collected textiles to domestic sorting-TOT,CA,2022,0.0,0.0,0.0,1000,0.0
CO.CO-CO.SO-Collected textiles to domestic sorting-TOT,CA,2023,0.0,0.0,0.0,1000,0.0
CO.CO-CO.SO-Collected textiles to domestic sorting-TOT,CA,2024,0.0,0.0,0.0,1000,0.0
CO.CO-CO.SO-Collected textiles to domestic sorting-TOT,CA,2025,0.0,0.0,0.0,1000,0.0
CO.CO-CO.SO-Collected textiles to domestic sorting-TOT,CORE,1988,0.01995100237208363,0.01307470038441605,0.026928804956171344,1000,0.019898571000000004
CO.CO-CO.SO-Collected textiles to domestic sorting-TOT,CORE,1989,0.03089077316531568,0.02024397552799654,0.04169472741269798,1000,0.030809592
CO.CO-CO.SO-Collected textiles to domestic sorting-TOT,CORE,1990,0.04641897639068278,0.030420236394171463,0.06265387263142666,1000,0.046296987
CO.CO-CO.SO-Collected textiles to domestic sorting-TOT,CORE,1991,0.04320639871435235,0.02831490405064685,0.058317705653996875,1000,0.043092852
CO.CO-CO.SO-Collected textiles to domestic sorting-TOT,CORE,1992,0.07841458908190635,0.051388258037982144,0.10583985384411779,1000,0.078208515
CO.CO-CO.SO-Collected textiles to domestic sorting-TOT,CORE,1993,0.10411170327555935,0.06822861836475248,0.1405244558080578,1000,0.10383809700000002
CO.CO-CO.SO-Collected textiles to domestic sorting-TOT,CORE,1994,0.12144552768587627,0.07958817596763708,0.1639207327461572,1000,0.121126368
CO.CO-CO.SO-Collected textiles to domestic sorting-TOT,CORE,1995,0.13273433274356694,0.08698618740960411,0.1791577631427931,1000,0.13238550600000001
CO.CO-CO.SO-Collected textiles to domestic sorting-TOT,CORE,1996,0.16535581823282813,0.10836436886195396,0.2231885142668603,1000,0.16492126199999999
CO.CO-CO.SO-Collected textiles to domestic sorting-TOT,CORE,1997,0.22003558102725723,0.14419823336133628,0.29699235829833764,1000,0.219457326
CO.CO-CO.SO-Collected textiles to domestic sorting-TOT,CORE,1998,0.2308625583985972,0.15129359040450918,0.31160603817567833,1000,0.23025585
CO.CO-CO.SO-Collected textiles to domestic sorting-TOT,CORE,1999,0.28052865524427145,0.18384179642493498,0.3786427017952917,1000,0.279791424
CO.CO-CO.SO-Collected textiles to domestic sorting-TOT,CORE,2000,0.2800777793392778,0.1835463191722936,0.37803413340967507,1000,0.279341733
CO.CO-CO.SO-Collected textiles to domestic sorting-TOT,CORE,2001,0.28701081941650397,0.18808982130177657,0.3873919832315057,1000,0.286256553
CO.CO-CO.SO-Collected textiles to domestic sorting-TOT,CORE,2002,0.2892879627649575,0.18958212562103494,0.3904655505613131,1000,0.288527712
CO.CO-CO.SO-Collected textiles to domestic sorting-TOT,CORE,2003,0.2749688560535833,0.18019823470006238,0.3711383796961167,1000,0.27424623600000003
CO.CO-CO.SO-Collected textiles to domestic sorting-TOT,CORE,2004,0.34687633340089075,0.2273221187125648,0.46819527920736265,1000,0.34596474
CO.CO-CO.SO-Collected textiles to domestic sorting-TOT,CORE,2005,0.4087603169372065,0.26787720102079077,0.5517229983405204,1000,0.40768609200000006
CO.CO-CO.SO-Collected textiles to domestic sorting-TOT,CORE,2006,0.44058288486559766,0.28873181941874293,0.5946754129092859,1000,0.43942503000000005
CO.CO-CO.SO-Collected textiles to domestic sorting-TOT,CORE,2007,0.49488671370299014,0.32431931916106127,0.6679718412221622,1000,0.493586148
CO.CO-CO.SO-Collected textiles to domestic sorting-TOT,CORE,2008,0.5476849207559302,0.35892012393152645,0.7392360610968294,1000,0.5462456010000001
CO.CO-CO.SO-Collected textiles to domestic sorting-TOT,CORE,2009,0.5565216517460287,0.3647111918647792,0.7511634119559265,1000,0.5550591090000001
CO.CO-CO.SO-Collected textiles to domestic sorting-TOT,CORE,2010,0.6140060300894989,0.40238303459268876,0.8287527773205501,1000,0.612392418
CO.CO-CO.SO-Collected textiles to domestic sorting-TOT,CORE,2011,0.7029527917938282,0.4606734521746853,0.9488083992260664,1000,0.7011054270000001
CO.CO-CO.SO-Collected textiles to domestic sorting-TOT,CORE,2012,0.7097926259251846,0.46515587267059594,0.958040444605079,1000,0.7079272860000001
CO.CO-CO.SO-Collected textiles to domestic sorting-TOT,CORE,2013,0.7802610524369533,0.5113366883519079,1.0531549896145551,1000,0.778210521
CO.CO-CO.SO-Collected textiles to domestic sorting-TOT,CORE,2014,0.872411458340373,0.5717265838077576,1.1775347205636848,1000,0.870118755
CO.CO-CO.SO-Collected textiles to domestic sorting-TOT,CORE,2015,0.9442507434780825,0.6188057787017677,1.2744995778467987,1000,0.941769246
CO.CO-CO.SO-Collected textiles to domestic sorting-TOT,CORE,2016,0.9507578221257287,0.6230701310440264,1.2832824875206563,1000,0.9482592240000001
CO.CO-CO.SO-Collected textiles to domestic sorting-TOT,CORE,2017,1.0931425271142337,0.7163805984746285,1.4754658113391383,1000,1.090269741
CO.CO-CO.SO-Collected textiles to domestic sorting-TOT,CORE,2018,1.2064119709953791,0.7906106553828287,1.62835089976143,1000,1.203241512
CO.CO-CO.SO-Collected textiles to domestic sorting-TOT,CORE,2019,1.2036543808835902,0.876446666046641,1.5555995768886932,1000,1.208763968
CO.CO-CO.SO-Collected textiles to domestic sorting-TOT,CORE,2020,1.0575692669347774,0.8052509617655216,1.334765743285411,1000,1.05741992
CO.CO-CO.SO-Collected textiles to domestic sorting-TOT,CORE,2021,0.9567183038370178,0.6961313644337682,1.226414012724565,1000,0.9537142200000001
CO.CO-CO.SO-Collected textiles to domestic sorting-TOT,CORE,2022,0.9249472009327873,0.6079716588646766,1.262189602854768,1000,0.91762931
CO.CO-CO.SO-Collected textiles to domestic sorting-TOT,CORE,2023,1.2027393425488468,0.8857001223357969,1.5172373477986114,1000,1.2067545733333334
CO.CO-CO.SO-Collected textiles to domestic sorting-TOT,CORE,2024,1.4765750941624283,1.012125375586516,1.9158719840969696,1000,1.4800759483333337
CO.CO-CO.SO-Collected textiles to domestic sorting-TOT,CORE,2025,1.979840704232648,1.2583082589330046,2.6970985206825135,1000,1.991177352
CO.CO-CO.SO-Collected textiles to domestic sorting-TOT,OM,1988,0.0,0.0,0.0,1000,0.0
CO.CO-CO.SO-Collected textiles to domestic sorting-TOT,OM,1989,0.0,0.0,0.0,1000,0.0
CO.CO-CO.SO-Collected textiles to domestic sorting-TOT,OM,1990,0.0,0.0,0.0,1000,0.0
CO.CO-CO.SO-Collected textiles to domestic sorting-TOT,OM,1991,0.0,0.0,0.0,1000,0.0
CO.CO-CO.SO-Collected textiles to domestic sorting-TOT,OM,1992,0.0,0.0,0.0,1000,0.0
CO.CO-CO.SO-Collected textiles to domestic sorting-TOT,OM,1993,0.0,0.0,0.0,1000,0.0
CO.CO-CO.SO-Collected textiles to domestic sorting-TOT,OM,1994,0.0,0.0,0.0,1000,0.0
CO.CO-CO.SO-Collected textiles to domestic sorting-TOT,OM,1995,0.0,0.0,0.0,1000,0.0
CO.CO-CO.SO-Collected textiles to domestic sorting-TOT,OM,1996,0.0,0.0,0.0,1000,0.0
CO.CO-CO.SO-Collected textiles to domestic sorting-TOT,OM,1997,0.0,0.0,0.0,1000,0.0
CO.CO-CO.SO-Collected textiles to domestic sorting-TOT,OM,1998,0.0,0.0,0.0,1000,0.0
CO.CO-CO.SO-Collected textiles to domestic sorting-TOT,OM,1999,0.0,0.0,0.0,1000,0.0
CO.CO-CO.SO-Collected textiles to domestic sorting-TOT,OM,2000,0.0,0.0,0.0,1000,0.0
CO.CO-CO.SO-Collected textiles to domestic sorting-TOT,OM,2001,0.0,0.0,0.0,1000,0.0
CO.CO-CO.SO-Collected textiles to domestic sorting-TOT,OM,2002,0.0,0.0,0.0,1000,0.0
CO.CO-CO.SO-Collected textiles to domestic sorting-TOT,OM,2003,0.0,0.0,0.0,1000,0.0
CO.CO-CO.SO-Collected textiles to domestic sorting-TOT,OM,2004,0.0,0.0,0.0,1000,0.0
CO.CO-CO.SO-Collected textiles to domestic sorting-TOT,OM,2005,0.0,0.0,0.0,1000,0.0
CO.CO-CO.SO-Collected textiles to domestic sorting-TOT,OM,2006,0.0,0.0,0.0,1000,0.0
CO.CO-CO.SO-Collected textiles to domestic sorting-TOT,OM,2007,0.0,0.0,0.0,1000,0.0
CO.CO-CO.SO-Collected textiles to domestic sorting-TOT,OM,2008,0.0,0.0,0.0,1000,0.0
CO.CO-CO.SO-Collected textiles to domestic sorting-TOT,OM,2009,0.0,0.0,0.0,1000,0.0
CO.CO-CO.SO-Collected textiles to domestic sorting-TOT,OM,2010,0.0,0.0,0.0,1000,0.0
CO.CO-CO.SO-Collected textiles to domestic sorting-TOT,OM,2011,0.0,0.0,0.0,1000,0.0
CO.CO-CO.SO-Collected textiles to domestic sorting-TOT,OM,2012,0.0,0.0,0.0,1000,0.0
CO.CO-CO.SO-Collected textiles to domestic sorting-TOT,OM,2013,0.0,0.0,0.0,1000,0.0
CO.CO-CO.SO-Collected textiles to domestic sorting-TOT,OM,2014,0.0,0.0,0.0,1000,0.0
CO.CO-CO.SO-Collected textiles to domestic sorting-TOT,OM,2015,0.0,0.0,0.0,1000,0.0
CO.CO-CO.SO-Collected textiles to domestic sorting-TOT,OM,2016,0.0,0.0,0.0,1000,0.0
CO.CO-CO.SO-Collected textiles to domestic sorting-TOT,OM,2017,0.0,0.0,0.0,1000,0.0
CO.CO-CO.SO-Collected textiles to domestic sorting-TOT,OM,2018,0.0,0.0,0.0,1000,0.0
CO.CO-CO.SO-Collected textiles to domestic sorting-TOT,OM,2019,0.0,0.0,0.0,1000,0.0
CO.CO-CO.SO-Collected textiles to domestic sorting-TOT,OM,2020,0.0,0.0,0.0,1000,0.0
CO.CO-CO.SO-Collected textiles to domestic sorting-TOT,OM,2021,0.0,0.0,0.0,1000,0.0
CO.CO-CO.SO-Collected textiles to domestic sorting-TOT,OM,2022,0.0,0.0,0.0,1000,0.0
CO.CO-CO.SO-Collected textiles to domestic sorting-TOT,OM,2023,0.0,0.0,0.0,1000,0.0
CO.CO-CO.SO-Collected textiles to domestic sorting-TOT,OM,2024,0.0,0.0,0.0,1000,0.0
CO.CO-CO.SO-Collected textiles to domestic sorting-TOT,OM,2025,0.0,0.0,0.0,1000,0.0
CO.CO-CO.SO-Collected textiles to domestic sorting-TOT,SA,1988,0.0,0.0,0.0,1000,0.0
CO.CO-CO.SO-Collected textiles to domestic sorting-TOT,SA,1989,0.0,0.0,0.0,1000,0.0
CO.CO-CO.SO-Collected textiles to domestic sorting-TOT,SA,1990,0.0,0.0,0.0,1000,0.0
CO.CO-CO.SO-Collected textiles to domestic sorting-TOT,SA,1991,0.0,0.0,0.0,1000,0.0
CO.CO-CO.SO-Collected textiles to domestic sorting-TOT,SA,1992,0.0,0.0,0.0,1000,0.0
CO.CO-CO.SO-Collected textiles to domestic sorting-TOT,SA,1993,0.0,0.0,0.0,1000,0.0
CO.CO-CO.SO-Collected textiles to domestic sorting-TOT,SA,1994,0.0,0.0,0.0,1000,0.0
CO.CO-CO.SO-Collected textiles to domestic sorting-TOT,SA,1995,0.0,0.0,0.0,1000,0.0
CO.CO-CO.SO-Collected textiles to domestic sorting-TOT,SA,1996,0.0,0.0,0.0,1000,0.0
CO.CO-CO.SO-Collected textiles to domestic sorting-TOT,SA,1997,0.0,0.0,0.0,1000,0.0
CO.CO-CO.SO-Collected textiles to domestic sorting-TOT,SA,1998,0.0,0.0,0.0,1000,0.0
CO.CO-CO.SO-Collected textiles to domestic sorting-TOT,SA,1999,0.0,0.0,0.0,1000,0.0
CO.CO-CO.SO-Collected textiles to domestic sorting-TOT,SA,2000,0.0,0.0,0.0,1000,0.0
CO.CO-CO.SO-Collected textiles to domestic sorting-TOT,SA,2001,0.0,0.0,0.0,1000,0.0
CO.CO-CO.SO-Collected textiles to domestic sorting-TOT,SA,2002,0.0,0.0,0.0,1000,0.0
CO.CO-CO.SO-Collected textiles to domestic sorting-TOT,SA,2003,0.0,0.0,0.0,1000,0.0
CO.CO-CO.SO-Collected textiles to domestic sorting-TOT,SA,2004,0.0,0.0,0.0,1000,0.0
CO.CO-CO.SO-Collected textiles to domestic sorting-TOT,SA,2005,0.0,0.0,0.0,1000,0.0
CO.CO-CO.SO-Collected textiles to domestic sorting-TOT,SA,2006,0.0,0.0,0.0,1000,0.0
CO.CO-CO.SO-Collected textiles to domestic sorting-TOT,SA,2007,0.0,0.0,0.0,1000,0.0
CO.CO-CO.SO-Collected textiles to domestic sorting-TOT,SA,2008,0.0,0.0,0.0,1000,0.0
CO.CO-CO.SO-Collected textiles to domestic sorting-TOT,SA,2009,0.0,0.0,0.0,1000,0.0
CO.CO-CO.SO-Collected textiles to domestic sorting-TOT,SA,2010,0.0,0.0,0.0,1000,0.0
CO.CO-CO.SO-Collected textiles to domestic sorting-TOT,SA,2011,0.0,0.0,0.0,1000,0.0
CO.CO-CO.SO-Collected textiles to domestic sorting-TOT,SA,2012,0.0,0.0,0.0,1000,0.0
CO.CO-CO.SO-Collected textiles to domestic sorting-TOT,SA,2013,0.0,0.0,0.0,1000,0.0
CO.CO-CO.SO-Collected textiles to domestic sorting-TOT,SA,2014,0.0,0.0,0.0,1000,0.0
CO.CO-CO.SO-Collected textiles to domestic sorting-TOT,SA,2015,0.0,0.0,0.0,1000,0.0
CO.CO-CO.SO-Collected textiles to domestic sorting-TOT,SA,2016,0.0,0.0,0.0,1000,0.0
CO.CO-CO.SO-Collected textiles to domestic sorting-TOT,SA,2017,0.0,0.0,0.0,1000,0.0
CO.CO-CO.SO-Collected textiles to domestic sorting-TOT,SA,2018,0.0,0.0,0.0,1000,0.0
CO.CO-CO.SO-Collected textiles to domestic sorting-TOT,SA,2019,0.0,0.0,0.0,1000,0.0
CO.CO-CO.SO-Collected textiles to domestic sorting-TOT,SA,2020,0.0,0.0,0.0,1000,0.0
CO.CO-CO.SO-Collected textiles to domestic sorting-TOT,SA,2021,0.0,0.0,0.0,1000,0.0
CO.CO-CO.SO-Collected textiles to domestic sorting-TOT,SA,2022,0.0,0.0,0.0,1000,0.0
CO.CO-CO.SO-Collected textiles to domestic sorting-TOT,SA,2023,0.0,0.0,0.0,1000,0.0
CO.CO-CO.SO-Collected textiles to domestic sorting-TOT,SA,2024,0.0,0.0,0.0,1000,0.0
CO.CO-CO.SO-Collected textiles to domestic sorting-TOT,SA,2025,0.0,0.0,0.0,1000,0.0
CO.CO-CO.SO-Collected textiles to domestic sorting-TOT,TA,1988,0.0,0.0,0.0,1000,0.0
CO.CO-CO.SO-Collected textiles to domestic sorting-TOT,TA,1989,0.0,0.0,0.0,1000,0.0
CO.CO-CO.SO-Collected textiles to domestic sorting-TOT,TA,1990,0.0,0.0,0.0,1000,0.0
CO.CO-CO.SO-Collected textiles to domestic sorting-TOT,TA,1991,0.0,0.0,0.0,1000,0.0
CO.CO-CO.SO-Collected textiles to domestic sorting-TOT,TA,1992,0.0,0.0,0.0,1000,0.0
CO.CO-CO.SO-Collected textiles to domestic sorting-TOT,TA,1993,0.0,0.0,0.0,1000,0.0
CO.CO-CO.SO-Collected textiles to domestic sorting-TOT,TA,1994,0.0,0.0,0.0,1000,0.0
CO.CO-CO.SO-Collected textiles to domestic sorting-TOT,TA,1995,0.0,0.0,0.0,1000,0.0
CO.CO-CO.SO-Collected textiles to domestic sorting-TOT,TA,1996,0.0,0.0,0.0,1000,0.0
CO.CO-CO.SO-Collected textiles to domestic sorting-TOT,TA,1997,0.0,0.0,0.0,1000,0.0
CO.CO-CO.SO-Collected textiles to domestic sorting-TOT,TA,1998,0.0,0.0,0.0,1000,0.0
CO.CO-CO.SO-Collected textiles to domestic sorting-TOT,TA,1999,0.0,0.0,0.0,1000,0.0
CO.CO-CO.SO-Collected textiles to domestic sorting-TOT,TA,2000,0.0,0.0,0.0,1000,0.0
CO.CO-CO.SO-Collected textiles to domestic sorting-TOT,TA,2001,0.0,0.0,0.0,1000,0.0
CO.CO-CO.SO-Collected textiles to domestic sorting-TOT,TA,2002,0.0,0.0,0.0,1000,0.0
CO.CO-CO.SO-Collected textiles to domestic sorting-TOT,TA,2003,0.0,0.0,0.0,1000,0.0
CO.CO-CO.SO-Collected textiles to domestic sorting-TOT,TA,2004,0.0,0.0,0.0,1000,0.0
CO.CO-CO.SO-Collected textiles to domestic sorting-TOT,TA,2005,0.0,0.0,0.0,1000,0.0
CO.CO-CO.SO-Collected textiles to domestic sorting-TOT,TA,2006,0.0,0.0,0.0,1000,0.0
CO.CO-CO.SO-Collected textiles to domestic sorting-TOT,TA,2007,0.0,0.0,0.0,1000,0.0
CO.CO-CO.SO-Collected textiles to domestic sorting-TOT,TA,2008,0.0,0.0,0.0,1000,0.0
CO.CO-CO.SO-Collected textiles to domestic sorting-TOT,TA,2009,0.0,0.0,0.0,1000,0.0
CO.CO-CO.SO-Collected textiles to domestic sorting-TOT,TA,2010,0.0,0.0,0.0,1000,0.0
CO.CO-CO.SO-Collected textiles to domestic sorting-TOT,TA,2011,0.0,0.0,0.0,1000,0.0
CO.CO-CO.SO-Collected textiles to domestic sorting-TOT,TA,2012,0.0,0.0,0.0,1000,0.0
CO.CO-CO.SO-Collected textiles to domestic sorting-TOT,TA,2013,0.0,0.0,0.0,1000,0.0
CO.CO-CO.SO-Collected textiles to domestic sorting-TOT,TA,2014,0.0,0.0,0.0,1000,0.0
CO.CO-CO.SO-Collected textiles to domestic sorting-TOT,TA,2015,0.0,0.0,0.0,1000,0.0
CO.CO-CO.SO-Collected textiles to domestic sorting-TOT,TA,2016,0.0,0.0,0.0,1000,0.0
CO.CO-CO.SO-Collected textiles to domestic sorting-TOT,TA,2017,0.0,0.0,0.0,1000,0.0
CO.CO-CO.SO-Collected textiles to domestic sorting-TOT,TA,2018,0.0,0.0,0.0,1000,0.0
CO.CO-CO.SO-Collected textiles to domestic sorting-TOT,TA,2019,0.0,0.0,0.0,1000,0.0
CO.CO-CO.SO-Collected textiles to domestic sorting-TOT,TA,2020,0.0,0.0,0.0,1000,0.0
CO.CO-CO.SO-Collected textiles to domestic sorting-TOT,TA,2021,0.0,0.0,0.0,1000,0.0
CO.CO-CO.SO-Collected textiles to domestic sorting-TOT,TA,2022,0.0,0.0,0.0,1000,0.0
CO.CO-CO.SO-Collected textiles to domestic sorting-TOT,TA,2023,0.0,0.0,0.0,1000,0.0
CO.CO-CO.SO-Collected textiles to domestic sorting-TOT,TA,2024,0.0,0.0,0.0,1000,0.0
CO.CO-CO.SO-Collected textiles to domestic sorting-TOT,TA,2025,0.0,0.0,0.0,1000,0.0
CO.CO-RW.RW-Export of unsorted collected textiles-TOT,CA,1988,0.0,0.0,0.0,1000,0.0
CO.CO-RW.RW-Export of unsorted collected textiles-TOT,CA,1989,0.0,0.0,0.0,1000,0.0
CO.CO-RW.RW-Export of unsorted collected textiles-TOT,CA,1990,0.0,0.0,0.0,1000,0.0
CO.CO-RW.RW-Export of unsorted collected textiles-TOT,CA,1991,0.0,0.0,0.0,1000,0.0
CO.CO-RW.RW-Export of unsorted collected textiles-TOT,CA,1992,0.0,0.0,0.0,1000,0.0
CO.CO-RW.RW-Export of unsorted collected textiles-TOT,CA,1993,0.0,0.0,0.0,1000,0.0
CO.CO-RW.RW-Export of unsorted collected textiles-TOT,CA,1994,0.0,0.0,0.0,1000,0.0
CO.CO-RW.RW-Export of unsorted collected textiles-TOT,CA,1995,0.0,0.0,0.0,1000,0.0
CO.CO-RW.RW-Export of unsorted collected textiles-TOT,CA,1996,0.0,0.0,0.0,1000,0.0
CO.CO-RW.RW-Export of unsorted collected textiles-TOT,CA,1997,0.0,0.0,0.0,1000,0.0
CO.CO-RW.RW-Export of unsorted collected textiles-TOT,CA,1998,0.0,0.0,0.0,1000,0.0
CO.CO-RW.RW-Export of unsorted collected textiles-TOT,CA,1999,0.0,0.0,0.0,1000,0.0
CO.CO-RW.RW-Export of unsorted collected textiles-TOT,CA,2000,0.0,0.0,0.0,1000,0.0
CO.CO-RW.RW-Export of unsorted collected textiles-TOT,CA,2001,0.0,0.0,0.0,1000,0.0
CO.CO-RW.RW-Export of unsorted collected textiles-TOT,CA,2002,0.0,0.0,0.0,1000,0.0
CO.CO-RW.RW-Export of unsorted collected textiles-TOT,CA,2003,0.0,0.0,0.0,1000,0.0
CO.CO-RW.RW-Export of unsorted collected textiles-TOT,CA,2004,0.0,0.0,0.0,1000,0.0
CO.CO-RW.RW-Export of unsorted collected textiles-TOT,CA,2005,0.0,0.0,0.0,1000,0.0
CO.CO-RW.RW-Export of unsorted collected textiles-TOT,CA,2006,0.0,0.0,0.0,1000,0.0
CO.CO-RW.RW-Export of unsorted collected textiles-TOT,CA,2007,0.0,0.0,0.0,1000,0.0
CO.CO-RW.RW-Export of unsorted collected textiles-TOT,CA,2008,0.0,0.0,0.0,1000,0.0
CO.CO-RW.RW-Export of unsorted collected textiles-TOT,CA,2009,0.0,0.0,0.0,1000,0.0
CO.CO-RW.RW-Export of unsorted collected textiles-TOT,CA,2010,0.0,0.0,0.0,1000,0.0
CO.CO-RW.RW-Export of unsorted collected textiles-TOT,CA,2011,0.0,0.0,0.0,1000,0.0
CO.CO-RW.RW-Export of unsorted collected textiles-TOT,CA,2012,0.0,0.0,0.0,1000,0.0
CO.CO-RW.RW-Export of unsorted collected textiles-TOT,CA,2013,0.0,0.0,0.0,1000,0.0
CO.CO-RW.RW-Export of unsorted collected textiles-TOT,CA,2014,0.0,0.0,0.0,1000,0.0
CO.CO-RW.RW-Export of unsorted collected textiles-TOT,CA,2015,0.0,0.0,0.0,1000,0.0
CO.CO-RW.RW-Export of unsorted collected textiles-TOT,CA,2016,0.0,0.0,0.0,1000,0.0
CO.CO-RW.RW-Export of unsorted collected textiles-TOT,CA,2017,0.0,0.0,0.0,1000,0.0
CO.CO-RW.RW-Export of unsorted collected textiles-TOT,CA,2018,0.0,0.0,0.0,1000,0.0
CO.CO-RW.RW-Export of unsorted collected textiles-TOT,CA,2019,0.0,0.0,0.0,1000,0.0
CO.CO-RW.RW-Export of unsorted collected textiles-TOT,CA,2020,0.0,0.0,0.0,1000,0.0
CO.CO-RW.RW-Export of unsorted collected textiles-TOT,CA,2021,0.0,0.0,0.0,1000,0.0
CO.CO-RW.RW-Export of unsorted collected textiles-TOT,CA,2022,0.0,0.0,0.0,1000,0.0
CO.CO-RW.RW-Export of unsorted collected textiles-TOT,CA,2023,0.0,0.0,0.0,1000,0.0
CO.CO-RW.RW-Export of unsorted collected textiles-TOT,CA,2024,0.0,0.0,0.0,1000,0.0
CO.CO-RW.RW-Export of unsorted collected textiles-TOT,CA,2025,0.0,0.0,0.0,1000,0.0
CO.CO-RW.RW-Export of unsorted collected textiles-TOT,CORE,1988,0.6030385621073168,0.5815080431482869,0.6239982669437787,1000,0.602987
CO.CO-RW.RW-Export of unsorted collected textiles-TOT,CORE,1989,0.9337038352549581,0.9003674461908401,0.9661564146111248,1000,0.933624
CO.CO-RW.RW-Export of unsorted collected textiles-TOT,CORE,1990,1.403058966916827,1.3529650101020656,1.4518248397193267,1000,1.402939
CO.CO-RW.RW-Export of unsorted collected textiles-TOT,CORE,1991,1.3059556642124406,1.2593286241609378,1.3513465346664715,1000,1.305844
CO.CO-RW.RW-Export of unsorted collected textiles-TOT,CORE,1992,2.3701576575598575,2.2855350022463137,2.452536808811372,1000,2.369955
CO.CO-RW.RW-Export of unsorted collected textiles-TOT,CORE,1993,3.146878070130769,3.034523865593765,3.256253555631707,1000,3.146609
CO.CO-RW.RW-Export of unsorted collected textiles-TOT,CORE,1994,3.670809868306709,3.5397495241914236,3.7983955588164777,1000,3.670496
CO.CO-RW.RW-Export of unsorted collected textiles-TOT,CORE,1995,4.012025043511394,3.868782162058561,4.151470289624075,1000,4.011682
CO.CO-RW.RW-Export of unsorted collected textiles-TOT,CORE,1996,4.998041351683196,4.819594348718101,5.171757392537426,1000,4.997614
CO.CO-RW.RW-Export of unsorted collected textiles-TOT,CORE,1997,6.650790668081474,6.41333491720665,6.881951025132199,1000,6.650222
CO.CO-RW.RW-Export of unsorted collected textiles-TOT,CORE,1998,6.978046649721631,6.728906751994676,7.220581385149046,1000,6.97745
CO.CO-RW.RW-Export of unsorted collected textiles-TOT,CORE,1999,8.479253008616478,8.17651495978845,8.77396490842141,1000,8.478528
CO.CO-RW.RW-Export of unsorted collected textiles-TOT,CORE,2000,8.465624843356137,8.163373366181983,8.759863071427175,1000,8.464901
CO.CO-RW.RW-Export of unsorted collected textiles-TOT,CORE,2001,8.675182761360949,8.36544935681079,8.976704556990546,1000,8.674441
CO.CO-RW.RW-Export of unsorted collected textiles-TOT,CORE,2002,8.744011646494313,8.431820817644265,9.047925715532722,1000,8.743264
CO.CO-RW.RW-Export of unsorted collected textiles-TOT,CORE,2003,8.311202639666128,8.014464558140544,8.600073642466812,1000,8.310492
CO.CO-RW.RW-Export of unsorted collected textiles-TOT,CORE,2004,10.48467648000611,10.110338021544653,10.849090529347807,1000,10.48378
CO.CO-RW.RW-Export of unsorted collected textiles-TOT,CORE,2005,12.355180415258525,11.914058631531502,12.784607239639564,1000,12.354124
CO.CO-RW.RW-Export of unsorted collected textiles-TOT,CORE,2006,13.317048658678281,12.841584921132137,13.779906967777633,1000,13.31591
CO.CO-RW.RW-Export of unsorted collected textiles-TOT,CORE,2007,14.958435003498955,14.424368214611022,15.478342687997817,1000,14.957156
CO.CO-RW.RW-Export of unsorted collected textiles-TOT,CORE,2008,16.55431245713509,15.963267438444191,17.129687772537174,1000,16.552897
CO.CO-RW.RW-Export of unsorted collected textiles-TOT,CORE,2009,16.821411295109,16.220829943327168,17.406070117666133,1000,16.819973
CO.CO-RW.RW-Export of unsorted collected textiles-TOT,CORE,2010,18.558932859859276,17.896316103806033,19.203982412682297,1000,18.557346
CO.CO-RW.RW-Export of unsorted collected textiles-TOT,CORE,2011,21.247435737155012,20.48883032331387,21.985929109827932,1000,21.245619
CO.CO-RW.RW-Export of unsorted collected textiles-TOT,CORE,2012,21.454176414274933,20.688189658098445,22.19985543616236,1000,21.452342
CO.CO-RW.RW-Export of unsorted collected textiles-TOT,CORE,2013,23.58415353547879,22.742119382548562,24.40386379611958,1000,23.582137
CO.CO-RW.RW-Export of unsorted collected textiles-TOT,CORE,2014,26.369489692390907,25.428009605648242,27.286009390085262,1000,26.367235
CO.CO-RW.RW-Export of unsorted collected textiles-TOT,CORE,2015,28.540902356492424,27.521895483786125,29.53289346078917,1000,28.538462
CO.CO-RW.RW-Export of unsorted collected textiles-TOT,CORE,2016,28.737585173626787,27.711556058249254,29.736412347874243,1000,28.735128
CO.CO-RW.RW-Export of unsorted collected textiles-TOT,CORE,2017,33.0413021579166,31.86161577093649,34.18971286356404,1000,33.038477
CO.CO-RW.RW-Export of unsorted collected textiles-TOT,CORE,2018,36.46498189565038,35.163058547164304,37.73238883349019,1000,36.461864
CO.CO-RW.RW-Export of unsorted collected textiles-TOT,CORE,2019,37.77710408712453,36.428333532679716,39.090116224317704,1000,37.773874
CO.CO-RW.RW-Export of unsorted collected textiles-TOT,CORE,2020,34.11323681243617,32.89527872800222,35.298904561620255,1000,34.11032
CO.CO-RW.RW-Export of unsorted collected textiles-TOT,CORE,2021,31.79319243975415,30.65806779664651,32.898222816281695,1000,31.790474
CO.CO-RW.RW-Export of unsorted collected textiles-TOT,CORE,2022,31.64509577692212,30.515258686231903,32.74497878388614,1000,31.64239
CO.CO-RW.RW-Export of unsorted collected textiles-TOT,CORE,2023,31.21183873178494,30.09747038490418,32.29666310012283,1000,31.20917
CO.CO-RW.RW-Export of unsorted collected textiles-TOT,CORE,2024,30.624879544525776,29.53146762846645,31.689303076019982,1000,30.622261
CO.CO-RW.RW-Export of unsorted collected textiles-TOT,CORE,2025,34.333579652593144,33.10775458253739,35.52690581897094,1000,34.330644
CO.CO-RW.RW-Export of unsorted collected textiles-TOT,OM,1988,0.0,0.0,0.0,1000,0.0
CO.CO-RW.RW-Export of unsorted collected textiles-TOT,OM,1989,0.0,0.0,0.0,1000,0.0
CO.CO-RW.RW-Export of unsorted collected textiles-TOT,OM,1990,0.0,0.0,0.0,1000,0.0
CO.CO-RW.RW-Export of unsorted collected textiles-TOT,OM,1991,0.0,0.0,0.0,1000,0.0
CO.CO-RW.RW-Export of unsorted collected textiles-TOT,OM,1992,0.0,0.0,0.0,1000,0.0
CO.CO-RW.RW-Export of unsorted collected textiles-TOT,OM,1993,0.0,0.0,0.0,1000,0.0
CO.CO-RW.RW-Export of unsorted collected textiles-TOT,OM,1994,0.0,0.0,0.0,1000,0.0
CO.CO-RW.RW-Export of unsorted collected textiles-TOT,OM,1995,0.0,0.0,0.0,1000,0.0
CO.CO-RW.RW-Export of unsorted collected textiles-TOT,OM,1996,0.0,0.0,0.0,1000,0.0
CO.CO-RW.RW-Export of unsorted collected textiles-TOT,OM,1997,0.0,0.0,0.0,1000,0.0
CO.CO-RW.RW-Export of unsorted collected textiles-TOT,OM,1998,0.0,0.0,0.0,1000,0.0
CO.CO-RW.RW-Export of unsorted collected textiles-TOT,OM,1999,0.0,0.0,0.0,1000,0.0
CO.CO-RW.RW-Export of unsorted collected textiles-TOT,OM,2000,0.0,0.0,0.0,1000,0.0
CO.CO-RW.RW-Export of unsorted collected textiles-TOT,OM,2001,0.0,0.0,0.0,1000,0.0
CO.CO-RW.RW-Export of unsorted collected textiles-TOT,OM,2002,0.0,0.0,0.0,1000,0.0
CO.CO-RW.RW-Export of unsorted collected textiles-TOT,OM,2003,0.0,0.0,0.0,1000,0.0
CO.CO-RW.RW-Export of unsorted collected textiles-TOT,OM,2004,0.0,0.0,0.0,1000,0.0
CO.CO-RW.RW-Export of unsorted collected textiles-TOT,OM,2005,0.0,0.0,0.0,1000,0.0
CO.CO-RW.RW-Export of unsorted collected textiles-TOT,OM,2006,0.0,0.0,0.0,1000,0.0
CO.CO-RW.RW-Export of unsorted collected textiles-TOT,OM,2007,0.0,0.0,0.0,1000,0.0
CO.CO-RW.RW-Export of unsorted collected textiles-TOT,OM,2008,0.0,0.0,0.0,1000,0.0
CO.CO-RW.RW-Export of unsorted collected textiles-TOT,OM,2009,0.0,0.0,0.0,1000,0.0
CO.CO-RW.RW-Export of unsorted collected textiles-TOT,OM,2010,0.0,0.0,0.0,1000,0.0
CO.CO-RW.RW-Export of unsorted collected textiles-TOT,OM,2011,0.0,0.0,0.0,1000,0.0
CO.CO-RW.RW-Export of unsorted collected textiles-TOT,OM,2012,0.0,0.0,0.0,1000,0.0
CO.CO-RW.RW-Export of unsorted collected textiles-TOT,OM,2013,0.0,0.0,0.0,1000,0.0
CO.CO-RW.RW-Export of unsorted collected textiles-TOT,OM,2014,0.0,0.0,0.0,1000,0.0
CO.CO-RW.RW-Export of unsorted collected textiles-TOT,OM,2015,0.0,0.0,0.0,1000,0.0
CO.CO-RW.RW-Export of unsorted collected textiles-TOT,OM,2016,0.0,0.0,0.0,1000,0.0
CO.CO-RW.RW-Export of unsorted collected textiles-TOT,OM,2017,0.0,0.0,0.0,1000,0.0
CO.CO-RW.RW-Export of unsorted collected textiles-TOT,OM,2018,0.0,0.0,0.0,1000,0.0
CO.CO-RW.RW-Export of unsorted collected textiles-TOT,OM,2019,0.0,0.0,0.0,1000,0.0
CO.CO-RW.RW-Export of unsorted collected textiles-TOT,OM,2020,0.0,0.0,0.0,1000,0.0
CO.CO-RW.RW-Export of unsorted collected textiles-TOT,OM,2021,0.0,0.0,0.0,1000,0.0
CO.CO-RW.RW-Export of unsorted collected textiles-TOT,OM,2022,0.0,0.0,0.0,1000,0.0
CO.CO-RW.RW-Export of unsorted collected textiles-TOT,OM,2023,0.0,0.0,0.0,1000,0.0
CO.CO-RW.RW-Export of unsorted collected textiles-TOT,OM,2024,0.0,0.0,0.0,1000,0.0
CO.CO-RW.RW-Export of unsorted collected textiles-TOT,OM,2025,0.0,0.0,0.0,1000,0.0
CO.CO-RW.RW-Export of unsorted collected textiles-TOT,SA,1988,0.0,0.0,0.0,1000,0.0
CO.CO-RW.RW-Export of unsorted collected textiles-TOT,SA,1989,0.0,0.0,0.0,1000,0.0
CO.CO-RW.RW-Export of unsorted collected textiles-TOT,SA,1990,0.0,0.0,0.0,1000,0.0
CO.CO-RW.RW-Export of unsorted collected textiles-TOT,SA,1991,0.0,0.0,0.0,1000,0.0
CO.CO-RW.RW-Export of unsorted collected textiles-TOT,SA,1992,0.0,0.0,0.0,1000,0.0
CO.CO-RW.RW-Export of unsorted collected textiles-TOT,SA,1993,0.0,0.0,0.0,1000,0.0
CO.CO-RW.RW-Export of unsorted collected textiles-TOT,SA,1994,0.0,0.0,0.0,1000,0.0
CO.CO-RW.RW-Export of unsorted collected textiles-TOT,SA,1995,0.0,0.0,0.0,1000,0.0
CO.CO-RW.RW-Export of unsorted collected textiles-TOT,SA,1996,0.0,0.0,0.0,1000,0.0
CO.CO-RW.RW-Export of unsorted collected textiles-TOT,SA,1997,0.0,0.0,0.0,1000,0.0
CO.CO-RW.RW-Export of unsorted collected textiles-TOT,SA,1998,0.0,0.0,0.0,1000,0.0
CO.CO-RW.RW-Export of unsorted collected textiles-TOT,SA,1999,0.0,0.0,0.0,1000,0.0
CO.CO-RW.RW-Export of unsorted collected textiles-TOT,SA,2000,0.0,0.0,0.0,1000,0.0
CO.CO-RW.RW-Export of unsorted collected textiles-TOT,SA,2001,0.0,0.0,0.0,1000,0.0
CO.CO-RW.RW-Export of unsorted collected textiles-TOT,SA,2002,0.0,0.0,0.0,1000,0.0
CO.CO-RW.RW-Export of unsorted collected textiles-TOT,SA,2003,0.0,0.0,0.0,1000,0.0
CO.CO-RW.RW-Export of unsorted collected textiles-TOT,SA,2004,0.0,0.0,0.0,1000,0.0
CO.CO-RW.RW-Export of unsorted collected textiles-TOT,SA,2005,0.0,0.0,0.0,1000,0.0
CO.CO-RW.RW-Export of unsorted collected textiles-TOT,SA,2006,0.0,0.0,0.0,1000,0.0
CO.CO-RW.RW-Export of unsorted collected textiles-TOT,SA,2007,0.0,0.0,0.0,1000,0.0
CO.CO-RW.RW-Export of unsorted collected textiles-TOT,SA,2008,0.0,0.0,0.0,1000,0.0
CO.CO-RW.RW-Export of unsorted collected textiles-TOT,SA,2009,0.0,0.0,0.0,1000,0.0
CO.CO-RW.RW-Export of unsorted collected textiles-TOT,SA,2010,0.0,0.0,0.0,1000,0.0
CO.CO-RW.RW-Export of unsorted collected textiles-TOT,SA,2011,0.0,0.0,0.0,1000,0.0
CO.CO-RW.RW-Export of unsorted collected textiles-TOT,SA,2012,0.0,0.0,0.0,1000,0.0
CO.CO-RW.RW-Export of unsorted collected textiles-TOT,SA,2013,0.0,0.0,0.0,1000,0.0
CO.CO-RW.RW-Export of unsorted collected textiles-TOT,SA,2014,0.0,0.0,0.0,1000,0.0
CO.CO-RW.RW-Export of unsorted collected textiles-TOT,SA,2015,0.0,0.0,0.0,1000,0.0
CO.CO-RW.RW-Export of unsorted collected textiles-TOT,SA,2016,0.0,0.0,0.0,1000,0.0
CO.CO-RW.RW-Export of unsorted collected textiles-TOT,SA,2017,0.0,0.0,0.0,1000,0.0
CO.CO-RW.RW-Export of unsorted collected textiles-TOT,SA,2018,0.0,0.0,0.0,1000,0.0
CO.CO-RW.RW-Export of unsorted collected textiles-TOT,SA,2019,0.0,0.0,0.0,1000,0.0
CO.CO-RW.RW-Export of unsorted collected textiles-TOT,SA,2020,0.0,0.0,0.0,1000,0.0
CO.CO-RW.RW-Export of unsorted collected textiles-TOT,SA,2021,0.0,0.0,0.0,1000,0.0
CO.CO-RW.RW-Export of unsorted collected textiles-TOT,SA,2022,0.0,0.0,0.0,1000,0.0
CO.CO-RW.RW-Export of unsorted collected textiles-TOT,SA,2023,0.0,0.0,0.0,1000,0.0
CO.CO-RW.RW-Export of unsorted collected textiles-TOT,SA,2024,0.0,0.0,0.0,1000,0.0
CO.CO-RW.RW-Export of unsorted collected textiles-TOT,SA,2025,0.0,0.0,0.0,1000,0.0
CO.CO-RW.RW-Export of unsorted collected textiles-TOT,TA,1988,0.0,0.0,0.0,1000,0.0
CO.CO-RW.RW-Export of unsorted collected textiles-TOT,TA,1989,0.0,0.0,0.0,1000,0.0
CO.CO-RW.RW-Export of unsorted collected textiles-TOT,TA,1990,0.0,0.0,0.0,1000,0.0
CO.CO-RW.RW-Export of unsorted collected textiles-TOT,TA,1991,0.0,0.0,0.0,1000,0.0
CO.CO-RW.RW-Export of unsorted collected textiles-TOT,TA,1992,0.0,0.0,0.0,1000,0.0
CO.CO-RW.RW-Export of unsorted collected textiles-TOT,TA,1993,0.0,0.0,0.0,1000,0.0
CO.CO-RW.RW-Export of unsorted collected textiles-TOT,TA,1994,0.0,0.0,0.0,1000,0.0
CO.CO-RW.RW-Export of unsorted collected textiles-TOT,TA,1995,0.0,0.0,0.0,1000,0.0
CO.CO-RW.RW-Export of unsorted collected textiles-TOT,TA,1996,0.0,0.0,0.0,1000,0.0
CO.CO-RW.RW-Export of unsorted collected textiles-TOT,TA,1997,0.0,0.0,0.0,1000,0.0
CO.CO-RW.RW-Export of unsorted collected textiles-TOT,TA,1998,0.0,0.0,0.0,1000,0.0
CO.CO-RW.RW-Export of unsorted collected textiles-TOT,TA,1999,0.0,0.0,0.0,1000,0.0
CO.CO-RW.RW-Export of unsorted collected textiles-TOT,TA,2000,0.0,0.0,0.0,1000,0.0
CO.CO-RW.RW-Export of unsorted collected textiles-TOT,TA,2001,0.0,0.0,0.0,1000,0.0
CO.CO-RW.RW-Export of unsorted collected textiles-TOT,TA,2002,0.0,0.0,0.0,1000,0.0
CO.CO-RW.RW-Export of unsorted collected textiles-TOT,TA,2003,0.0,0.0,0.0,1000,0.0
CO.CO-RW.RW-Export of unsorted collected textiles-TOT,TA,2004,0.0,0.0,0.0,1000,0.0
CO.CO-RW.RW-Export of unsorted collected textiles-TOT,TA,2005,0.0,0.0,0.0,1000,0.0
CO.CO-RW.RW-Export of unsorted collected textiles-TOT,TA,2006,0.0,0.0,0.0,1000,0.0
CO.CO-RW.RW-Export of unsorted collected textiles-TOT,TA,2007,0.0,0.0,0.0,1000,0.0
CO.CO-RW.RW-Export of unsorted collected textiles-TOT,TA,2008,0.0,0.0,0.0,1000,0.0
CO.CO-RW.RW-Export of unsorted collected textiles-TOT,TA,2009,0.0,0.0,0.0,1000,0.0
CO.CO-RW.RW-Export of unsorted collected textiles-TOT,TA,2010,0.0,0.0,0.0,1000,0.0
CO.CO-RW.RW-Export of unsorted collected textiles-TOT,TA,2011,0.0,0.0,0.0,1000,0.0
CO.CO-RW.RW-Export of unsorted collected textiles-TOT,TA,2012,0.0,0.0,0.0,1000,0.0
CO.CO-RW.RW-Export of unsorted collected textiles-TOT,TA,2013,0.0,0.0,0.0,1000,0.0
CO.CO-RW.RW-Export of unsorted collected textiles-TOT,TA,2014,0.0,0.0,0.0,1000,0.0
CO.CO-RW.RW-Export of unsorted collected textiles-TOT,TA,2015,0.0,0.0,0.0,1000,0.0
CO.CO-RW.RW-Export of unsorted collected textiles-TOT,TA,2016,0.0,0.0,0.0,1000,0.0
CO.CO-RW.RW-Export of unsorted collected textiles-TOT,TA,2017,0.0,0.0,0.0,1000,0.0
CO.CO-RW.RW-Export of unsorted collected textiles-TOT,TA,2018,0.0,0.0,0.0,1000,0.0
CO.CO-RW.RW-Export of unsorted collected textiles-TOT,TA,2019,0.0,0.0,0.0,1000,0.0
CO.CO-RW.RW-Export of unsorted collected textiles-TOT,TA,2020,0.0,0.0,0.0,1000,0.0
CO.CO-RW.RW-Export of unsorted collected textiles-TOT,TA,2021,0.0,0.0,0.0,1000,0.0
CO.CO-RW.RW-Export of unsorted collected textiles-TOT,TA,2022,0.0,0.0,0.0,1000,0.0
CO.CO-RW.RW-Export of unsorted collected textiles-TOT,TA,2023,0.0,0.0,0.0,1000,0.0
CO.CO-RW.RW-Export of unsorted collected textiles-TOT,TA,2024,0.0,0.0,0.0,1000,0.0
CO.CO-RW.RW-Export of unsorted collected textiles-TOT,TA,2025,0.0,0.0,0.0,1000,0.0
CO.RE-US.HH-Secondhand sales to households-TOT,CA,1988,0.0,0.0,0.0,1000,0.0
CO.RE-US.HH-Secondhand sales to households-TOT,CA,1989,0.0,0.0,0.0,1000,0.0
CO.RE-US.HH-Secondhand sales to households-TOT,CA,1990,0.0,0.0,0.0,1000,0.0
CO.RE-US.HH-Secondhand sales to households-TOT,CA,1991,0.0,0.0,0.0,1000,0.0
CO.RE-US.HH-Secondhand sales to households-TOT,CA,1992,0.0,0.0,0.0,1000,0.0
CO.RE-US.HH-Secondhand sales to households-TOT,CA,1993,0.0,0.0,0.0,1000,0.0
CO.RE-US.HH-Secondhand sales to households-TOT,CA,1994,0.0,0.0,0.0,1000,0.0
CO.RE-US.HH-Secondhand sales to households-TOT,CA,1995,0.0,0.0,0.0,1000,0.0
CO.RE-US.HH-Secondhand sales to households-TOT,CA,1996,0.0,0.0,0.0,1000,0.0
CO.RE-US.HH-Secondhand sales to households-TOT,CA,1997,0.0,0.0,0.0,1000,0.0
CO.RE-US.HH-Secondhand sales to households-TOT,CA,1998,0.0,0.0,0.0,1000,0.0
CO.RE-US.HH-Secondhand sales to households-TOT,CA,1999,0.0,0.0,0.0,1000,0.0
CO.RE-US.HH-Secondhand sales to households-TOT,CA,2000,0.0,0.0,0.0,1000,0.0
CO.RE-US.HH-Secondhand sales to households-TOT,CA,2001,0.0,0.0,0.0,1000,0.0
CO.RE-US.HH-Secondhand sales to households-TOT,CA,2002,0.0,0.0,0.0,1000,0.0
CO.RE-US.HH-Secondhand sales to households-TOT,CA,2003,0.0,0.0,0.0,1000,0.0
CO.RE-US.HH-Secondhand sales to households-TOT,CA,2004,0.0,0.0,0.0,1000,0.0
CO.RE-US.HH-Secondhand sales to households-TOT,CA,2005,0.0,0.0,0.0,1000,0.0
CO.RE-US.HH-Secondhand sales to households-TOT,CA,2006,0.0,0.0,0.0,1000,0.0
CO.RE-US.HH-Secondhand sales to households-TOT,CA,2007,0.0,0.0,0.0,1000,0.0
CO.RE-US.HH-Secondhand sales to households-TOT,CA,2008,0.0,0.0,0.0,1000,0.0
CO.RE-US.HH-Secondhand sales to households-TOT,CA,2009,0.0,0.0,0.0,1000,0.0
CO.RE-US.HH-Secondhand sales to households-TOT,CA,2010,0.0,0.0,0.0,1000,0.0
CO.RE-US.HH-Secondhand sales to households-TOT,CA,2011,0.0,0.0,0.0,1000,0.0
CO.RE-US.HH-Secondhand sales to households-TOT,CA,2012,0.0,0.0,0.0,1000,0.0
CO.RE-US.HH-Secondhand sales to households-TOT,CA,2013,0.0,0.0,0.0,1000,0.0
CO.RE-US.HH-Secondhand sales to households-TOT,CA,2014,0.0,0.0,0.0,1000,0.0
CO.RE-US.HH-Secondhand sales to households-TOT,CA,2015,0.0,0.0,0.0,1000,0.0
CO.RE-US.HH-Secondhand sales to households-TOT,CA,2016,0.0,0.0,0.0,1000,0.0
CO.RE-US.HH-Secondhand sales to households-TOT,CA,2017,0.0,0.0,0.0,1000,0.0
CO.RE-US.HH-Secondhand sales to households-TOT,CA,2018,0.0,0.0,0.0,1000,0.0
CO.RE-US.HH-Secondhand sales to households-TOT,CA,2019,0.0,0.0,0.0,1000,0.0
CO.RE-US.HH-Secondhand sales to households-TOT,CA,2020,0.0,0.0,0.0,1000,0.0
CO.RE-US.HH-Secondhand sales to households-TOT,CA,2021,0.0,0.0,0.0,1000,0.0
CO.RE-US.HH-Secondhand sales to households-TOT,CA,2022,0.0,0.0,0.0,1000,0.0
CO.RE-US.HH-Secondhand sales to households-TOT,CA,2023,0.0,0.0,0.0,1000,0.0
CO.RE-US.HH-Secondhand sales to households-TOT,CA,2024,0.0,0.0,0.0,1000,0.0
CO.RE-US.HH-Secondhand sales to households-TOT,CA,2025,0.0,0.0,0.0,1000,0.0
CO.RE-US.HH-Secondhand sales to households-TOT,CORE,1988,0.01105077448646047,0.0059919429146721,0.019230086701823596,1000,0.010745228340000003
CO.RE-US.HH-Secondhand sales to households-TOT,CORE,1989,0.01711026652174453,0.009277516284377315,0.029774556444671862,1000,0.016637179680000003
CO.RE-US.HH-Secondhand sales to households-TOT,CORE,1990,0.02571127156515872,0.013941146991174203,0.04474165878761846,1000,0.02500037298
CO.RE-US.HH-Secondhand sales to households-TOT,CORE,1991,0.023931838594360218,0.012976304138343072,0.0416451653834264,1000,0.02327014008
CO.RE-US.HH-Secondhand sales to households-TOT,CORE,1992,0.04343350395292009,0.023550482962885963,0.07558113214616624,1000,0.042232598100000004
CO.RE-US.HH-Secondhand sales to households-TOT,CORE,1993,0.057667025086887265,0.03126817245279494,0.10034969889357225,1000,0.05607257238000001
CO.RE-US.HH-Secondhand sales to households-TOT,CORE,1994,0.0672681559460738,0.03647409065292002,0.1170571775489301,1000,0.06540823872
CO.RE-US.HH-Secondhand sales to households-TOT,CORE,1995,0.07352097656067663,0.03986449050446792,0.12793806944452385,1000,0.07148817324000001
CO.RE-US.HH-Secondhand sales to households-TOT,CORE,1996,0.09158987720195899,0.04966179668478107,0.15938080012047923,1000,0.08905748147999999
CO.RE-US.HH-Secondhand sales to households-TOT,CORE,1997,0.12187676286039022,0.06608392982584453,0.2120847475092742,1000,0.11850695604000001
CO.RE-US.HH-Secondhand sales to households-TOT,CORE,1998,0.12787377910395017,0.06933562761714405,0.22252049954250927,1000,0.12433815900000002
CO.RE-US.HH-Secondhand sales to households-TOT,CORE,1999,0.15538361673658094,0.08425199179492926,0.2703919463335678,1000,0.15108736896000002
CO.RE-US.HH-Secondhand sales to households-TOT,CORE,2000,0.15513387851017302,0.08411657891521834,0.2699573625175223,1000,0.15084453582
CO.RE-US.HH-Secondhand sales to households-TOT,CORE,2001,0.15897405961837757,0.08619879912616882,0.27663988198726236,1000,0.15457853862
CO.RE-US.HH-Secondhand sales to households-TOT,CORE,2002,0.16023535953443158,0.08688270025043265,0.27883474233595906,1000,0.15580496448
CO.RE-US.HH-Secondhand sales to households-TOT,CORE,2003,0.1523040678547528,0.0825822010372349,0.2650330466408254,1000,0.14809296744000003
CO.RE-US.HH-Secondhand sales to households-TOT,CORE,2004,0.19213331057827868,0.10417838409448471,0.3343421970338401,1000,0.1868209596
CO.RE-US.HH-Secondhand sales to households-TOT,CORE,2005,0.22641058314983403,0.12276418192893136,0.3939900456312984,1000,0.22015048968000003
CO.RE-US.HH-Secondhand sales to households-TOT,CORE,2006,0.24403696678701833,0.13232154686073058,0.42466272707982067,1000,0.23728951620000005
CO.RE-US.HH-Secondhand sales to households-TOT,CORE,2007,0.2741156242419971,0.1486307746565768,0.4770043246250765,1000,0.26653651992
CO.RE-US.HH-Secondhand sales to households-TOT,CORE,2008,0.30336032426007203,0.16448781465677878,0.5278947049875963,1000,0.29497262454000006
CO.RE-US.HH-Secondhand sales to households-TOT,CORE,2009,0.30825495158494953,0.16714177592937496,0.5364121268158882,1000,0.29973191886000006
CO.RE-US.HH-Secondhand sales to households-TOT,CORE,2010,0.3400953017448456,0.1844062274639729,0.5918193469108609,1000,0.33069190572
CO.RE-US.HH-Secondhand sales to households-TOT,CORE,2011,0.38936253085764666,0.211119868645382,0.6775520789070257,1000,0.3785969305800001
CO.RE-US.HH-Secondhand sales to households-TOT,CORE,2012,0.39315108559293044,0.2131740960419092,0.6841447603632779,1000,0.3822807344400001
CO.RE-US.HH-Secondhand sales to households-TOT,CORE,2013,0.4321832442421071,0.23433808475137402,0.7520668590272794,1000,0.42023368134
CO.RE-US.HH-Secondhand sales to households-TOT,CORE,2014,0.4832249581110497,0.26201388576825735,0.8408874737554172,1000,0.4698641277
CO.RE-US.HH-Secondhand sales to households-TOT,CORE,2015,0.5230164294626942,0.2835895884596831,0.9101308960171578,1000,0.5085553928400001
CO.RE-US.HH-Secondhand sales to households-TOT,CORE,2016,0.5266206723653675,0.28554387842821793,0.9164028458789306,1000,0.51205998096
CO.RE-US.HH-Secondhand sales to households-TOT,CORE,2017,0.6054869486458432,0.3283066934638842,1.0536425780426522,1000,0.5887456601400001
CO.RE-US.HH-Secondhand sales to households-TOT,CORE,2018,0.6682264069042807,0.3623252369462985,1.1628191089195963,1000,0.64975041648
CO.RE-US.HH-Secondhand sales to households-TOT,CORE,2019,0.7625893790405356,0.48881164090711826,1.1615876381000478,1000,0.77663084944
CO.RE-US.HH-Secondhand sales to households-TOT,CORE,2020,0.7428359594322566,0.514114586373893,1.0435529990461638,1000,0.7877778404000001
CO.RE-US.HH-Secondhand sales to households-TOT,CORE,2021,0.7384723967776061,0.4877151224396593,1.0249233906600006,1000,0.80827280145
CO.RE-US.HH-Secondhand sales to households-TOT,CORE,2022,0.7744890299957496,0.4555678438452997,1.1515279128320897,1000,0.8717478445
CO.RE-US.HH-Secondhand sales to households-TOT,CORE,2023,0.9806272464764285,0.675626771991505,1.3299015406550463,1000,1.094124146488889
CO.RE-US.HH-Secondhand sales to households-TOT,CORE,2024,1.1524365876191314,0.7607806512063351,1.615365210905142,1000,1.2777989020611114
CO.RE-US.HH-Secondhand sales to households-TOT,CORE,2025,1.4800137968942384,0.8329361129256987,2.271692520939523,1000,1.63276542864
CO.RE-US.HH-Secondhand sales to households-TOT,OM,1988,0.0,0.0,0.0,1000,0.0
CO.RE-US.HH-Secondhand sales to households-TOT,OM,1989,0.0,0.0,0.0,1000,0.0
CO.RE-US.HH-Secondhand sales to households-TOT,OM,1990,0.0,0.0,0.0,1000,0.0
CO.RE-US.HH-Secondhand sales to households-TOT,OM,1991,0.0,0.0,0.0,1000,0.0
CO.RE-US.HH-Secondhand sales to households-TOT,OM,1992,0.0,0.0,0.0,1000,0.0
CO.RE-US.HH-Secondhand sales to households-TOT,OM,1993,0.0,0.0,0.0,1000,0.0
CO.RE-US.HH-Secondhand sales to households-TOT,OM,1994,0.0,0.0,0.0,1000,0.0
CO.RE-US.HH-Secondhand sales to households-TOT,OM,1995,0.0,0.0,0.0,1000,0.0
CO.RE-US.HH-Secondhand sales to households-TOT,OM,1996,0.0,0.0,0.0,1000,0.0
CO.RE-US.HH-Secondhand sales to households-TOT,OM,1997,0.0,0.0,0.0,1000,0.0
CO.RE-US.HH-Secondhand sales to households-TOT,OM,1998,0.0,0.0,0.0,1000,0.0
CO.RE-US.HH-Secondhand sales to households-TOT,OM,1999,0.0,0.0,0.0,1000,0.0
CO.RE-US.HH-Secondhand sales to households-TOT,OM,2000,0.0,0.0,0.0,1000,0.0
CO.RE-US.HH-Secondhand sales to households-TOT,OM,2001,0.0,0.0,0.0,1000,0.0
CO.RE-US.HH-Secondhand sales to households-TOT,OM,2002,0.0,0.0,0.0,1000,0.0
CO.RE-US.HH-Secondhand sales to households-TOT,OM,2003,0.0,0.0,0.0,1000,0.0
CO.RE-US.HH-Secondhand sales to households-TOT,OM,2004,0.0,0.0,0.0,1000,0.0
CO.RE-US.HH-Secondhand sales to households-TOT,OM,2005,0.0,0.0,0.0,1000,0.0
CO.RE-US.HH-Secondhand sales to households-TOT,OM,2006,0.0,0.0,0.0,1000,0.0
CO.RE-US.HH-Secondhand sales to households-TOT,OM,2007,0.0,0.0,0.0,1000,0.0
CO.RE-US.HH-Secondhand sales to households-TOT,OM,2008,0.0,0.0,0.0,1000,0.0
CO.RE-US.HH-Secondhand sales to households-TOT,OM,2009,0.0,0.0,0.0,1000,0.0
CO.RE-US.HH-Secondhand sales to households-TOT,OM,2010,0.0,0.0,0.0,1000,0.0
CO.RE-US.HH-Secondhand sales to households-TOT,OM,2011,0.0,0.0,0.0,1000,0.0
CO.RE-US.HH-Secondhand sales to households-TOT,OM,2012,0.0,0.0,0.0,1000,0.0
CO.RE-US.HH-Secondhand sales to households-TOT,OM,2013,0.0,0.0,0.0,1000,0.0
CO.RE-US.HH-Secondhand sales to households-TOT,OM,2014,0.0,0.0,0.0,1000,0.0
CO.RE-US.HH-Secondhand sales to households-TOT,OM,2015,0.0,0.0,0.0,1000,0.0
CO.RE-US.HH-Secondhand sales to households-TOT,OM,2016,0.0,0.0,0.0,1000,0.0
CO.RE-US.HH-Secondhand sales to households-TOT,OM,2017,0.0,0.0,0.0,1000,0.0
CO.RE-US.HH-Secondhand sales to households-TOT,OM,2018,0.0,0.0,0.0,1000,0.0
CO.RE-US.HH-Secondhand sales to households-TOT,OM,2019,0.0,0.0,0.0,1000,0.0
CO.RE-US.HH-Secondhand sales to households-TOT,OM,2020,0.0,0.0,0.0,1000,0.0
CO.RE-US.HH-Secondhand sales to households-TOT,OM,2021,0.0,0.0,0.0,1000,0.0
CO.RE-US.HH-Secondhand sales to households-TOT,OM,2022,0.0,0.0,0.0,1000,0.0
CO.RE-US.HH-Secondhand sales to households-TOT,OM,2023,0.0,0.0,0.0,1000,0.0
CO.RE-US.HH-Secondhand sales to households-TOT,OM,2024,0.0,0.0,0.0,1000,0.0
CO.RE-US.HH-Secondhand sales to households-TOT,OM,2025,0.0,0.0,0.0,1000,0.0
CO.RE-US.HH-Secondhand sales to households-TOT,SA,1988,0.0,0.0,0.0,1000,0.0
CO.RE-US.HH-Secondhand sales to households-TOT,SA,1989,0.0,0.0,0.0,1000,0.0
CO.RE-US.HH-Secondhand sales to households-TOT,SA,1990,0.0,0.0,0.0,1000,0.0
CO.RE-US.HH-Secondhand sales to households-TOT,SA,1991,0.0,0.0,0.0,1000,0.0
CO.RE-US.HH-Secondhand sales to households-TOT,SA,1992,0.0,0.0,0.0,1000,0.0
CO.RE-US.HH-Secondhand sales to households-TOT,SA,1993,0.0,0.0,0.0,1000,0.0
CO.RE-US.HH-Secondhand sales to households-TOT,SA,1994,0.0,0.0,0.0,1000,0.0
CO.RE-US.HH-Secondhand sales to households-TOT,SA,1995,0.0,0.0,0.0,1000,0.0
CO.RE-US.HH-Secondhand sales to households-TOT,SA,1996,0.0,0.0,0.0,1000,0.0
CO.RE-US.HH-Secondhand sales to households-TOT,SA,1997,0.0,0.0,0.0,1000,0.0
CO.RE-US.HH-Secondhand sales to households-TOT,SA,1998,0.0,0.0,0.0,1000,0.0
CO.RE-US.HH-Secondhand sales to households-TOT,SA,1999,0.0,0.0,0.0,1000,0.0
CO.RE-US.HH-Secondhand sales to households-TOT,SA,2000,0.0,0.0,0.0,1000,0.0
CO.RE-US.HH-Secondhand sales to households-TOT,SA,2001,0.0,0.0,0.0,1000,0.0
CO.RE-US.HH-Secondhand sales to households-TOT,SA,2002,0.0,0.0,0.0,1000,0.0
CO.RE-US.HH-Secondhand sales to households-TOT,SA,2003,0.0,0.0,0.0,1000,0.0
CO.RE-US.HH-Secondhand sales to households-TOT,SA,2004,0.0,0.0,0.0,1000,0.0
CO.RE-US.HH-Secondhand sales to households-TOT,SA,2005,0.0,0.0,0.0,1000,0.0
CO.RE-US.HH-Secondhand sales to households-TOT,SA,2006,0.0,0.0,0.0,1000,0.0
CO.RE-US.HH-Secondhand sales to households-TOT,SA,2007,0.0,0.0,0.0,1000,0.0
CO.RE-US.HH-Secondhand sales to households-TOT,SA,2008,0.0,0.0,0.0,1000,0.0
CO.RE-US.HH-Secondhand sales to households-TOT,SA,2009,0.0,0.0,0.0,1000,0.0
CO.RE-US.HH-Secondhand sales to households-TOT,SA,2010,0.0,0.0,0.0,1000,0.0
CO.RE-US.HH-Secondhand sales to households-TOT,SA,2011,0.0,0.0,0.0,1000,0.0
CO.RE-US.HH-Secondhand sales to households-TOT,SA,2012,0.0,0.0,0.0,1000,0.0
CO.RE-US.HH-Secondhand sales to households-TOT,SA,2013,0.0,0.0,0.0,1000,0.0
CO.RE-US.HH-Secondhand sales to households-TOT,SA,2014,0.0,0.0,0.0,1000,0.0
CO.RE-US.HH-Secondhand sales to households-TOT,SA,2015,0.0,0.0,0.0,1000,0.0
CO.RE-US.HH-Secondhand sales to households-TOT,SA,2016,0.0,0.0,0.0,1000,0.0
CO.RE-US.HH-Secondhand sales to households-TOT,SA,2017,0.0,0.0,0.0,1000,0.0
CO.RE-US.HH-Secondhand sales to households-TOT,SA,2018,0.0,0.0,0.0,1000,0.0
CO.RE-US.HH-Secondhand sales to households-TOT,SA,2019,0.0,0.0,0.0,1000,0.0
CO.RE-US.HH-Secondhand sales to households-TOT,SA,2020,0.0,0.0,0.0,1000,0.0
CO.RE-US.HH-Secondhand sales to households-TOT,SA,2021,0.0,0.0,0.0,1000,0.0
CO.RE-US.HH-Secondhand sales to households-TOT,SA,2022,0.0,0.0,0.0,1000,0.0
CO.RE-US.HH-Secondhand sales to households-TOT,SA,2023,0.0,0.0,0.0,1000,0.0
CO.RE-US.HH-Secondhand sales to households-TOT,SA,2024,0.0,0.0,0.0,1000,0.0
CO.RE-US.HH-Secondhand sales to households-TOT,SA,2025,0.0,0.0,0.0,1000,0.0
CO.RE-US.HH-Secondhand sales to households-TOT,TA,1988,0.0,0.0,0.0,1000,0.0
CO.RE-US.HH-Secondhand sales to households-TOT,TA,1989,0.0,0.0,0.0,1000,0.0
CO.RE-US.HH-Secondhand sales to households-TOT,TA,1990,0.0,0.0,0.0,1000,0.0
CO.RE-US.HH-Secondhand sales to households-TOT,TA,1991,0.0,0.0,0.0,1000,0.0
CO.RE-US.HH-Secondhand sales to households-TOT,TA,1992,0.0,0.0,0.0,1000,0.0
CO.RE-US.HH-Secondhand sales to households-TOT,TA,1993,0.0,0.0,0.0,1000,0.0
CO.RE-US.HH-Secondhand sales to households-TOT,TA,1994,0.0,0.0,0.0,1000,0.0
CO.RE-US.HH-Secondhand sales to households-TOT,TA,1995,0.0,0.0,0.0,1000,0.0
CO.RE-US.HH-Secondhand sales to households-TOT,TA,1996,0.0,0.0,0.0,1000,0.0
CO.RE-US.HH-Secondhand sales to households-TOT,TA,1997,0.0,0.0,0.0,1000,0.0
CO.RE-US.HH-Secondhand sales to households-TOT,TA,1998,0.0,0.0,0.0,1000,0.0
CO.RE-US.HH-Secondhand sales to households-TOT,TA,1999,0.0,0.0,0.0,1000,0.0
CO.RE-US.HH-Secondhand sales to households-TOT,TA,2000,0.0,0.0,0.0,1000,0.0
CO.RE-US.HH-Secondhand sales to households-TOT,TA,2001,0.0,0.0,0.0,1000,0.0
CO.RE-US.HH-Secondhand sales to households-TOT,TA,2002,0.0,0.0,0.0,1000,0.0
CO.RE-US.HH-Secondhand sales to households-TOT,TA,2003,0.0,0.0,0.0,1000,0.0
CO.RE-US.HH-Secondhand sales to households-TOT,TA,2004,0.0,0.0,0.0,1000,0.0
CO.RE-US.HH-Secondhand sales to households-TOT,TA,2005,0.0,0.0,0.0,1000,0.0
CO.RE-US.HH-Secondhand sales to households-TOT,TA,2006,0.0,0.0,0.0,1000,0.0
CO.RE-US.HH-Secondhand sales to households-TOT,TA,2007,0.0,0.0,0.0,1000,0.0
CO.RE-US.HH-Secondhand sales to households-TOT,TA,2008,0.0,0.0,0.0,1000,0.0
CO.RE-US.HH-Secondhand sales to households-TOT,TA,2009,0.0,0.0,0.0,1000,0.0
CO.RE-US.HH-Secondhand sales to households-TOT,TA,2010,0.0,0.0,0.0,1000,0.0
CO.RE-US.HH-Secondhand sales to households-TOT,TA,2011,0.0,0.0,0.0,1000,0.0
CO.RE-US.HH-Secondhand sales to households-TOT,TA,2012,0.0,0.0,0.0,1000,0.0
CO.RE-US.HH-Secondhand sales to households-TOT,TA,2013,0.0,0.0,0.0,1000,0.0
CO.RE-US.HH-Secondhand sales to households-TOT,TA,2014,0.0,0.0,0.0,1000,0.0
CO.RE-US.HH-Secondhand sales to households-TOT,TA,2015,0.0,0.0,0.0,1000,0.0
CO.RE-US.HH-Secondhand sales to households-TOT,TA,2016,0.0,0.0,0.0,1000,0.0
CO.RE-US.HH-Secondhand sales to households-TOT,TA,2017,0.0,0.0,0.0,1000,0.0
CO.RE-US.HH-Secondhand sales to households-TOT,TA,2018,0.0,0.0,0.0,1000,0.0
CO.RE-US.HH-Secondhand sales to households-TOT,TA,2019,0.0,0.0,0.0,1000,0.0
CO.RE-US.HH-Secondhand sales to households-TOT,TA,2020,0.0,0.0,0.0,1000,0.0
CO.RE-US.HH-Secondhand sales to households-TOT,TA,2021,0.0,0.0,0.0,1000,0.0
CO.RE-US.HH-Secondhand sales to households-TOT,TA,2022,0.0,0.0,0.0,1000,0.0
CO.RE-US.HH-Secondhand sales to households-TOT,TA,2023,0.0,0.0,0.0,1000,0.0
CO.RE-US.HH-Secondhand sales to households-TOT,TA,2024,0.0,0.0,0.0,1000,0.0
CO.RE-US.HH-Secondhand sales to households-TOT,TA,2025,0.0,0.0,0.0,1000,0.0
CO.SO-CO.RE-Sorted for domestic secondhand sales-TOT,CA,1988,0.0,0.0,0.0,1000,0.0
CO.SO-CO.RE-Sorted for domestic secondhand sales-TOT,CA,1989,0.0,0.0,0.0,1000,0.0
CO.SO-CO.RE-Sorted for domestic secondhand sales-TOT,CA,1990,0.0,0.0,0.0,1000,0.0
CO.SO-CO.RE-Sorted for domestic secondhand sales-TOT,CA,1991,0.0,0.0,0.0,1000,0.0
CO.SO-CO.RE-Sorted for domestic secondhand sales-TOT,CA,1992,0.0,0.0,0.0,1000,0.0
CO.SO-CO.RE-Sorted for domestic secondhand sales-TOT,CA,1993,0.0,0.0,0.0,1000,0.0
CO.SO-CO.RE-Sorted for domestic secondhand sales-TOT,CA,1994,0.0,0.0,0.0,1000,0.0
CO.SO-CO.RE-Sorted for domestic secondhand sales-TOT,CA,1995,0.0,0.0,0.0,1000,0.0
CO.SO-CO.RE-Sorted for domestic secondhand sales-TOT,CA,1996,0.0,0.0,0.0,1000,0.0
CO.SO-CO.RE-Sorted for domestic secondhand sales-TOT,CA,1997,0.0,0.0,0.0,1000,0.0
CO.SO-CO.RE-Sorted for domestic secondhand sales-TOT,CA,1998,0.0,0.0,0.0,1000,0.0
CO.SO-CO.RE-Sorted for domestic secondhand sales-TOT,CA,1999,0.0,0.0,0.0,1000,0.0
CO.SO-CO.RE-Sorted for domestic secondhand sales-TOT,CA,2000,0.0,0.0,0.0,1000,0.0
CO.SO-CO.RE-Sorted for domestic secondhand sales-TOT,CA,2001,0.0,0.0,0.0,1000,0.0
CO.SO-CO.RE-Sorted for domestic secondhand sales-TOT,CA,2002,0.0,0.0,0.0,1000,0.0
CO.SO-CO.RE-Sorted for domestic secondhand sales-TOT,CA,2003,0.0,0.0,0.0,1000,0.0
CO.SO-CO.RE-Sorted for domestic secondhand sales-TOT,CA,2004,0.0,0.0,0.0,1000,0.0
CO.SO-CO.RE-Sorted for domestic secondhand sales-TOT,CA,2005,0.0,0.0,0.0,1000,0.0
CO.SO-CO.RE-Sorted for domestic secondhand sales-TOT,CA,2006,0.0,0.0,0.0,1000,0.0
CO.SO-CO.RE-Sorted for domestic secondhand sales-TOT,CA,2007,0.0,0.0,0.0,1000,0.0
CO.SO-CO.RE-Sorted for domestic secondhand sales-TOT,CA,2008,0.0,0.0,0.0,1000,0.0
CO.SO-CO.RE-Sorted for domestic secondhand sales-TOT,CA,2009,0.0,0.0,0.0,1000,0.0
CO.SO-CO.RE-Sorted for domestic secondhand sales-TOT,CA,2010,0.0,0.0,0.0,1000,0.0
CO.SO-CO.RE-Sorted for domestic secondhand sales-TOT,CA,2011,0.0,0.0,0.0,1000,0.0
CO.SO-CO.RE-Sorted for domestic secondhand sales-TOT,CA,2012,0.0,0.0,0.0,1000,0.0
CO.SO-CO.RE-Sorted for domestic secondhand sales-TOT,CA,2013,0.0,0.0,0.0,1000,0.0
CO.SO-CO.RE-Sorted for domestic secondhand sales-TOT,CA,2014,0.0,0.0,0.0,1000,0.0
CO.SO-CO.RE-Sorted for domestic secondhand sales-TOT,CA,2015,0.0,0.0,0.0,1000,0.0
CO.SO-CO.RE-Sorted for domestic secondhand sales-TOT,CA,2016,0.0,0.0,0.0,1000,0.0
CO.SO-CO.RE-Sorted for domestic secondhand sales-TOT,CA,2017,0.0,0.0,0.0,1000,0.0
CO.SO-CO.RE-Sorted for domestic secondhand sales-TOT,CA,2018,0.0,0.0,0.0,1000,0.0
CO.SO-CO.RE-Sorted for domestic secondhand sales-TOT,CA,2019,0.0,0.0,0.0,1000,0.0
CO.SO-CO.RE-Sorted for domestic secondhand sales-TOT,CA,2020,0.0,0.0,0.0,1000,0.0
CO.SO-CO.RE-Sorted for domestic secondhand sales-TOT,CA,2021,0.0,0.0,0.0,1000,0.0
CO.SO-CO.RE-Sorted for domestic secondhand sales-TOT,CA,2022,0.0,0.0,0.0,1000,0.0
CO.SO-CO.RE-Sorted for domestic secondhand sales-TOT,CA,2023,0.0,0.0,0.0,1000,0.0
CO.SO-CO.RE-Sorted for domestic secondhand sales-TOT,CA,2024,0.0,0.0,0.0,1000,0.0
CO.SO-CO.RE-Sorted for domestic secondhand sales-TOT,CA,2025,0.0,0.0,0.0,1000,0.0
CO.SO-CO.RE-Sorted for domestic secondhand sales-TOT,CORE,1988,0.01105077448646047,0.0059919429146721,0.019230086701823596,1000,0.010745228340000003
CO.SO-CO.RE-Sorted for domestic secondhand sales-TOT,CORE,1989,0.01711026652174453,0.009277516284377315,0.029774556444671862,1000,0.016637179680000003
CO.SO-CO.RE-Sorted for domestic secondhand sales-TOT,CORE,1990,0.02571127156515872,0.013941146991174203,0.04474165878761846,1000,0.02500037298
CO.SO-CO.RE-Sorted for domestic secondhand sales-TOT,CORE,1991,0.023931838594360218,0.012976304138343072,0.0416451653834264,1000,0.02327014008
CO.SO-CO.RE-Sorted for domestic secondhand sales-TOT,CORE,1992,0.04343350395292009,0.023550482962885963,0.07558113214616624,1000,0.042232598100000004
CO.SO-CO.RE-Sorted for domestic secondhand sales-TOT,CORE,1993,0.057667025086887265,0.03126817245279494,0.10034969889357225,1000,0.05607257238000001
CO.SO-CO.RE-Sorted for domestic secondhand sales-TOT,CORE,1994,0.0672681559460738,0.03647409065292002,0.1170571775489301,1000,0.06540823872
CO.SO-CO.RE-Sorted for domestic secondhand sales-TOT,CORE,1995,0.07352097656067663,0.03986449050446792,0.12793806944452385,1000,0.07148817324000001
CO.SO-CO.RE-Sorted for domestic secondhand sales-TOT,CORE,1996,0.09158987720195899,0.04966179668478107,0.15938080012047923,1000,0.08905748147999999
CO.SO-CO.RE-Sorted for domestic secondhand sales-TOT,CORE,1997,0.12187676286039022,0.06608392982584453,0.2120847475092742,1000,0.11850695604000001
CO.SO-CO.RE-Sorted for domestic secondhand sales-TOT,CORE,1998,0.12787377910395017,0.06933562761714405,0.22252049954250927,1000,0.12433815900000002
CO.SO-CO.RE-Sorted for domestic secondhand sales-TOT,CORE,1999,0.15538361673658094,0.08425199179492926,0.2703919463335678,1000,0.15108736896000002
CO.SO-CO.RE-Sorted for domestic secondhand sales-TOT,CORE,2000,0.15513387851017302,0.08411657891521834,0.2699573625175223,1000,0.15084453582
CO.SO-CO.RE-Sorted for domestic secondhand sales-TOT,CORE,2001,0.15897405961837757,0.08619879912616882,0.27663988198726236,1000,0.15457853862
CO.SO-CO.RE-Sorted for domestic secondhand sales-TOT,CORE,2002,0.16023535953443158,0.08688270025043265,0.27883474233595906,1000,0.15580496448
CO.SO-CO.RE-Sorted for domestic secondhand sales-TOT,CORE,2003,0.1523040678547528,0.0825822010372349,0.2650330466408254,1000,0.14809296744000003
CO.SO-CO.RE-Sorted for domestic secondhand sales-TOT,CORE,2004,0.19213331057827868,0.10417838409448471,0.3343421970338401,1000,0.1868209596
CO.SO-CO.RE-Sorted for domestic secondhand sales-TOT,CORE,2005,0.22641058314983403,0.12276418192893136,0.3939900456312984,1000,0.22015048968000003
CO.SO-CO.RE-Sorted for domestic secondhand sales-TOT,CORE,2006,0.24403696678701833,0.13232154686073058,0.42466272707982067,1000,0.23728951620000005
CO.SO-CO.RE-Sorted for domestic secondhand sales-TOT,CORE,2007,0.2741156242419971,0.1486307746565768,0.4770043246250765,1000,0.26653651992
CO.SO-CO.RE-Sorted for domestic secondhand sales-TOT,CORE,2008,0.30336032426007203,0.16448781465677878,0.5278947049875963,1000,0.29497262454000006
CO.SO-CO.RE-Sorted for domestic secondhand sales-TOT,CORE,2009,0.30825495158494953,0.16714177592937496,0.5364121268158882,1000,0.29973191886000006
CO.SO-CO.RE-Sorted for domestic secondhand sales-TOT,CORE,2010,0.3400953017448456,0.1844062274639729,0.5918193469108609,1000,0.33069190572
CO.SO-CO.RE-Sorted for domestic secondhand sales-TOT,CORE,2011,0.38936253085764666,0.211119868645382,0.6775520789070257,1000,0.3785969305800001
CO.SO-CO.RE-Sorted for domestic secondhand sales-TOT,CORE,2012,0.39315108559293044,0.2131740960419092,0.6841447603632779,1000,0.3822807344400001
CO.SO-CO.RE-Sorted for domestic secondhand sales-TOT,CORE,2013,0.4321832442421071,0.23433808475137402,0.7520668590272794,1000,0.42023368134
CO.SO-CO.RE-Sorted for domestic secondhand sales-TOT,CORE,2014,0.4832249581110497,0.26201388576825735,0.8408874737554172,1000,0.4698641277
CO.SO-CO.RE-Sorted for domestic secondhand sales-TOT,CORE,2015,0.5230164294626942,0.2835895884596831,0.9101308960171578,1000,0.5085553928400001
CO.SO-CO.RE-Sorted for domestic secondhand sales-TOT,CORE,2016,0.5266206723653675,0.28554387842821793,0.9164028458789306,1000,0.51205998096
CO.SO-CO.RE-Sorted for domestic secondhand sales-TOT,CORE,2017,0.6054869486458432,0.3283066934638842,1.0536425780426522,1000,0.5887456601400001
CO.SO-CO.RE-Sorted for domestic secondhand sales-TOT,CORE,2018,0.6682264069042807,0.3623252369462985,1.1628191089195963,1000,0.64975041648
CO.SO-CO.RE-Sorted for domestic secondhand sales-TOT,CORE,2019,0.7625893790405356,0.48881164090711826,1.1615876381000478,1000,0.77663084944
CO.SO-CO.RE-Sorted for domestic secondhand sales-TOT,CORE,2020,0.7428359594322566,0.514114586373893,1.0435529990461638,1000,0.7877778404000001
CO.SO-CO.RE-Sorted for domestic secondhand sales-TOT,CORE,2021,0.7384723967776061,0.4877151224396593,1.0249233906600006,1000,0.80827280145
CO.SO-CO.RE-Sorted for domestic secondhand sales-TOT,CORE,2022,0.7744890299957496,0.4555678438452997,1.1515279128320897,1000,0.8717478445
CO.SO-CO.RE-Sorted for domestic secondhand sales-TOT,CORE,2023,0.9806272464764285,0.675626771991505,1.3299015406550463,1000,1.094124146488889
CO.SO-CO.RE-Sorted for domestic secondhand sales-TOT,CORE,2024,1.1524365876191314,0.7607806512063351,1.615365210905142,1000,1.2777989020611114
CO.SO-CO.RE-Sorted for domestic secondhand sales-TOT,CORE,2025,1.4800137968942384,0.8329361129256987,2.271692520939523,1000,1.63276542864
CO.SO-CO.RE-Sorted for domestic secondhand sales-TOT,OM,1988,0.0,0.0,0.0,1000,0.0
CO.SO-CO.RE-Sorted for domestic secondhand sales-TOT,OM,1989,0.0,0.0,0.0,1000,0.0
CO.SO-CO.RE-Sorted for domestic secondhand sales-TOT,OM,1990,0.0,0.0,0.0,1000,0.0
CO.SO-CO.RE-Sorted for domestic secondhand sales-TOT,OM,1991,0.0,0.0,0.0,1000,0.0
CO.SO-CO.RE-Sorted for domestic secondhand sales-TOT,OM,1992,0.0,0.0,0.0,1000,0.0
CO.SO-CO.RE-Sorted for domestic secondhand sales-TOT,OM,1993,0.0,0.0,0.0,1000,0.0
CO.SO-CO.RE-Sorted for domestic secondhand sales-TOT,OM,1994,0.0,0.0,0.0,1000,0.0
CO.SO-CO.RE-Sorted for domestic secondhand sales-TOT,OM,1995,0.0,0.0,0.0,1000,0.0
CO.SO-CO.RE-Sorted for domestic secondhand sales-TOT,OM,1996,0.0,0.0,0.0,1000,0.0
CO.SO-CO.RE-Sorted for domestic secondhand sales-TOT,OM,1997,0.0,0.0,0.0,1000,0.0
CO.SO-CO.RE-Sorted for domestic secondhand sales-TOT,OM,1998,0.0,0.0,0.0,1000,0.0
CO.SO-CO.RE-Sorted for domestic secondhand sales-TOT,OM,1999,0.0,0.0,0.0,1000,0.0
CO.SO-CO.RE-Sorted for domestic secondhand sales-TOT,OM,2000,0.0,0.0,0.0,1000,0.0
CO.SO-CO.RE-Sorted for domestic secondhand sales-TOT,OM,2001,0.0,0.0,0.0,1000,0.0
CO.SO-CO.RE-Sorted for domestic secondhand sales-TOT,OM,2002,0.0,0.0,0.0,1000,0.0
CO.SO-CO.RE-Sorted for domestic secondhand sales-TOT,OM,2003,0.0,0.0,0.0,1000,0.0
CO.SO-CO.RE-Sorted for domestic secondhand sales-TOT,OM,2004,0.0,0.0,0.0,1000,0.0
CO.SO-CO.RE-Sorted for domestic secondhand sales-TOT,OM,2005,0.0,0.0,0.0,1000,0.0
CO.SO-CO.RE-Sorted for domestic secondhand sales-TOT,OM,2006,0.0,0.0,0.0,1000,0.0
CO.SO-CO.RE-Sorted for domestic secondhand sales-TOT,OM,2007,0.0,0.0,0.0,1000,0.0
CO.SO-CO.RE-Sorted for domestic secondhand sales-TOT,OM,2008,0.0,0.0,0.0,1000,0.0
CO.SO-CO.RE-Sorted for domestic secondhand sales-TOT,OM,2009,0.0,0.0,0.0,1000,0.0
CO.SO-CO.RE-Sorted for domestic secondhand sales-TOT,OM,2010,0.0,0.0,0.0,1000,0.0
CO.SO-CO.RE-Sorted for domestic secondhand sales-TOT,OM,2011,0.0,0.0,0.0,1000,0.0
CO.SO-CO.RE-Sorted for domestic secondhand sales-TOT,OM,2012,0.0,0.0,0.0,1000,0.0
CO.SO-CO.RE-Sorted for domestic secondhand sales-TOT,OM,2013,0.0,0.0,0.0,1000,0.0
CO.SO-CO.RE-Sorted for domestic secondhand sales-TOT,OM,2014,0.0,0.0,0.0,1000,0.0
CO.SO-CO.RE-Sorted for domestic secondhand sales-TOT,OM,2015,0.0,0.0,0.0,1000,0.0
CO.SO-CO.RE-Sorted for domestic secondhand sales-TOT,OM,2016,0.0,0.0,0.0,1000,0.0
CO.SO-CO.RE-Sorted for domestic secondhand sales-TOT,OM,2017,0.0,0.0,0.0,1000,0.0
CO.SO-CO.RE-Sorted for domestic secondhand sales-TOT,OM,2018,0.0,0.0,0.0,1000,0.0
CO.SO-CO.RE-Sorted for domestic secondhand sales-TOT,OM,2019,0.0,0.0,0.0,1000,0.0
CO.SO-CO.RE-Sorted for domestic secondhand sales-TOT,OM,2020,0.0,0.0,0.0,1000,0.0
CO.SO-CO.RE-Sorted for domestic secondhand sales-TOT,OM,2021,0.0,0.0,0.0,1000,0.0
CO.SO-CO.RE-Sorted for domestic secondhand sales-TOT,OM,2022,0.0,0.0,0.0,1000,0.0
CO.SO-CO.RE-Sorted for domestic secondhand sales-TOT,OM,2023,0.0,0.0,0.0,1000,0.0
CO.SO-CO.RE-Sorted for domestic secondhand sales-TOT,OM,2024,0.0,0.0,0.0,1000,0.0
CO.SO-CO.RE-Sorted for domestic secondhand sales-TOT,OM,2025,0.0,0.0,0.0,1000,0.0
CO.SO-CO.RE-Sorted for domestic secondhand sales-TOT,SA,1988,0.0,0.0,0.0,1000,0.0
CO.SO-CO.RE-Sorted for domestic secondhand sales-TOT,SA,1989,0.0,0.0,0.0,1000,0.0
CO.SO-CO.RE-Sorted for domestic secondhand sales-TOT,SA,1990,0.0,0.0,0.0,1000,0.0
CO.SO-CO.RE-Sorted for domestic secondhand sales-TOT,SA,1991,0.0,0.0,0.0,1000,0.0
CO.SO-CO.RE-Sorted for domestic secondhand sales-TOT,SA,1992,0.0,0.0,0.0,1000,0.0
CO.SO-CO.RE-Sorted for domestic secondhand sales-TOT,SA,1993,0.0,0.0,0.0,1000,0.0
CO.SO-CO.RE-Sorted for domestic secondhand sales-TOT,SA,1994,0.0,0.0,0.0,1000,0.0
CO.SO-CO.RE-Sorted for domestic secondhand sales-TOT,SA,1995,0.0,0.0,0.0,1000,0.0
CO.SO-CO.RE-Sorted for domestic secondhand sales-TOT,SA,1996,0.0,0.0,0.0,1000,0.0
CO.SO-CO.RE-Sorted for domestic secondhand sales-TOT,SA,1997,0.0,0.0,0.0,1000,0.0
CO.SO-CO.RE-Sorted for domestic secondhand sales-TOT,SA,1998,0.0,0.0,0.0,1000,0.0
CO.SO-CO.RE-Sorted for domestic secondhand sales-TOT,SA,1999,0.0,0.0,0.0,1000,0.0
CO.SO-CO.RE-Sorted for domestic secondhand sales-TOT,SA,2000,0.0,0.0,0.0,1000,0.0
CO.SO-CO.RE-Sorted for domestic secondhand sales-TOT,SA,2001,0.0,0.0,0.0,1000,0.0
CO.SO-CO.RE-Sorted for domestic secondhand sales-TOT,SA,2002,0.0,0.0,0.0,1000,0.0
CO.SO-CO.RE-Sorted for domestic secondhand sales-TOT,SA,2003,0.0,0.0,0.0,1000,0.0
CO.SO-CO.RE-Sorted for domestic secondhand sales-TOT,SA,2004,0.0,0.0,0.0,1000,0.0
CO.SO-CO.RE-Sorted for domestic secondhand sales-TOT,SA,2005,0.0,0.0,0.0,1000,0.0
CO.SO-CO.RE-Sorted for domestic secondhand sales-TOT,SA,2006,0.0,0.0,0.0,1000,0.0
CO.SO-CO.RE-Sorted for domestic secondhand sales-TOT,SA,2007,0.0,0.0,0.0,1000,0.0
CO.SO-CO.RE-Sorted for domestic secondhand sales-TOT,SA,2008,0.0,0.0,0.0,1000,0.0
CO.SO-CO.RE-Sorted for domestic secondhand sales-TOT,SA,2009,0.0,0.0,0.0,1000,0.0
CO.SO-CO.RE-Sorted for domestic secondhand sales-TOT,SA,2010,0.0,0.0,0.0,1000,0.0
CO.SO-CO.RE-Sorted for domestic secondhand sales-TOT,SA,2011,0.0,0.0,0.0,1000,0.0
CO.SO-CO.RE-Sorted for domestic secondhand sales-TOT,SA,2012,0.0,0.0,0.0,1000,0.0
CO.SO-CO.RE-Sorted for domestic secondhand sales-TOT,SA,2013,0.0,0.0,0.0,1000,0.0
CO.SO-CO.RE-Sorted for domestic secondhand sales-TOT,SA,2014,0.0,0.0,0.0,1000,0.0
CO.SO-CO.RE-Sorted for domestic secondhand sales-TOT,SA,2015,0.0,0.0,0.0,1000,0.0
CO.SO-CO.RE-Sorted for domestic secondhand sales-TOT,SA,2016,0.0,0.0,0.0,1000,0.0
CO.SO-CO.RE-Sorted for domestic secondhand sales-TOT,SA,2017,0.0,0.0,0.0,1000,0.0
CO.SO-CO.RE-Sorted for domestic secondhand sales-TOT,SA,2018,0.0,0.0,0.0,1000,0.0
CO.SO-CO.RE-Sorted for domestic secondhand sales-TOT,SA,2019,0.0,0.0,0.0,1000,0.0
CO.SO-CO.RE-Sorted for domestic secondhand sales-TOT,SA,2020,0.0,0.0,0.0,1000,0.0
CO.SO-CO.RE-Sorted for domestic secondhand sales-TOT,SA,2021,0.0,0.0,0.0,1000,0.0
CO.SO-CO.RE-Sorted for domestic secondhand sales-TOT,SA,2022,0.0,0.0,0.0,1000,0.0
CO.SO-CO.RE-Sorted for domestic secondhand sales-TOT,SA,2023,0.0,0.0,0.0,1000,0.0
CO.SO-CO.RE-Sorted for domestic secondhand sales-TOT,SA,2024,0.0,0.0,0.0,1000,0.0
CO.SO-CO.RE-Sorted for domestic secondhand sales-TOT,SA,2025,0.0,0.0,0.0,1000,0.0
CO.SO-CO.RE-Sorted for domestic secondhand sales-TOT,TA,1988,0.0,0.0,0.0,1000,0.0
CO.SO-CO.RE-Sorted for domestic secondhand sales-TOT,TA,1989,0.0,0.0,0.0,1000,0.0
CO.SO-CO.RE-Sorted for domestic secondhand sales-TOT,TA,1990,0.0,0.0,0.0,1000,0.0
CO.SO-CO.RE-Sorted for domestic secondhand sales-TOT,TA,1991,0.0,0.0,0.0,1000,0.0
CO.SO-CO.RE-Sorted for domestic secondhand sales-TOT,TA,1992,0.0,0.0,0.0,1000,0.0
CO.SO-CO.RE-Sorted for domestic secondhand sales-TOT,TA,1993,0.0,0.0,0.0,1000,0.0
CO.SO-CO.RE-Sorted for domestic secondhand sales-TOT,TA,1994,0.0,0.0,0.0,1000,0.0
CO.SO-CO.RE-Sorted for domestic secondhand sales-TOT,TA,1995,0.0,0.0,0.0,1000,0.0
CO.SO-CO.RE-Sorted for domestic secondhand sales-TOT,TA,1996,0.0,0.0,0.0,1000,0.0
CO.SO-CO.RE-Sorted for domestic secondhand sales-TOT,TA,1997,0.0,0.0,0.0,1000,0.0
CO.SO-CO.RE-Sorted for domestic secondhand sales-TOT,TA,1998,0.0,0.0,0.0,1000,0.0
CO.SO-CO.RE-Sorted for domestic secondhand sales-TOT,TA,1999,0.0,0.0,0.0,1000,0.0
CO.SO-CO.RE-Sorted for domestic secondhand sales-TOT,TA,2000,0.0,0.0,0.0,1000,0.0
CO.SO-CO.RE-Sorted for domestic secondhand sales-TOT,TA,2001,0.0,0.0,0.0,1000,0.0
CO.SO-CO.RE-Sorted for domestic secondhand sales-TOT,TA,2002,0.0,0.0,0.0,1000,0.0
CO.SO-CO.RE-Sorted for domestic secondhand sales-TOT,TA,2003,0.0,0.0,0.0,1000,0.0
CO.SO-CO.RE-Sorted for domestic secondhand sales-TOT,TA,2004,0.0,0.0,0.0,1000,0.0
CO.SO-CO.RE-Sorted for domestic secondhand sales-TOT,TA,2005,0.0,0.0,0.0,1000,0.0
CO.SO-CO.RE-Sorted for domestic secondhand sales-TOT,TA,2006,0.0,0.0,0.0,1000,0.0
CO.SO-CO.RE-Sorted for domestic secondhand sales-TOT,TA,2007,0.0,0.0,0.0,1000,0.0
CO.SO-CO.RE-Sorted for domestic secondhand sales-TOT,TA,2008,0.0,0.0,0.0,1000,0.0
CO.SO-CO.RE-Sorted for domestic secondhand sales-TOT,TA,2009,0.0,0.0,0.0,1000,0.0
CO.SO-CO.RE-Sorted for domestic secondhand sales-TOT,TA,2010,0.0,0.0,0.0,1000,0.0
CO.SO-CO.RE-Sorted for domestic secondhand sales-TOT,TA,2011,0.0,0.0,0.0,1000,0.0
CO.SO-CO.RE-Sorted for domestic secondhand sales-TOT,TA,2012,0.0,0.0,0.0,1000,0.0
CO.SO-CO.RE-Sorted for domestic secondhand sales-TOT,TA,2013,0.0,0.0,0.0,1000,0.0
CO.SO-CO.RE-Sorted for domestic secondhand sales-TOT,TA,2014,0.0,0.0,0.0,1000,0.0
CO.SO-CO.RE-Sorted for domestic secondhand sales-TOT,TA,2015,0.0,0.0,0.0,1000,0.0
CO.SO-CO.RE-Sorted for domestic secondhand sales-TOT,TA,2016,0.0,0.0,0.0,1000,0.0
CO.SO-CO.RE-Sorted for domestic secondhand sales-TOT,TA,2017,0.0,0.0,0.0,1000,0.0
CO.SO-CO.RE-Sorted for domestic secondhand sales-TOT,TA,2018,0.0,0.0,0.0,1000,0.0
CO.SO-CO.RE-Sorted for domestic secondhand sales-TOT,TA,2019,0.0,0.0,0.0,1000,0.0
CO.SO-CO.RE-Sorted for domestic secondhand sales-TOT,TA,2020,0.0,0.0,0.0,1000,0.0
CO.SO-CO.RE-Sorted for domestic secondhand sales-TOT,TA,2021,0.0,0.0,0.0,1000,0.0
CO.SO-CO.RE-Sorted for domestic secondhand sales-TOT,TA,2022,0.0,0.0,0.0,1000,0.0
CO.SO-CO.RE-Sorted for domestic secondhand sales-TOT,TA,2023,0.0,0.0,0.0,1000,0.0
CO.SO-CO.RE-Sorted for domestic secondhand sales-TOT,TA,2024,0.0,0.0,0.0,1000,0.0
CO.SO-CO.RE-Sorted for domestic secondhand sales-TOT,TA,2025,0.0,0.0,0.0,1000,0.0
CO.SO-WM.RS-Sorting residues-TOT,CA,1988,0.0,0.0,0.0,1000,0.0
CO.SO-WM.RS-Sorting residues-TOT,CA,1989,0.0,0.0,0.0,1000,0.0
CO.SO-WM.RS-Sorting residues-TOT,CA,1990,0.0,0.0,0.0,1000,0.0
CO.SO-WM.RS-Sorting residues-TOT,CA,1991,0.0,0.0,0.0,1000,0.0
CO.SO-WM.RS-Sorting residues-TOT,CA,1992,0.0,0.0,0.0,1000,0.0
CO.SO-WM.RS-Sorting residues-TOT,CA,1993,0.0,0.0,0.0,1000,0.0
CO.SO-WM.RS-Sorting residues-TOT,CA,1994,0.0,0.0,0.0,1000,0.0
CO.SO-WM.RS-Sorting residues-TOT,CA,1995,0.0,0.0,0.0,1000,0.0
CO.SO-WM.RS-Sorting residues-TOT,CA,1996,0.0,0.0,0.0,1000,0.0
CO.SO-WM.RS-Sorting residues-TOT,CA,1997,0.0,0.0,0.0,1000,0.0
CO.SO-WM.RS-Sorting residues-TOT,CA,1998,0.0,0.0,0.0,1000,0.0
CO.SO-WM.RS-Sorting residues-TOT,CA,1999,0.0,0.0,0.0,1000,0.0
CO.SO-WM.RS-Sorting residues-TOT,CA,2000,0.0,0.0,0.0,1000,0.0
CO.SO-WM.RS-Sorting residues-TOT,CA,2001,0.0,0.0,0.0,1000,0.0
CO.SO-WM.RS-Sorting residues-TOT,CA,2002,0.0,0.0,0.0,1000,0.0
CO.SO-WM.RS-Sorting residues-TOT,CA,2003,0.0,0.0,0.0,1000,0.0
CO.SO-WM.RS-Sorting residues-TOT,CA,2004,0.0,0.0,0.0,1000,0.0
CO.SO-WM.RS-Sorting residues-TOT,CA,2005,0.0,0.0,0.0,1000,0.0
CO.SO-WM.RS-Sorting residues-TOT,CA,2006,0.0,0.0,0.0,1000,0.0
CO.SO-WM.RS-Sorting residues-TOT,CA,2007,0.0,0.0,0.0,1000,0.0
CO.SO-WM.RS-Sorting residues-TOT,CA,2008,0.0,0.0,0.0,1000,0.0
CO.SO-WM.RS-Sorting residues-TOT,CA,2009,0.0,0.0,0.0,1000,0.0
CO.SO-WM.RS-Sorting residues-TOT,CA,2010,0.0,0.0,0.0,1000,0.0
CO.SO-WM.RS-Sorting residues-TOT,CA,2011,0.0,0.0,0.0,1000,0.0
CO.SO-WM.RS-Sorting residues-TOT,CA,2012,0.0,0.0,0.0,1000,0.0
CO.SO-WM.RS-Sorting residues-TOT,CA,2013,0.0,0.0,0.0,1000,0.0
CO.SO-WM.RS-Sorting residues-TOT,CA,2014,0.0,0.0,0.0,1000,0.0
CO.SO-WM.RS-Sorting residues-TOT,CA,2015,0.0,0.0,0.0,1000,0.0
CO.SO-WM.RS-Sorting residues-TOT,CA,2016,0.0,0.0,0.0,1000,0.0
CO.SO-WM.RS-Sorting residues-TOT,CA,2017,0.0,0.0,0.0,1000,0.0
CO.SO-WM.RS-Sorting residues-TOT,CA,2018,0.0,0.0,0.0,1000,0.0
CO.SO-WM.RS-Sorting residues-TOT,CA,2019,0.0,0.0,0.0,1000,0.0
CO.SO-WM.RS-Sorting residues-TOT,CA,2020,0.0,0.0,0.0,1000,0.0
CO.SO-WM.RS-Sorting residues-TOT,CA,2021,0.0,0.0,0.0,1000,0.0
CO.SO-WM.RS-Sorting residues-TOT,CA,2022,0.0,0.0,0.0,1000,0.0
CO.SO-WM.RS-Sorting residues-TOT,CA,2023,0.0,0.0,0.0,1000,0.0
CO.SO-WM.RS-Sorting residues-TOT,CA,2024,0.0,0.0,0.0,1000,0.0
CO.SO-WM.RS-Sorting residues-TOT,CA,2025,0.0,0.0,0.0,1000,0.0
CO.SO-WM.RS-Sorting residues-TOT,CORE,1988,0.008362533846151148,0.0031845627173765975,0.014897297831205698,1000,0.009153342660000001
CO.SO-WM.RS-Sorting residues-TOT,CORE,1989,0.012947977816402376,0.004930760003860794,0.02306596127339659,1000,0.014172412319999998
CO.SO-WM.RS-Sorting residues-TOT,CORE,1990,0.019456679615954313,0.007409359130716925,0.03466078061718394,1000,0.021296614019999997
CO.SO-WM.RS-Sorting residues-TOT,CORE,1991,0.018110116217751625,0.0068965701036837026,0.032261967487015424,1000,0.01982271192
CO.SO-WM.RS-Sorting residues-TOT,CORE,1992,0.03286775486263409,0.012516472718085555,0.05855171916070346,1000,0.0359759169
CO.SO-WM.RS-Sorting residues-TOT,CORE,1993,0.043638791985737356,0.016618225115237407,0.07773960538345327,1000,0.047765524620000006
CO.SO-WM.RS-Sorting residues-TOT,CORE,1994,0.050904326348930246,0.019385036022136353,0.0906826716002985,1000,0.05571812928
CO.SO-WM.RS-Sorting residues-TOT,CORE,1995,0.055636069276775994,0.021186945873079822,0.09911195690468774,1000,0.060897332760000006
CO.SO-WM.RS-Sorting residues-TOT,CORE,1996,0.06930948134039178,0.026393960765720207,0.12347023103881712,1000,0.07586378052
CO.SO-WM.RS-Sorting residues-TOT,CORE,1997,0.09222869905888349,0.03512189988088901,0.16429929298249618,1000,0.10095036996
CO.SO-WM.RS-Sorting residues-TOT,CORE,1998,0.0967668652638072,0.03685009317341725,0.17238373423033362,1000,0.105917691
CO.SO-WM.RS-Sorting residues-TOT,CORE,1999,0.11758458700691755,0.044777755021308194,0.20946912087029537,1000,0.12870405504
CO.SO-WM.RS-Sorting residues-TOT,CORE,2000,0.11739560076223646,0.044705786577295833,0.20913245444540418,1000,0.12849719718
CO.SO-WM.RS-Sorting residues-TOT,CORE,2001,0.12030160925350164,0.04581243277663195,0.21430931528577196,1000,0.13167801438
CO.SO-WM.RS-Sorting residues-TOT,CORE,2002,0.12125608201476129,0.0461759085396219,0.21600964502528056,1000,0.13272274752
CO.SO-WM.RS-Sorting residues-TOT,CORE,2003,0.11525417733411887,0.04389030441163155,0.20531765104032473,1000,0.12615326856
CO.SO-WM.RS-Sorting residues-TOT,CORE,2004,0.1453944530903692,0.05536811726484722,0.2590105475853338,1000,0.1591437804
CO.SO-WM.RS-Sorting residues-TOT,CORE,2005,0.17133334564351838,0.06524598821574502,0.3052189593998648,1000,0.18753560232000002
CO.SO-WM.RS-Sorting residues-TOT,CORE,2006,0.18467188856028824,0.07032548053928564,0.3289806864219797,1000,0.2021355138
CO.SO-WM.RS-Sorting residues-TOT,CORE,2007,0.2074335322190407,0.07899341338301767,0.3695290406589285,1000,0.22704962808
CO.SO-WM.RS-Sorting residues-TOT,CORE,2008,0.22956408913351994,0.08742102010619618,0.40895315583631375,1000,0.25127297646
CO.SO-WM.RS-Sorting residues-TOT,CORE,2009,0.23326803646487973,0.08883153189551517,0.4155514916471473,1000,0.25532719014000005
CO.SO-WM.RS-Sorting residues-TOT,CORE,2010,0.25736281879997014,0.0980071414558817,0.45847474376517855,1000,0.28170051228
CO.SO-WM.RS-Sorting residues-TOT,CORE,2011,0.2946451714049091,0.11220475097305226,0.5248907751764508,1000,0.32250849642
CO.SO-WM.RS-Sorting residues-TOT,CORE,2012,0.297512112291326,0.1132965197153705,0.5299980396772781,1000,0.32564655156
CO.SO-WM.RS-Sorting residues-TOT,CORE,2013,0.32704920475412114,0.12454463244857218,0.582616405304419,1000,0.35797683966
CO.SO-WM.RS-Sorting residues-TOT,CORE,2014,0.3656743762583955,0.13925360503842918,0.6514245792701848,1000,0.4002546273
CO.SO-WM.RS-Sorting residues-TOT,CORE,2015,0.39578606900662594,0.15072053310679792,0.7050665570875428,1000,0.43321385315999994
CO.SO-WM.RS-Sorting residues-TOT,CORE,2016,0.3985135342444953,0.15175918769035543,0.7099253549974015,1000,0.43619924304
CO.SO-WM.RS-Sorting residues-TOT,CORE,2017,0.4581945914883508,0.17448651810586993,0.816243188921883,1000,0.5015240808599999
CO.SO-WM.RS-Sorting residues-TOT,CORE,2018,0.5056718831314109,0.19256649430328665,0.9008208261354177,1000,0.55349109552
CO.SO-WM.RS-Sorting residues-TOT,CORE,2019,0.4267624180630838,0.18067304403848164,0.7203546200761093,1000,0.4321331185599999
CO.SO-WM.RS-Sorting residues-TOT,CORE,2020,0.3019952710700666,0.1347157518513296,0.5201456886278397,1000,0.2696420796
CO.SO-WM.RS-Sorting residues-TOT,CORE,2021,0.19781649712238658,0.07625153643442974,0.4275158159778697,1000,0.14544141855000003
CO.SO-WM.RS-Sorting residues-TOT,CORE,2022,0.11643624911837874,0.008164051612180959,0.39999661379835494,1000,0.04588146550000005
CO.SO-WM.RS-Sorting residues-TOT,CORE,2023,0.20444353406700322,0.06002862900963333,0.45950664632462007,1000,0.11263042684444446
CO.SO-WM.RS-Sorting residues-TOT,CORE,2024,0.29270487516592925,0.08101862200089467,0.6328741932168261,1000,0.20227704627222232
CO.SO-WM.RS-Sorting residues-TOT,CORE,2025,0.4294121825259274,0.07064179582799879,1.0862763858935316,1000,0.35841192336000005
CO.SO-WM.RS-Sorting residues-TOT,OM,1988,0.0,0.0,0.0,1000,0.0
CO.SO-WM.RS-Sorting residues-TOT,OM,1989,0.0,0.0,0.0,1000,0.0
CO.SO-WM.RS-Sorting residues-TOT,OM,1990,0.0,0.0,0.0,1000,0.0
CO.SO-WM.RS-Sorting residues-TOT,OM,1991,0.0,0.0,0.0,1000,0.0
CO.SO-WM.RS-Sorting residues-TOT,OM,1992,0.0,0.0,0.0,1000,0.0
CO.SO-WM.RS-Sorting residues-TOT,OM,1993,0.0,0.0,0.0,1000,0.0
CO.SO-WM.RS-Sorting residues-TOT,OM,1994,0.0,0.0,0.0,1000,0.0
CO.SO-WM.RS-Sorting residues-TOT,OM,1995,0.0,0.0,0.0,1000,0.0
CO.SO-WM.RS-Sorting residues-TOT,OM,1996,0.0,0.0,0.0,1000,0.0
CO.SO-WM.RS-Sorting residues-TOT,OM,1997,0.0,0.0,0.0,1000,0.0
CO.SO-WM.RS-Sorting residues-TOT,OM,1998,0.0,0.0,0.0,1000,0.0
CO.SO-WM.RS-Sorting residues-TOT,OM,1999,0.0,0.0,0.0,1000,0.0
CO.SO-WM.RS-Sorting residues-TOT,OM,2000,0.0,0.0,0.0,1000,0.0
CO.SO-WM.RS-Sorting residues-TOT,OM,2001,0.0,0.0,0.0,1000,0.0
CO.SO-WM.RS-Sorting residues-TOT,OM,2002,0.0,0.0,0.0,1000,0.0
CO.SO-WM.RS-Sorting residues-TOT,OM,2003,0.0,0.0,0.0,1000,0.0
CO.SO-WM.RS-Sorting residues-TOT,OM,2004,0.0,0.0,0.0,1000,0.0
CO.SO-WM.RS-Sorting residues-TOT,OM,2005,0.0,0.0,0.0,1000,0.0
CO.SO-WM.RS-Sorting residues-TOT,OM,2006,0.0,0.0,0.0,1000,0.0
CO.SO-WM.RS-Sorting residues-TOT,OM,2007,0.0,0.0,0.0,1000,0.0
CO.SO-WM.RS-Sorting residues-TOT,OM,2008,0.0,0.0,0.0,1000,0.0
CO.SO-WM.RS-Sorting residues-TOT,OM,2009,0.0,0.0,0.0,1000,0.0
CO.SO-WM.RS-Sorting residues-TOT,OM,2010,0.0,0.0,0.0,1000,0.0
CO.SO-WM.RS-Sorting residues-TOT,OM,2011,0.0,0.0,0.0,1000,0.0
CO.SO-WM.RS-Sorting residues-TOT,OM,2012,0.0,0.0,0.0,1000,0.0
CO.SO-WM.RS-Sorting residues-TOT,OM,2013,0.0,0.0,0.0,1000,0.0
CO.SO-WM.RS-Sorting residues-TOT,OM,2014,0.0,0.0,0.0,1000,0.0
CO.SO-WM.RS-Sorting residues-TOT,OM,2015,0.0,0.0,0.0,1000,0.0
CO.SO-WM.RS-Sorting residues-TOT,OM,2016,0.0,0.0,0.0,1000,0.0
CO.SO-WM.RS-Sorting residues-TOT,OM,2017,0.0,0.0,0.0,1000,0.0
CO.SO-WM.RS-Sorting residues-TOT,OM,2018,0.0,0.0,0.0,1000,0.0
CO.SO-WM.RS-Sorting residues-TOT,OM,2019,0.0,0.0,0.0,1000,0.0
CO.SO-WM.RS-Sorting residues-TOT,OM,2020,0.0,0.0,0.0,1000,0.0
CO.SO-WM.RS-Sorting residues-TOT,OM,2021,0.0,0.0,0.0,1000,0.0
CO.SO-WM.RS-Sorting residues-TOT,OM,2022,0.0,0.0,0.0,1000,0.0
CO.SO-WM.RS-Sorting residues-TOT,OM,2023,0.0,0.0,0.0,1000,0.0
CO.SO-WM.RS-Sorting residues-TOT,OM,2024,0.0,0.0,0.0,1000,0.0
CO.SO-WM.RS-Sorting residues-TOT,OM,2025,0.0,0.0,0.0,1000,0.0
CO.SO-WM.RS-Sorting residues-TOT,SA,1988,0.0,0.0,0.0,1000,0.0
CO.SO-WM.RS-Sorting residues-TOT,SA,1989,0.0,0.0,0.0,1000,0.0
CO.SO-WM.RS-Sorting residues-TOT,SA,1990,0.0,0.0,0.0,1000,0.0
CO.SO-WM.RS-Sorting residues-TOT,SA,1991,0.0,0.0,0.0,1000,0.0
CO.SO-WM.RS-Sorting residues-TOT,SA,1992,0.0,0.0,0.0,1000,0.0
CO.SO-WM.RS-Sorting residues-TOT,SA,1993,0.0,0.0,0.0,1000,0.0
CO.SO-WM.RS-Sorting residues-TOT,SA,1994,0.0,0.0,0.0,1000,0.0
CO.SO-WM.RS-Sorting residues-TOT,SA,1995,0.0,0.0,0.0,1000,0.0
CO.SO-WM.RS-Sorting residues-TOT,SA,1996,0.0,0.0,0.0,1000,0.0
CO.SO-WM.RS-Sorting residues-TOT,SA,1997,0.0,0.0,0.0,1000,0.0
CO.SO-WM.RS-Sorting residues-TOT,SA,1998,0.0,0.0,0.0,1000,0.0
CO.SO-WM.RS-Sorting residues-TOT,SA,1999,0.0,0.0,0.0,1000,0.0
CO.SO-WM.RS-Sorting residues-TOT,SA,2000,0.0,0.0,0.0,1000,0.0
CO.SO-WM.RS-Sorting residues-TOT,SA,2001,0.0,0.0,0.0,1000,0.0
CO.SO-WM.RS-Sorting residues-TOT,SA,2002,0.0,0.0,0.0,1000,0.0
CO.SO-WM.RS-Sorting residues-TOT,SA,2003,0.0,0.0,0.0,1000,0.0
CO.SO-WM.RS-Sorting residues-TOT,SA,2004,0.0,0.0,0.0,1000,0.0
CO.SO-WM.RS-Sorting residues-TOT,SA,2005,0.0,0.0,0.0,1000,0.0
CO.SO-WM.RS-Sorting residues-TOT,SA,2006,0.0,0.0,0.0,1000,0.0
CO.SO-WM.RS-Sorting residues-TOT,SA,2007,0.0,0.0,0.0,1000,0.0
CO.SO-WM.RS-Sorting residues-TOT,SA,2008,0.0,0.0,0.0,1000,0.0
CO.SO-WM.RS-Sorting residues-TOT,SA,2009,0.0,0.0,0.0,1000,0.0
CO.SO-WM.RS-Sorting residues-TOT,SA,2010,0.0,0.0,0.0,1000,0.0
CO.SO-WM.RS-Sorting residues-TOT,SA,2011,0.0,0.0,0.0,1000,0.0
CO.SO-WM.RS-Sorting residues-TOT,SA,2012,0.0,0.0,0.0,1000,0.0
CO.SO-WM.RS-Sorting residues-TOT,SA,2013,0.0,0.0,0.0,1000,0.0
CO.SO-WM.RS-Sorting residues-TOT,SA,2014,0.0,0.0,0.0,1000,0.0
CO.SO-WM.RS-Sorting residues-TOT,SA,2015,0.0,0.0,0.0,1000,0.0
CO.SO-WM.RS-Sorting residues-TOT,SA,2016,0.0,0.0,0.0,1000,0.0
CO.SO-WM.RS-Sorting residues-TOT,SA,2017,0.0,0.0,0.0,1000,0.0
CO.SO-WM.RS-Sorting residues-TOT,SA,2018,0.0,0.0,0.0,1000,0.0
CO.SO-WM.RS-Sorting residues-TOT,SA,2019,0.0,0.0,0.0,1000,0.0
CO.SO-WM.RS-Sorting residues-TOT,SA,2020,0.0,0.0,0.0,1000,0.0
CO.SO-WM.RS-Sorting residues-TOT,SA,2021,0.0,0.0,0.0,1000,0.0
CO.SO-WM.RS-Sorting residues-TOT,SA,2022,0.0,0.0,0.0,1000,0.0
CO.SO-WM.RS-Sorting residues-TOT,SA,2023,0.0,0.0,0.0,1000,0.0
CO.SO-WM.RS-Sorting residues-TOT,SA,2024,0.0,0.0,0.0,1000,0.0
CO.SO-WM.RS-Sorting residues-TOT,SA,2025,0.0,0.0,0.0,1000,0.0
CO.SO-WM.RS-Sorting residues-TOT,TA,1988,0.0,0.0,0.0,1000,0.0
CO.SO-WM.RS-Sorting residues-TOT,TA,1989,0.0,0.0,0.0,1000,0.0
CO.SO-WM.RS-Sorting residues-TOT,TA,1990,0.0,0.0,0.0,1000,0.0
CO.SO-WM.RS-Sorting residues-TOT,TA,1991,0.0,0.0,0.0,1000,0.0
CO.SO-WM.RS-Sorting residues-TOT,TA,1992,0.0,0.0,0.0,1000,0.0
CO.SO-WM.RS-Sorting residues-TOT,TA,1993,0.0,0.0,0.0,1000,0.0
CO.SO-WM.RS-Sorting residues-TOT,TA,1994,0.0,0.0,0.0,1000,0.0
CO.SO-WM.RS-Sorting residues-TOT,TA,1995,0.0,0.0,0.0,1000,0.0
CO.SO-WM.RS-Sorting residues-TOT,TA,1996,0.0,0.0,0.0,1000,0.0
CO.SO-WM.RS-Sorting residues-TOT,TA,1997,0.0,0.0,0.0,1000,0.0
CO.SO-WM.RS-Sorting residues-TOT,TA,1998,0.0,0.0,0.0,1000,0.0
CO.SO-WM.RS-Sorting residues-TOT,TA,1999,0.0,0.0,0.0,1000,0.0
CO.SO-WM.RS-Sorting residues-TOT,TA,2000,0.0,0.0,0.0,1000,0.0
CO.SO-WM.RS-Sorting residues-TOT,TA,2001,0.0,0.0,0.0,1000,0.0
CO.SO-WM.RS-Sorting residues-TOT,TA,2002,0.0,0.0,0.0,1000,0.0
CO.SO-WM.RS-Sorting residues-TOT,TA,2003,0.0,0.0,0.0,1000,0.0
CO.SO-WM.RS-Sorting residues-TOT,TA,2004,0.0,0.0,0.0,1000,0.0
CO.SO-WM.RS-Sorting residues-TOT,TA,2005,0.0,0.0,0.0,1000,0.0
CO.SO-WM.RS-Sorting residues-TOT,TA,2006,0.0,0.0,0.0,1000,0.0
CO.SO-WM.RS-Sorting residues-TOT,TA,2007,0.0,0.0,0.0,1000,0.0
CO.SO-WM.RS-Sorting residues-TOT,TA,2008,0.0,0.0,0.0,1000,0.0
CO.SO-WM.RS-Sorting residues-TOT,TA,2009,0.0,0.0,0.0,1000,0.0
CO.SO-WM.RS-Sorting residues-TOT,TA,2010,0.0,0.0,0.0,1000,0.0
CO.SO-WM.RS-Sorting residues-TOT,TA,2011,0.0,0.0,0.0,1000,0.0
CO.SO-WM.RS-Sorting residues-TOT,TA,2012,0.0,0.0,0.0,1000,0.0
CO.SO-WM.RS-Sorting residues-TOT,TA,2013,0.0,0.0,0.0,1000,0.0
CO.SO-WM.RS-Sorting residues-TOT,TA,2014,0.0,0.0,0.0,1000,0.0
CO.SO-WM.RS-Sorting residues-TOT,TA,2015,0.0,0.0,0.0,1000,0.0
CO.SO-WM.RS-Sorting residues-TOT,TA,2016,0.0,0.0,0.0,1000,0.0
CO.SO-WM.RS-Sorting residues-TOT,TA,2017,0.0,0.0,0.0,1000,0.0
CO.SO-WM.RS-Sorting residues-TOT,TA,2018,0.0,0.0,0.0,1000,0.0
CO.SO-WM.RS-Sorting residues-TOT,TA,2019,0.0,0.0,0.0,1000,0.0
CO.SO-WM.RS-Sorting residues-TOT,TA,2020,0.0,0.0,0.0,1000,0.0
CO.SO-WM.RS-Sorting residues-TOT,TA,2021,0.0,0.0,0.0,1000,0.0
CO.SO-WM.RS-Sorting residues-TOT,TA,2022,0.0,0.0,0.0,1000,0.0
CO.SO-WM.RS-Sorting residues-TOT,TA,2023,0.0,0.0,0.0,1000,0.0
CO.SO-WM.RS-Sorting residues-TOT,TA,2024,0.0,0.0,0.0,1000,0.0
CO.SO-WM.RS-Sorting residues-TOT,TA,2025,0.0,0.0,0.0,1000,0.0
DI.RT-RW.RW-Export of finished textile products-TOT,CA,1988,0.2433938111032974,0.23470382775271773,0.2518534068245389,1000,0.243373
DI.RT-RW.RW-Export of finished textile products-TOT,CA,1989,0.19399558736592198,0.18706928789818278,0.20073825774599988,1000,0.193979
DI.RT-RW.RW-Export of finished textile products-TOT,CA,1990,0.15534728278781787,0.14980085868251883,0.16074666086904843,1000,0.155334
DI.RT-RW.RW-Export of finished textile products-TOT,CA,1991,0.12704186256595013,0.12250603782365128,0.1314574341538626,1000,0.127031
DI.RT-RW.RW-Export of finished textile products-TOT,CA,1992,0.10417290718265326,0.10045358159711262,0.10779362652583183,1000,0.104164
DI.RT-RW.RW-Export of finished textile products-TOT,CA,1993,0.06394546758245506,0.06166239782765044,0.06616800890962027,1000,0.06394
DI.RT-RW.RW-Export of finished textile products-TOT,CA,1994,0.05378859913129126,0.05186816397814124,0.055658119974898605,1000,0.053784
DI.RT-RW.RW-Export of finished textile products-TOT,CA,1995,0.06232632913991526,0.060101068110994735,0.06449259435809267,1000,0.062321
DI.RT-RW.RW-Export of finished textile products-TOT,CA,1996,0.12392059568567418,0.11949621074169794,0.12822768195168985,1000,0.12391
DI.RT-RW.RW-Export of finished textile products-TOT,CA,1997,0.17335482250145073,0.16716546824280462,0.1793800854612696,1000,0.17334
DI.RT-RW.RW-Export of finished textile products-TOT,CA,1998,0.7633942731349366,0.7361385122205597,0.7899274331087197,1000,0.763329
DI.RT-RW.RW-Export of finished textile products-TOT,CA,1999,0.5249318836870831,0.5061900376690953,0.5431768484914585,1000,0.524887
DI.RT-RW.RW-Export of finished textile products-TOT,CA,2000,0.3086373896792155,0.2976179896150928,0.31936464494224004,1000,0.308611
DI.RT-RW.RW-Export of finished textile products-TOT,CA,2001,0.29073185868771917,0.28035174672009344,0.3008367745713009,1000,0.290707
DI.RT-RW.RW-Export of finished textile products-TOT,CA,2002,0.09313696356719514,0.08981165854381074,0.09637410856653154,1000,0.093129
DI.RT-RW.RW-Export of finished textile products-TOT,CA,2003,0.05639282180230648,0.054379407080161916,0.05835285715351374,1000,0.056388
DI.RT-RW.RW-Export of finished textile products-TOT,CA,2004,0.08508527511698642,0.0820474426396754,0.08804256900238777,1000,0.085078
DI.RT-RW.RW-Export of finished textile products-TOT,CA,2005,0.09370601222303526,0.0903603902354581,0.09696293554603694,1000,0.093698
DI.RT-RW.RW-Export of finished textile products-TOT,CA,2006,0.08378916429454566,0.08079760736309367,0.08670140948492033,1000,0.083782
DI.RT-RW.RW-Export of finished textile products-TOT,CA,2007,0.1697415135496927,0.1636811666577045,0.17564118936820644,1000,0.169727
DI.RT-RW.RW-Export of finished textile products-TOT,CA,2008,0.1367126894586986,0.13183158344444232,0.14146438826953395,1000,0.136701
DI.RT-RW.RW-Export of finished textile products-TOT,CA,2009,0.13280535536666466,0.1280637544123399,0.13742124765630456,1000,0.132794
DI.RT-RW.RW-Export of finished textile products-TOT,CA,2010,0.08018585619789903,0.07732294956870793,0.08297286184492406,1000,0.080179
DI.RT-RW.RW-Export of finished textile products-TOT,CA,2011,0.3310883093188548,0.319267335389771,0.34259588723207524,1000,0.33106
DI.RT-RW.RW-Export of finished textile products-TOT,CA,2012,0.23470006775493515,0.22632048048472014,0.2428574965735015,1000,0.23468
DI.RT-RW.RW-Export of finished textile products-TOT,CA,2013,0.14572746025613764,0.14052449639437103,0.15079248386401814,1000,0.145715
DI.RT-RW.RW-Export of finished textile products-TOT,CA,2014,0.07784465601631432,0.07506533816247507,0.08055028898196784,1000,0.077838
DI.RT-RW.RW-Export of finished textile products-TOT,CA,2015,0.08832855242962173,0.08517492396834399,0.09139857233197642,1000,0.088321
DI.RT-RW.RW-Export of finished textile products-TOT,CA,2016,0.12925405171659743,0.12463924432966884,0.13374651197225607,1000,0.129243
DI.RT-RW.RW-Export of finished textile products-TOT,CA,2017,0.20266732883303906,0.19543141882660872,0.2097114014002901,1000,0.20265
DI.RT-RW.RW-Export of finished textile products-TOT,CA,2018,0.14573146059818218,0.1405283539106568,0.15079662324524487,1000,0.145719
DI.RT-RW.RW-Export of finished textile products-TOT,CA,2019,0.0762605205666645,0.07353776171331962,0.0789110940161743,1000,0.076254
DI.RT-RW.RW-Export of finished textile products-TOT,CA,2020,0.06259735231343488,0.06036241483935402,0.06477303743620508,1000,0.062592
DI.RT-RW.RW-Export of finished textile products-TOT,CA,2021,0.09819139574050964,0.09468563037085086,0.10160421674653188,1000,0.098183
DI.RT-RW.RW-Export of finished textile products-TOT,CA,2022,0.10651310727872684,0.10271022862427405,0.11021516454348136,1000,0.106504
DI.RT-RW.RW-Export of finished textile products-TOT,CA,2023,0.10527500141593235,0.10151632733383564,0.10893402605380181,1000,0.105266
DI.RT-RW.RW-Export of finished textile products-TOT,CA,2024,0.1259987733778284,0.121500190452143,0.13037809049898716,1000,0.125988
DI.RT-RW.RW-Export of finished textile products-TOT,CA,2025,0.2186096919661626,0.21080458560437812,0.22620787043420093,1000,0.218591
DI.RT-RW.RW-Export of finished textile products-TOT,CL,1988,1.5751906848381505,1.5189510427405035,1.6299393093705172,1000,1.575056
DI.RT-RW.RW-Export of finished textile products-TOT,CL,1989,1.6867682251453031,1.6265448869825319,1.7453949305470657,1000,1.686624
DI.RT-RW.RW-Export of finished textile products-TOT,CL,1990,1.4660453524940964,1.4137025684002082,1.5170004319798336,1000,1.46592
DI.RT-RW.RW-Export of finished textile products-TOT,CL,1991,1.6440205700570258,1.58532346795305,1.701161502758001,1000,1.64388
DI.RT-RW.RW-Export of finished textile products-TOT,CL,1992,1.5941933096353704,1.5372752094768687,1.6496024050428928,1000,1.594057
DI.RT-RW.RW-Export of finished textile products-TOT,CL,1993,1.4947028028158864,1.4413368506922217,1.5466539242429735,1000,1.494575
DI.RT-RW.RW-Export of finished textile products-TOT,CL,1994,3.287844123268356,3.1704569532290265,3.402119140990585,1000,3.287563
DI.RT-RW.RW-Export of finished textile products-TOT,CL,1995,3.126556332544352,3.014927682862175,3.23522549899981,1000,3.126289
DI.RT-RW.RW-Export of finished textile products-TOT,CL,1996,2.204985534710575,2.126260083566003,2.281623827649422,1000,2.204797
DI.RT-RW.RW-Export of finished textile products-TOT,CL,1997,2.84263205593098,2.7411404644813495,2.941432916431133,1000,2.842389
DI.RT-RW.RW-Export of finished textile products-TOT,CL,1998,3.163049452845944,3.050117875178893,3.2729870042408495,1000,3.162779
DI.RT-RW.RW-Export of finished textile products-TOT,CL,1999,3.0500157880345675,2.9411198950088537,3.1560246482977634,1000,3.049755
DI.RT-RW.RW-Export of finished textile products-TOT,CL,2000,1.8795217063063863,1.8124164160739906,1.9448479104221594,1000,1.879361
DI.RT-RW.RW-Export of finished textile products-TOT,CL,2001,2.0721751789163547,1.9981915072583054,2.144197405766584,1000,2.071998
DI.RT-RW.RW-Export of finished textile products-TOT,CL,2002,2.244707931127646,2.1645642559043896,2.3227268483857566,1000,2.244516
DI.RT-RW.RW-Export of finished textile products-TOT,CL,2003,2.108256263987356,2.032984375397592,2.1815325547412683,1000,2.108076
DI.RT-RW.RW-Export of finished textile products-TOT,CL,2004,2.1195462293226446,2.043871250735039,2.1932149234084672,1000,2.119365
DI.RT-RW.RW-Export of finished textile products-TOT,CL,2005,2.439651599558131,2.352547775162294,2.5244461394824964,1000,2.439443
DI.RT-RW.RW-Export of finished textile products-TOT,CL,2006,2.4169716603364404,2.330677586580257,2.50097791761743,1000,2.416765
DI.RT-RW.RW-Export of finished textile products-TOT,CL,2007,2.693387294932154,2.5972242468927362,2.787000881623494,1000,2.693157
DI.RT-RW.RW-Export of finished textile products-TOT,CL,2008,2.5235477730023694,2.433448571086031,2.6112582774152324,1000,2.523332
DI.RT-RW.RW-Export of finished textile products-TOT,CL,2009,2.236215204967024,2.1563747488297507,2.3139389420413634,1000,2.236024
DI.RT-RW.RW-Export of finished textile products-TOT,CL,2010,2.5691546725670036,2.477427149880751,2.658450327936118,1000,2.568935
DI.RT-RW.RW-Export of finished textile products-TOT,CL,2011,3.0509728698687306,2.942042805780218,3.1570149952562634,1000,3.050712
DI.RT-RW.RW-Export of finished textile products-TOT,CL,2012,2.6623696428040677,2.567314029992133,2.754905154436571,1000,2.662142
DI.RT-RW.RW-Export of finished textile products-TOT,CL,2013,2.648961496356179,2.554384599781384,2.7410309834098068,1000,2.648735
DI.RT-RW.RW-Export of finished textile products-TOT,CL,2014,2.374979069809076,2.2901842737497096,2.457525798034914,1000,2.374776
DI.RT-RW.RW-Export of finished textile products-TOT,CL,2015,2.101709704231417,2.0266715499959687,2.1747584573636893,1000,2.10153
DI.RT-RW.RW-Export of finished textile products-TOT,CL,2016,2.366985386318513,2.282475991831717,2.4492542794985583,1000,2.366783
DI.RT-RW.RW-Export of finished textile products-TOT,CL,2017,2.8014845376605306,2.7014620519661663,2.898855241132769,1000,2.801245
DI.RT-RW.RW-Export of finished textile products-TOT,CL,2018,2.696782585242483,2.600498313840264,2.790514181439699,1000,2.696552
DI.RT-RW.RW-Export of finished textile products-TOT,CL,2019,3.0007235733613733,2.8935875793358905,3.105019192821733,1000,3.000467
DI.RT-RW.RW-Export of finished textile products-TOT,CL,2020,2.4691001175192353,2.3809448812998135,2.554918194383226,1000,2.468889
DI.RT-RW.RW-Export of finished textile products-TOT,CL,2021,3.208955377978409,3.0943848033159718,3.3204884735084343,1000,3.208681
DI.RT-RW.RW-Export of finished textile products-TOT,CL,2022,3.4549274095294322,3.3315748003148533,3.575009711533615,1000,3.454632
DI.RT-RW.RW-Export of finished textile products-TOT,CL,2023,4.217567618188967,4.06698617071555,4.364156871281092,1000,4.217207
DI.RT-RW.RW-Export of finished textile products-TOT,CL,2024,3.82395396271348,3.687425855779568,3.956862455474893,1000,3.823627
DI.RT-RW.RW-Export of finished textile products-TOT,CL,2025,3.8783456134079897,3.7398755403377852,4.013144587169724,1000,3.878014
DI.RT-RW.RW-Export of finished textile products-TOT,FW,1988,0.793703864721134,0.7653659487385859,0.8212904898185079,1000,0.793636
DI.RT-RW.RW-Export of finished textile products-TOT,FW,1989,0.7229168121569527,0.6971062336832383,0.7480431041658362,1000,0.722855
DI.RT-RW.RW-Export of finished textile products-TOT,FW,1990,0.8329082168434334,0.8031705727179687,0.8618574606859779,1000,0.832837
DI.RT-RW.RW-Export of finished textile products-TOT,FW,1991,0.9922968451817782,0.9568684872281623,1.0267859314393517,1000,0.992212
DI.RT-RW.RW-Export of finished textile products-TOT,FW,1992,0.9468899627193728,0.9130827842477305,0.979800849979804,1000,0.946809
DI.RT-RW.RW-Export of finished textile products-TOT,FW,1993,1.0062650395159063,0.9703379697189161,1.0412396158378607,1000,1.006179
DI.RT-RW.RW-Export of finished textile products-TOT,FW,1994,1.0480196096916192,1.010601760330462,1.0844454422373846,1000,1.04793
DI.RT-RW.RW-Export of finished textile products-TOT,FW,1995,1.1747334442099144,1.132791481818682,1.2155634471306538,1000,1.174633
DI.RT-RW.RW-Export of finished textile products-TOT,FW,1996,1.579150023376764,1.5227690194843206,1.6340362619396944,1000,1.579015
DI.RT-RW.RW-Export of finished textile products-TOT,FW,1997,1.0628888810712867,1.0249401483645797,1.0998315222572193,1000,1.062798
DI.RT-RW.RW-Export of finished textile products-TOT,FW,1998,0.7179883907580421,0.6923537736191991,0.7429433864944786,1000,0.717927
DI.RT-RW.RW-Export of finished textile products-TOT,FW,1999,0.5876772486561671,0.566695180611022,0.6081030430330534,1000,0.587627
DI.RT-RW.RW-Export of finished textile products-TOT,FW,2000,0.6885268716852936,0.663944130553751,0.7124578786047615,1000,0.688468
DI.RT-RW.RW-Export of finished textile products-TOT,FW,2001,0.798335260723235,0.7698319882184084,0.8260828584337794,1000,0.798267
DI.RT-RW.RW-Export of finished textile products-TOT,FW,2002,0.8684042518904161,0.8373992791004646,0.8985872251562492,1000,0.86833
DI.RT-RW.RW-Export of finished textile products-TOT,FW,2003,0.8801912597247423,0.8487654508364153,0.910783911940872,1000,0.880116
DI.RT-RW.RW-Export of finished textile products-TOT,FW,2004,0.9366930908477633,0.9032499752353638,0.9692495672328149,1000,0.936613
DI.RT-RW.RW-Export of finished textile products-TOT,FW,2005,0.9077186134189412,0.8753099847777053,0.9392680290074549,1000,0.907641
DI.RT-RW.RW-Export of finished textile products-TOT,FW,2006,0.9698589266537838,0.9352316783814127,1.0035681421385034,1000,0.969776
DI.RT-RW.RW-Export of finished textile products-TOT,FW,2007,1.1767396157452665,1.1347260262359835,1.2176393468158695,1000,1.176639
DI.RT-RW.RW-Export of finished textile products-TOT,FW,2008,1.0995130125748382,1.0602566743396562,1.1377285922334348,1000,1.099419
DI.RT-RW.RW-Export of finished textile products-TOT,FW,2009,1.0144107360041625,0.9781928372557664,1.0496684308608333,1000,1.014324
DI.RT-RW.RW-Export of finished textile products-TOT,FW,2010,0.5966320143229376,0.5753302308166646,0.6173690479091364,1000,0.596581
DI.RT-RW.RW-Export of finished textile products-TOT,FW,2011,0.5902224662820249,0.5691495253478279,0.610736724338574,1000,0.590172
DI.RT-RW.RW-Export of finished textile products-TOT,FW,2012,0.6132404344064819,0.5913456740560106,0.6345547239173012,1000,0.613188
DI.RT-RW.RW-Export of finished textile products-TOT,FW,2013,0.5534573227214021,0.5336970219236788,0.5726937411741158,1000,0.55341
DI.RT-RW.RW-Export of finished textile products-TOT,FW,2014,0.5809226711139102,0.5601817643625399,0.6011136978316838,1000,0.580873
DI.RT-RW.RW-Export of finished textile products-TOT,FW,2015,0.4950503286996546,0.4773753553936439,0.5122567055729327,1000,0.495008
DI.RT-RW.RW-Export of finished textile products-TOT,FW,2016,0.4157495481791167,0.40090588130315724,0.4301996818244273,1000,0.415714
DI.RT-RW.RW-Export of finished textile products-TOT,FW,2017,0.4038615317081652,0.3894423072809915,0.41789847566382904,1000,0.403827
DI.RT-RW.RW-Export of finished textile products-TOT,FW,2018,0.46257055155427784,0.44605521629060035,0.47864803454763183,1000,0.462531
DI.RT-RW.RW-Export of finished textile products-TOT,FW,2019,0.8104012924151701,0.78146722171529,0.8385682670589681,1000,0.810332
DI.RT-RW.RW-Export of finished textile products-TOT,FW,2020,0.7499861266870482,0.7232090820098103,0.7760532620819558,1000,0.749922
DI.RT-RW.RW-Export of finished textile products-TOT,FW,2021,1.0173699890316332,0.981046434928147,1.0527305381233225,1000,1.017283
DI.RT-RW.RW-Export of finished textile products-TOT,FW,2022,1.201920768830325,1.1590081268756833,1.2436957167929628,1000,1.201818
DI.RT-RW.RW-Export of finished textile products-TOT,FW,2023,1.385539468932632,1.336071017528641,1.4336964196367694,1000,1.385421
DI.RT-RW.RW-Export of finished textile products-TOT,FW,2024,1.3987115951998903,1.3487728542785313,1.4473263671711551,1000,1.398592
DI.RT-RW.RW-Export of finished textile products-TOT,FW,2025,1.3537437502768763,1.30541051371046,1.400795582801243,1000,1.353628
DI.RT-RW.RW-Export of finished textile products-TOT,HT,1988,0.5315074459228453,0.5125308300637904,0.549980956382931,1000,0.531462
DI.RT-RW.RW-Export of finished textile products-TOT,HT,1989,0.4577181366542141,0.44137604903599037,0.4736269651195824,1000,0.457679
DI.RT-RW.RW-Export of finished textile products-TOT,HT,1990,0.45372879555026646,0.43752914092003015,0.4694989671912046,1000,0.45369
DI.RT-RW.RW-Export of finished textile products-TOT,HT,1991,0.47990303354788943,0.46276886997766653,0.4965829385578387,1000,0.479862
DI.RT-RW.RW-Export of finished textile products-TOT,HT,1992,0.41610157827903893,0.4012453427363029,0.43056394737238146,1000,0.416066
DI.RT-RW.RW-Export of finished textile products-TOT,HT,1993,0.2808330122984301,0.27080632267101484,0.29059387572570466,1000,0.280809
DI.RT-RW.RW-Export of finished textile products-TOT,HT,1994,0.3683304936682924,0.35517984763099514,0.38113249160782353,1000,0.368299
DI.RT-RW.RW-Export of finished textile products-TOT,HT,1995,0.3476437248703086,0.3352316665383309,0.3597267164389856,1000,0.347614
DI.RT-RW.RW-Export of finished textile products-TOT,HT,1996,0.3725978585443377,0.35929485312881476,0.3855481765314606,1000,0.372566
DI.RT-RW.RW-Export of finished textile products-TOT,HT,1997,0.5121817935055266,0.4938951688873513,0.5299836056764953,1000,0.512138
DI.RT-RW.RW-Export of finished textile products-TOT,HT,1998,0.9184805336043462,0.8856876679654335,0.9504039993527227,1000,0.918402
DI.RT-RW.RW-Export of finished textile products-TOT,HT,1999,0.7249469857445721,0.6990639231982544,0.7501438401384125,1000,0.724885
DI.RT-RW.RW-Export of finished textile products-TOT,HT,2000,0.48534849915606065,0.4680199140216383,0.502217671252754,1000,0.485307
DI.RT-RW.RW-Export of finished textile products-TOT,HT,2001,0.5215785969682221,0.5029564746425688,0.5397070121781343,1000,0.521534
DI.RT-RW.RW-Export of finished textile products-TOT,HT,2002,0.3153369625183595,0.3040783650146459,0.32629707365174176,1000,0.31531
DI.RT-RW.RW-Export of finished textile products-TOT,HT,2003,0.24844224276354504,0.2395720133053292,0.25707730593269906,1000,0.248421
DI.RT-RW.RW-Export of finished textile products-TOT,HT,2004,0.25946118492531367,0.2501975419144166,0.2684792315217856,1000,0.259439
DI.RT-RW.RW-Export of finished textile products-TOT,HT,2005,0.28255315937759534,0.27246505467388565,0.29237380965320775,1000,0.282529
DI.RT-RW.RW-Export of finished textile products-TOT,HT,2006,0.6258785150107904,0.6035325323817538,0.6476320640579153,1000,0.625825
DI.RT-RW.RW-Export of finished textile products-TOT,HT,2007,0.7116998530639778,0.6862897580180065,0.7364362792060255,1000,0.711639
DI.RT-RW.RW-Export of finished textile products-TOT,HT,2008,0.6444331014990183,0.6214246572941153,0.6668315490328949,1000,0.644378
DI.RT-RW.RW-Export of finished textile products-TOT,HT,2009,0.7694777932992167,0.7420048301121079,0.7962223971093019,1000,0.769412
DI.RT-RW.RW-Export of finished textile products-TOT,HT,2010,0.40491662192242056,0.390459727201357,0.41899023746238473,1000,0.404882
DI.RT-RW.RW-Export of finished textile products-TOT,HT,2011,0.4296537370405317,0.4143136435333391,0.44458713612330836,1000,0.429617
DI.RT-RW.RW-Export of finished textile products-TOT,HT,2012,0.4014783279351125,0.3871441919537583,0.4154324392979919,1000,0.401444
DI.RT-RW.RW-Export of finished textile products-TOT,HT,2013,0.4432148965716247,0.42739062374201814,0.4586196384819954,1000,0.443177
DI.RT-RW.RW-Export of finished textile products-TOT,HT,2014,0.47735281549447595,0.46030970334550336,0.49394408302578474,1000,0.477312
DI.RT-RW.RW-Export of finished textile products-TOT,HT,2015,0.389296286323885,0.3753970904845902,0.40282698861722743,1000,0.389263
DI.RT-RW.RW-Export of finished textile products-TOT,HT,2016,0.34446045268834186,0.3321620479539485,0.3564328038277983,1000,0.344431
DI.RT-RW.RW-Export of finished textile products-TOT,HT,2017,0.22700640991771548,0.21890151228815907,0.234896431629152,1000,0.226987
DI.RT-RW.RW-Export of finished textile products-TOT,HT,2018,0.2918759565124663,0.28145499637781685,0.3020206376021518,1000,0.291851
DI.RT-RW.RW-Export of finished textile products-TOT,HT,2019,0.30733427825819676,0.296361403685011,0.31801624150762575,1000,0.307308
DI.RT-RW.RW-Export of finished textile products-TOT,HT,2020,0.27783575602153593,0.2679160785939197,0.2874924443415613,1000,0.277812
DI.RT-RW.RW-Export of finished textile products-TOT,HT,2021,0.30215383531047835,0.29136592009496987,0.31265574281898273,1000,0.302128
DI.RT-RW.RW-Export of finished textile products-TOT,HT,2022,0.37911541582045377,0.36557971153736646,0.39229226339514517,1000,0.379083
DI.RT-RW.RW-Export of finished textile products-TOT,HT,2023,0.38920727871339333,0.3753112607472323,0.4027348873849322,1000,0.389174
DI.RT-RW.RW-Export of finished textile products-TOT,HT,2024,0.38289173871052806,0.36922120691111077,0.39619983927319846,1000,0.382859
DI.RT-RW.RW-Export of finished textile products-TOT,HT,2025,0.7907216097269069,0.7624901703475622,0.8182045811139648,1000,0.790654
DI.RT-RW.RW-Export of finished textile products-TOT,OM,1988,0.13433148585666818,0.129535396875352,0.13900042159431023,1000,0.13432
DI.RT-RW.RW-Export of finished textile products-TOT,OM,1989,0.1532871066348642,0.1478142377953596,0.15861487953727146,1000,0.153274
DI.RT-RW.RW-Export of finished textile products-TOT,OM,1990,0.33256543561881236,0.3206917232782827,0.3441243537500532,1000,0.332537
DI.RT-RW.RW-Export of finished textile products-TOT,OM,1991,1.019178143635779,0.9827900322893043,1.054601538437814,1000,1.019091
DI.RT-RW.RW-Export of finished textile products-TOT,OM,1992,0.9592730215183399,0.9250237259102573,0.9926143045672128,1000,0.959191
DI.RT-RW.RW-Export of finished textile products-TOT,OM,1993,0.9106938678145902,0.8781790125152288,0.942346693794851,1000,0.910616
DI.RT-RW.RW-Export of finished textile products-TOT,OM,1994,0.9668546697783116,0.9323346836508175,1.0004594668372133,1000,0.966772
DI.RT-RW.RW-Export of finished textile products-TOT,OM,1995,0.9014190747842541,0.8692353610067266,0.932749538420628,1000,0.901342
DI.RT-RW.RW-Export of finished textile products-TOT,OM,1996,0.975135377810572,0.9403197423623119,1.0090279859765885,1000,0.975052
DI.RT-RW.RW-Export of finished textile products-TOT,OM,1997,0.7610370715851735,0.7338654707491837,0.7874883027208565,1000,0.760972
DI.RT-RW.RW-Export of finished textile products-TOT,OM,1998,0.48555051642931146,0.4682147185940685,0.502426710004705,1000,0.485509
DI.RT-RW.RW-Export of finished textile products-TOT,OM,1999,0.2638765624570081,0.25445527551480884,0.27304807355081245,1000,0.263854
DI.RT-RW.RW-Export of finished textile products-TOT,OM,2000,0.19841296506863865,0.1913289502567178,0.20530916946564004,1000,0.198396
DI.RT-RW.RW-Export of finished textile products-TOT,OM,2001,0.26156636492626884,0.25222755985979056,0.2706575808923636,1000,0.261544
DI.RT-RW.RW-Export of finished textile products-TOT,OM,2002,0.1462975089974889,0.14107419246508984,0.1513823456888302,1000,0.146285
DI.RT-RW.RW-Export of finished textile products-TOT,OM,2003,0.17864427476988373,0.17226606915163234,0.18485338228834158,1000,0.178629
DI.RT-RW.RW-Export of finished textile products-TOT,OM,2004,0.2088228551541215,0.20136717201130044,0.21608087426295372,1000,0.208805
DI.RT-RW.RW-Export of finished textile products-TOT,OM,2005,0.1946666447438986,0.18771638625511664,0.2014326389467874,1000,0.19465
DI.RT-RW.RW-Export of finished textile products-TOT,OM,2006,0.1849198113523033,0.17831754782489642,0.19134703658780777,1000,0.184904
DI.RT-RW.RW-Export of finished textile products-TOT,OM,2007,0.3073592803959754,0.29638551316179695,0.3180421126402929,1000,0.307333
DI.RT-RW.RW-Export of finished textile products-TOT,OM,2008,0.2716552275626749,0.26195621593244206,0.2810971003462304,1000,0.271632
DI.RT-RW.RW-Export of finished textile products-TOT,OM,2009,0.1722887313465728,0.16613744015265333,0.17827694036434039,1000,0.172274
DI.RT-RW.RW-Export of finished textile products-TOT,OM,2010,0.1400649760920485,0.13506418209189752,0.1449331897375516,1000,0.140053
DI.RT-RW.RW-Export of finished textile products-TOT,OM,2011,0.1707636009420804,0.16466676206871264,0.17669880127164142,1000,0.170749
DI.RT-RW.RW-Export of finished textile products-TOT,OM,2012,0.18596990113900297,0.17933014584990475,0.19243362415983,1000,0.185954
DI.RT-RW.RW-Export of finished textile products-TOT,OM,2013,0.14880172311738984,0.14348899765996687,0.15397359833677654,1000,0.148789
DI.RT-RW.RW-Export of finished textile products-TOT,OM,2014,0.161086773536265,0.15533543017349294,0.16668563808412992,1000,0.161073
DI.RT-RW.RW-Export of finished textile products-TOT,OM,2015,0.2262363440741357,0.21815894040315295,0.23409960074300235,1000,0.226217
DI.RT-RW.RW-Export of finished textile products-TOT,OM,2016,0.17048757734100506,0.16440059344499616,0.1764131839669956,1000,0.170473
DI.RT-RW.RW-Export of finished textile products-TOT,OM,2017,0.31563498800067996,0.30436574997793403,0.3266054575531348,1000,0.315608
DI.RT-RW.RW-Export of finished textile products-TOT,OM,2018,0.28678752143177294,0.2765482356623479,0.2967553446817241,1000,0.286763
DI.RT-RW.RW-Export of finished textile products-TOT,OM,2019,0.20274033507535247,0.19550181849882356,0.2097869451076783,1000,0.202723
DI.RT-RW.RW-Export of finished textile products-TOT,OM,2020,0.21103504430476888,0.20350037851731803,0.21836995208134724,1000,0.211017
DI.RT-RW.RW-Export of finished textile products-TOT,OM,2021,0.29837451216387056,0.28772153158401126,0.3087450624050094,1000,0.298349
DI.RT-RW.RW-Export of finished textile products-TOT,OM,2022,0.47767084268701926,0.4606163758902202,0.49427316383331144,1000,0.47763
DI.RT-RW.RW-Export of finished textile products-TOT,OM,2023,0.5763362789598104,0.555759121940932,0.5963678972552133,1000,0.576287
DI.RT-RW.RW-Export of finished textile products-TOT,OM,2024,0.41708766259302543,0.4021962205007393,0.4315843048447756,1000,0.417052
DI.RT-RW.RW-Export of finished textile products-TOT,OM,2025,0.3624639920599302,0.34952279999794855,0.37506208903879273,1000,0.362433
DI.RT-RW.RW-Export of finished textile products-TOT,SA,1988,0.11162454432617645,0.10763917005838605,0.1155042589059629,1000,0.111615
DI.RT-RW.RW-Export of finished textile products-TOT,SA,1989,0.11605892348258254,0.11191522686113553,0.12009276299581675,1000,0.116049
DI.RT-RW.RW-Export of finished textile products-TOT,SA,1990,0.11477781394280892,0.11067985727062536,0.11876712615794964,1000,0.114768
DI.RT-RW.RW-Export of finished textile products-TOT,SA,1991,0.04745005716166974,0.04575592942337665,0.0490992704211111,1000,0.047446
DI.RT-RW.RW-Export of finished textile products-TOT,SA,1992,0.02073277273149634,0.019992542529950287,0.021453378052945542,1000,0.020731
DI.RT-RW.RW-Export of finished textile products-TOT,SA,1993,0.2600132321274644,0.25072987916184963,0.26905046613107736,1000,0.259991
DI.RT-RW.RW-Export of finished textile products-TOT,SA,1994,0.028371425865603185,0.027358469877582347,0.029357526505427237,1000,0.028369
DI.RT-RW.RW-Export of finished textile products-TOT,SA,1995,0.07180813987105784,0.06924434608728429,0.07430396271080004,1000,0.071802
DI.RT-RW.RW-Export of finished textile products-TOT,SA,1996,0.050698334901860764,0.048888232647402434,0.0524604479772332,1000,0.050694
DI.RT-RW.RW-Export of finished textile products-TOT,SA,1997,0.08063889493444662,0.07775981328806865,0.08344164676885366,1000,0.080632
DI.RT-RW.RW-Export of finished textile products-TOT,SA,1998,0.10545301663691573,0.10168798680855134,0.10911822851839226,1000,0.105444
DI.RT-RW.RW-Export of finished textile products-TOT,SA,1999,0.08910761904280179,0.08592617526499303,0.09220471682588624,1000,0.0891
DI.RT-RW.RW-Export of finished textile products-TOT,SA,2000,0.08373415959143282,0.08074456651416466,0.08664449299305249,1000,0.083727
DI.RT-RW.RW-Export of finished textile products-TOT,SA,2001,0.09040472995075369,0.08717697492064619,0.09354691118866038,1000,0.090397
DI.RT-RW.RW-Export of finished textile products-TOT,SA,2002,0.07028800989412115,0.06777848989870078,0.07273099784463453,1000,0.070282
DI.RT-RW.RW-Export of finished textile products-TOT,SA,2003,0.028550441172097703,0.027531093731369482,0.029542763815324363,1000,0.028548
DI.RT-RW.RW-Export of finished textile products-TOT,SA,2004,0.09322997151973139,0.08990134579745432,0.09647034918005351,1000,0.093222
DI.RT-RW.RW-Export of finished textile products-TOT,SA,2005,0.03715517690996826,0.03582861126200921,0.03844657283406651,1000,0.037152
DI.RT-RW.RW-Export of finished textile products-TOT,SA,2006,0.09330497793306711,0.08997367422781206,0.0965479625780551,1000,0.093297
DI.RT-RW.RW-Export of finished textile products-TOT,SA,2007,0.0684538530666857,0.06600981868168622,0.07083309155216905,1000,0.068448
DI.RT-RW.RW-Export of finished textile products-TOT,SA,2008,0.059694104074588056,0.05756282239497384,0.06176888151089028,1000,0.059689
DI.RT-RW.RW-Export of finished textile products-TOT,SA,2009,0.08004384405531678,0.07718600774056394,0.08282591381137439,1000,0.080037
DI.RT-RW.RW-Export of finished textile products-TOT,SA,2010,0.05168141895931389,0.04983621727462453,0.05347770091370734,1000,0.051677
DI.RT-RW.RW-Export of finished textile products-TOT,SA,2011,0.04578391470010624,0.044149273890363425,0.047375218140169165,1000,0.04578
DI.RT-RW.RW-Export of finished textile products-TOT,SA,2012,0.08932963802627544,0.08614026741885195,0.09243445248397095,1000,0.089322
DI.RT-RW.RW-Export of finished textile products-TOT,SA,2013,0.12452664750542657,0.12008062445898847,0.12885479820754267,1000,0.124516
DI.RT-RW.RW-Export of finished textile products-TOT,SA,2014,0.13741674965854297,0.13251050631073366,0.1421929193654422,1000,0.137405
DI.RT-RW.RW-Export of finished textile products-TOT,SA,2015,0.12173140850178311,0.11738518495432342,0.12596240557535018,1000,0.121721
DI.RT-RW.RW-Export of finished textile products-TOT,SA,2016,0.16714229130623318,0.16117474545104102,0.17295162641612477,1000,0.167128
DI.RT-RW.RW-Export of finished textile products-TOT,SA,2017,0.09139481460678481,0.08813171020136833,0.09457140804228133,1000,0.091387
DI.RT-RW.RW-Export of finished textile products-TOT,SA,2018,0.3280160466286248,0.31630476288231796,0.3394168424499302,1000,0.327988
DI.RT-RW.RW-Export of finished textile products-TOT,SA,2019,1.519668937516049,1.4654116098315626,1.5724878024791284,1000,1.519539
DI.RT-RW.RW-Export of finished textile products-TOT,SA,2020,1.0367756482898434,0.999759246430301,1.0728106764542933,1000,1.036687
DI.RT-RW.RW-Export of finished textile products-TOT,SA,2021,0.8144726405310314,0.7853932089151079,0.8427811223024942,1000,0.814403
DI.RT-RW.RW-Export of finished textile products-TOT,SA,2022,0.6042176629249538,0.5826450460735104,0.6252183495603635,1000,0.604166
DI.RT-RW.RW-Export of finished textile products-TOT,SA,2023,0.259119155680503,0.24986772427198542,0.2681253144268984,1000,0.259097
DI.RT-RW.RW-Export of finished textile products-TOT,SA,2024,0.20939690423751733,0.201920725598305,0.21667487546899258,1000,0.209379
DI.RT-RW.RW-Export of finished textile products-TOT,SA,2025,0.14984381222000037,0.1444938806524037,0.15505190714634526,1000,0.149831
DI.RT-RW.RW-Export of finished textile products-TOT,TA,1988,0.0547436807944324,0.05278914599136311,0.056646397242785494,1000,0.054739
DI.RT-RW.RW-Export of finished textile products-TOT,TA,1989,0.10279378926278768,0.09912370285760166,0.10636657484790929,1000,0.102785
DI.RT-RW.RW-Export of finished textile products-TOT,TA,1990,0.08808653173592523,0.08494154423305636,0.09114813976775797,1000,0.088079
DI.RT-RW.RW-Export of finished textile products-TOT,TA,1991,0.24110061502624752,0.23249250654191378,0.24948050653630366,1000,0.24108
DI.RT-RW.RW-Export of finished textile products-TOT,TA,1992,0.23830237576607066,0.22979417390003445,0.2465850093681911,1000,0.238282
DI.RT-RW.RW-Export of finished textile products-TOT,TA,1993,0.15580232169538777,0.15023965116002244,0.1612175154835914,1000,0.155789
DI.RT-RW.RW-Export of finished textile products-TOT,TA,1994,0.44775228453567856,0.4317660115891256,0.46331473163843817,1000,0.447714
DI.RT-RW.RW-Export of finished textile products-TOT,TA,1995,0.36605629921595423,0.35298684962254856,0.3787792533804154,1000,0.366025
DI.RT-RW.RW-Export of finished textile products-TOT,TA,1996,0.38515893256428824,0.3714074542660573,0.39854583358345985,1000,0.385126
DI.RT-RW.RW-Export of finished textile products-TOT,TA,1997,0.34247128260667936,0.33024389798086135,0.3543744965127962,1000,0.342442
DI.RT-RW.RW-Export of finished textile products-TOT,TA,1998,0.30597716221957627,0.29505274128507164,0.3166119564264503,1000,0.305951
DI.RT-RW.RW-Export of finished textile products-TOT,TA,1999,0.5721179182738112,0.5516913710176128,0.5920029197516041,1000,0.572069
DI.RT-RW.RW-Export of finished textile products-TOT,TA,2000,0.5291222419787704,0.5102307859784144,0.5475128503264806,1000,0.529077
DI.RT-RW.RW-Export of finished textile products-TOT,TA,2001,0.5343166861236448,0.5152397708754556,0.5528878368494172,1000,0.534271
DI.RT-RW.RW-Export of finished textile products-TOT,TA,2002,0.24881327448817894,0.23992979794083216,0.25746123354148026,1000,0.248792
DI.RT-RW.RW-Export of finished textile products-TOT,TA,2003,0.25478578516072226,0.245689069755451,0.26364132971302,1000,0.254764
DI.RT-RW.RW-Export of finished textile products-TOT,TA,2004,0.4398246066888515,0.42412137868984834,0.4551115128923236,1000,0.439787
DI.RT-RW.RW-Export of finished textile products-TOT,TA,2005,1.0310761609618422,0.9942632501021844,1.0669130930514794,1000,1.030988
DI.RT-RW.RW-Export of finished textile products-TOT,TA,2006,0.6748407014653077,0.6507466029611425,0.6982960205827385,1000,0.674783
DI.RT-RW.RW-Export of finished textile products-TOT,TA,2007,0.6659869444351627,0.642208955041715,0.6891345350826311,1000,0.66593
DI.RT-RW.RW-Export of finished textile products-TOT,TA,2008,0.5228867088167966,0.5042178824680078,0.541060589839282,1000,0.522842
DI.RT-RW.RW-Export of finished textile products-TOT,TA,2009,0.5712758462734291,0.5508793638394632,0.591131580003373,1000,0.571227
DI.RT-RW.RW-Export of finished textile products-TOT,TA,2010,0.45363078717017447,0.4374346317710294,0.4693975523511492,1000,0.453592
DI.RT-RW.RW-Export of finished textile products-TOT,TA,2011,0.46111042670800967,0.44464722284630304,0.47713716039986753,1000,0.461071
DI.RT-RW.RW-Export of finished textile products-TOT,TA,2012,0.18495081400314867,0.17834744357611096,0.19137911679231506,1000,0.184935
DI.RT-RW.RW-Export of finished textile products-TOT,TA,2013,0.4734864849083988,0.4565814138553298,0.4899433710701295,1000,0.473446
DI.RT-RW.RW-Export of finished textile products-TOT,TA,2014,0.45144460024281685,0.4353264991208691,0.46713538051072956,1000,0.451406
DI.RT-RW.RW-Export of finished textile products-TOT,TA,2015,0.37754228131142653,0.3640627432579968,0.39066445172772524,1000,0.37751
DI.RT-RW.RW-Export of finished textile products-TOT,TA,2016,0.459022248160744,0.44263359934514357,0.4749764033995033,1000,0.458983
DI.RT-RW.RW-Export of finished textile products-TOT,TA,2017,0.5027509871354523,0.484801074243705,0.520225014434429,1000,0.502708
DI.RT-RW.RW-Export of finished textile products-TOT,TA,2018,0.4713713040523323,0.45454175211924164,0.4877546732464848,1000,0.471331
DI.RT-RW.RW-Export of finished textile products-TOT,TA,2019,0.418213758878572,0.40328211133517683,0.4327495406601062,1000,0.418178
DI.RT-RW.RW-Export of finished textile products-TOT,TA,2020,0.4926851264658024,0.4750945988896965,0.509809296422616,1000,0.492643
DI.RT-RW.RW-Export of finished textile products-TOT,TA,2021,0.3769782330831421,0.36351883346170666,0.3900807989747533,1000,0.376946
DI.RT-RW.RW-Export of finished textile products-TOT,TA,2022,0.4092989966322472,0.3946856362923918,0.42352492959629084,1000,0.409264
DI.RT-RW.RW-Export of finished textile products-TOT,TA,2023,0.38761114223760973,0.3737721117492196,0.40108327427545837,1000,0.387578
DI.RT-RW.RW-Export of finished textile products-TOT,TA,2024,0.5698217219402278,0.5494771566695945,0.5896269149274488,1000,0.569773
DI.RT-RW.RW-Export of finished textile products-TOT,TA,2025,0.6151685992719648,0.5932049969057402,0.6365499056685954,1000,0.615116
DI.RT-US.HH-Sales to households-TOT,CA,1988,19.92074504048727,18.999160307544727,20.855827588373927,1000,19.888591360000003
DI.RT-US.HH-Sales to households-TOT,CA,1989,17.51449371782909,16.704228339563166,18.336626493351616,1000,17.48622392
DI.RT-US.HH-Sales to households-TOT,CA,1990,15.155416137374981,14.454287735540152,15.866813482565465,1000,15.130954079999999
DI.RT-US.HH-Sales to households-TOT,CA,1991,12.892689515096402,12.296240647369181,13.4978741573568,1000,12.871879680000001
DI.RT-US.HH-Sales to households-TOT,CA,1992,12.3708440947268,11.798537133910752,12.951533240242956,1000,12.35087656
DI.RT-US.HH-Sales to households-TOT,CA,1993,10.990450669006009,10.482004246739747,11.50634395477969,1000,10.972711199999999
DI.RT-US.HH-Sales to households-TOT,CA,1994,11.434068944488576,10.905099603571022,11.970785733925611,1000,11.41561344
DI.RT-US.HH-Sales to households-TOT,CA,1995,10.436379553779847,9.953565881680262,10.926264664202503,1000,10.4195344
DI.RT-US.HH-Sales to households-TOT,CA,1996,10.27660406332146,9.801182014999279,10.758989289959448,1000,10.2600168
DI.RT-US.HH-Sales to households-TOT,CA,1997,10.39623868319472,9.915282030670614,10.884239575559024,1000,10.37945832
DI.RT-US.HH-Sales to households-TOT,CA,1998,10.18689550651458,9.7156236060006,10.66506980099638,1000,10.17045304
DI.RT-US.HH-Sales to households-TOT,CA,1999,9.411074308867157,8.975693885795005,9.852831448231203,1000,9.39588408
DI.RT-US.HH-Sales to households-TOT,CA,2000,10.113802648778869,9.645912211239263,10.588545954334053,1000,10.09747816
DI.RT-US.HH-Sales to households-TOT,CA,2001,9.254338845255965,8.826209406526075,9.688738800119136,1000,9.2394016
DI.RT-US.HH-Sales to households-TOT,CA,2002,9.922759569924605,9.463707274956906,10.388535286739103,1000,9.906743440000001
DI.RT-US.HH-Sales to households-TOT,CA,2003,9.316729468727065,8.885713679815348,9.75405804814926,1000,9.30169152
DI.RT-US.HH-Sales to households-TOT,CA,2004,10.482262893170269,9.997326540167299,10.974301773937132,1000,10.46534368
DI.RT-US.HH-Sales to households-TOT,CA,2005,10.555038438738684,10.066735302435637,11.050493413754818,1000,10.53800176
DI.RT-US.HH-Sales to households-TOT,CA,2006,11.878701737483793,11.329162543734068,12.436289652177583,1000,11.85952856
DI.RT-US.HH-Sales to households-TOT,CA,2007,13.01054101687402,12.408640036559051,13.621257625048873,1000,12.989540960000001
DI.RT-US.HH-Sales to households-TOT,CA,2008,12.972055458094935,12.37193491838786,13.580965548778257,1000,12.95111752
DI.RT-US.HH-Sales to households-TOT,CA,2009,11.8350404646871,11.287521153343809,12.39057891315221,1000,11.815937759999999
DI.RT-US.HH-Sales to households-TOT,CA,2010,12.387831754171852,11.814738900681549,12.96931830278936,1000,12.367836800000001
DI.RT-US.HH-Sales to households-TOT,CA,2011,12.701021507557108,12.113439693204786,13.297209226837271,1000,12.68052104
DI.RT-US.HH-Sales to households-TOT,CA,2012,13.121270623341308,12.514247007572813,13.737184894672408,1000,13.100091840000001
DI.RT-US.HH-Sales to households-TOT,CA,2013,12.538114322292088,11.958069011947106,13.126655155596998,1000,12.517876800000002
DI.RT-US.HH-Sales to households-TOT,CA,2014,12.974869840734279,12.374619100471557,13.583912038930837,1000,12.95392736
DI.RT-US.HH-Sales to households-TOT,CA,2015,13.214685562546697,12.603340332218835,13.834984744140204,1000,13.193356
DI.RT-US.HH-Sales to households-TOT,CA,2016,12.628734270157246,12.04449664871733,13.22152881644161,1000,12.608350479999999
DI.RT-US.HH-Sales to households-TOT,CA,2017,12.868867304136955,12.2735205129576,13.472933728495615,1000,12.84809592
DI.RT-US.HH-Sales to households-TOT,CA,2018,12.964458475956354,12.364689392118075,13.573011963239555,1000,12.9435328
DI.RT-US.HH-Sales to households-TOT,CA,2019,12.67214257464279,12.085896773759009,13.266974712788066,1000,12.65168872
DI.RT-US.HH-Sales to households-TOT,CA,2020,12.612605116409256,12.029113670969245,13.204642557969311,1000,12.59224736
DI.RT-US.HH-Sales to households-TOT,CA,2021,13.857095503724263,13.216030742682237,14.507549497467773,1000,13.83472904
DI.RT-US.HH-Sales to households-TOT,CA,2022,13.745231506258907,13.109341860506015,14.39043458837466,1000,13.7230456
DI.RT-US.HH-Sales to households-TOT,CA,2023,12.614174930214665,12.030610861163757,13.206286059053477,1000,12.59381464
DI.RT-US.HH-Sales to households-TOT,CA,2024,14.384939005478365,13.719454850904077,15.060170046742064,1000,14.361720559999998
DI.RT-US.HH-Sales to households-TOT,CA,2025,13.02936467977593,12.426592868560148,13.640964873310221,1000,13.00833424
DI.RT-US.HH-Sales to households-TOT,CL,1988,26.017655062341287,24.814011642193755,27.238927416175656,1000,25.975660480000002
DI.RT-US.HH-Sales to households-TOT,CL,1989,25.964240847513803,24.763068505872976,27.183005930661626,1000,25.92233248
DI.RT-US.HH-Sales to households-TOT,CL,1990,28.30597555518003,26.9964685628622,29.63466199179474,1000,28.260287440000006
DI.RT-US.HH-Sales to households-TOT,CL,1991,30.385500234827205,28.979789099911038,31.811799849658165,1000,30.336455599999997
DI.RT-US.HH-Sales to households-TOT,CL,1992,32.60063796481617,31.092448879945135,34.13091645334227,1000,32.54801792
DI.RT-US.HH-Sales to households-TOT,CL,1993,34.446060304507554,32.85249725141223,36.062963174793396,1000,34.3904616
DI.RT-US.HH-Sales to households-TOT,CL,1994,37.18650832744841,35.46616512359908,38.93204820977543,1000,37.12648632
DI.RT-US.HH-Sales to households-TOT,CL,1995,37.125455703616055,35.40793695065528,38.86812976727354,1000,37.06553224
DI.RT-US.HH-Sales to households-TOT,CL,1996,36.81443072434988,35.111300784250915,38.5425052321435,1000,36.75500928
DI.RT-US.HH-Sales to households-TOT,CL,1997,39.37106157162386,37.54965533453756,41.219144687620414,1000,39.30751352000001
DI.RT-US.HH-Sales to households-TOT,CL,1998,41.09255588153398,39.191508904573936,43.02144618030465,1000,41.026229199999996
DI.RT-US.HH-Sales to households-TOT,CL,1999,41.06738509386355,39.16750258206714,42.99509387235375,1000,41.00109904000001
DI.RT-US.HH-Sales to households-TOT,CL,2000,43.54488798226447,41.530389835704845,45.5888910915427,1000,43.47460304
DI.RT-US.HH-Sales to households-TOT,CL,2001,41.901755674912465,39.96327304110513,43.868629924735345,1000,41.83412288
DI.RT-US.HH-Sales to households-TOT,CL,2002,44.83283691515817,42.75875494927091,46.93729652680469,1000,44.76047312000001
DI.RT-US.HH-Sales to households-TOT,CL,2003,47.95092872546546,45.732595839120556,50.2017520011517,1000,47.873532080000004
DI.RT-US.HH-Sales to households-TOT,CL,2004,49.02926300349146,46.76104360910593,51.33070344043951,1000,48.95012584
DI.RT-US.HH-Sales to households-TOT,CL,2005,51.68687051520193,49.29570338447582,54.113059419051304,1000,51.603443760000005
DI.RT-US.HH-Sales to households-TOT,CL,2006,54.1179321236516,51.61429785082631,56.65823539813713,1000,54.030581440000006
DI.RT-US.HH-Sales to households-TOT,CL,2007,56.871883542156105,54.24084441688172,59.5414576799521,1000,56.78008776000001
DI.RT-US.HH-Sales to households-TOT,CL,2008,58.92865605798575,56.20246536353701,61.694775384258186,1000,58.83354048
DI.RT-US.HH-Sales to households-TOT,CL,2009,54.15993984748762,51.65436218966974,56.70221497038323,1000,54.07252136
DI.RT-US.HH-Sales to households-TOT,CL,2010,60.19008121938459,57.40553376327197,63.01541201849562,1000,60.0929296
DI.RT-US.HH-Sales to households-TOT,CL,2011,60.34734906229869,57.5555259926125,63.18006203586925,1000,60.2499436
DI.RT-US.HH-Sales to households-TOT,CL,2012,52.467543063318175,50.040260019240975,54.93037684535227,1000,52.38285624
DI.RT-US.HH-Sales to households-TOT,CL,2013,54.512005629902276,51.99014050645972,57.07080676968002,1000,54.424018880000006
DI.RT-US.HH-Sales to households-TOT,CL,2014,54.86757771176549,52.32926291229728,57.443069454610054,1000,54.77901704000001
DI.RT-US.HH-Sales to households-TOT,CL,2015,52.968954461536846,50.51847484079635,55.45532456446823,1000,52.88345832
DI.RT-US.HH-Sales to households-TOT,CL,2016,52.038232040889724,49.6308100252605,54.480913903712356,1000,51.95423816
DI.RT-US.HH-Sales to households-TOT,CL,2017,51.360162382067344,48.98410960710519,53.771015560625024,1000,51.277262959999995
DI.RT-US.HH-Sales to households-TOT,CL,2018,50.36479201444791,48.03478762435073,52.72892236925815,1000,50.2834992
DI.RT-US.HH-Sales to households-TOT,CL,2019,48.05462986742724,45.83149950041449,50.3103208891665,1000,47.97706584
DI.RT-US.HH-Sales to households-TOT,CL,2020,45.63744449633778,43.52613932111181,47.77967249995604,1000,45.563782
DI.RT-US.HH-Sales to households-TOT,CL,2021,49.603313326762084,47.3085368928285,51.931699765870604,1000,49.5232496
DI.RT-US.HH-Sales to households-TOT,CL,2022,53.52055318612619,51.04455519434792,56.03281541004761,1000,53.43416671999999
DI.RT-US.HH-Sales to households-TOT,CL,2023,42.362617222419296,40.40281395199324,44.35112437749696,1000,42.29424056
DI.RT-US.HH-Sales to households-TOT,CL,2024,44.46457939798476,42.40753396888006,46.55175295046345,1000,44.39281
DI.RT-US.HH-Sales to households-TOT,CL,2025,45.277503202215485,43.18284983397488,47.40283551133469,1000,45.20442168
DI.RT-US.HH-Sales to households-TOT,FW,1988,10.047390093587342,9.582572071101282,10.519015984548144,1000,10.0311728
DI.RT-US.HH-Sales to households-TOT,FW,1989,9.538240685600169,9.096977219945897,9.985967032406975,1000,9.522845199999999
DI.RT-US.HH-Sales to households-TOT,FW,1990,9.923383617186945,9.46430245219313,10.389188626866888,1000,9.90736648
DI.RT-US.HH-Sales to households-TOT,FW,1991,9.95771679368794,9.497047287935159,10.425133407456702,1000,9.94164424
DI.RT-US.HH-Sales to households-TOT,FW,1992,9.962325752917854,9.501443024895908,10.429958711875068,1000,9.94624576
DI.RT-US.HH-Sales to households-TOT,FW,1993,9.983245438969266,9.521394912642396,10.451860370904607,1000,9.96713168
DI.RT-US.HH-Sales to households-TOT,FW,1994,11.301729498006019,10.778882519138502,11.832234255385453,1000,11.283487599999999
DI.RT-US.HH-Sales to households-TOT,FW,1995,10.955744650708446,10.448903817818447,11.470008831147428,1000,10.9380612
DI.RT-US.HH-Sales to households-TOT,FW,1996,10.457797243649368,9.97399273431159,10.948687703418766,1000,10.440917520000001
DI.RT-US.HH-Sales to households-TOT,FW,1997,11.581659647722951,11.045862382521008,12.125304365334575,1000,11.56296592
DI.RT-US.HH-Sales to households-TOT,FW,1998,11.506068838092503,10.973768597523154,12.046165312567519,1000,11.48749712
DI.RT-US.HH-Sales to households-TOT,FW,1999,11.956015728467174,11.402899791298049,12.517232772670383,1000,11.93671776
DI.RT-US.HH-Sales to households-TOT,FW,2000,12.325148498368693,11.754955532982068,12.903692686224737,1000,12.305254719999999
DI.RT-US.HH-Sales to households-TOT,FW,2001,11.75627741480642,11.212401884061821,12.308118714735567,1000,11.73730184
DI.RT-US.HH-Sales to households-TOT,FW,2002,12.580863322607815,11.998840333920008,13.171410799944042,1000,12.5605568
DI.RT-US.HH-Sales to households-TOT,FW,2003,13.637800183486082,13.006880586127767,14.27796042434178,1000,13.615787680000002
DI.RT-US.HH-Sales to households-TOT,FW,2004,15.097510192534942,14.399060668151872,15.806189424606224,1000,15.0731416
DI.RT-US.HH-Sales to households-TOT,FW,2005,16.293405984274553,15.53963125485435,17.058220731441985,1000,16.26710712
DI.RT-US.HH-Sales to households-TOT,FW,2006,16.980530498359677,16.194967627455593,17.77759896595977,1000,16.95312256
DI.RT-US.HH-Sales to households-TOT,FW,2007,17.85964826495558,17.03341515252655,18.69798264301284,1000,17.83082136
DI.RT-US.HH-Sales to households-TOT,FW,2008,17.645195480959345,16.828883504073506,18.473463415454734,1000,17.61671472
DI.RT-US.HH-Sales to households-TOT,FW,2009,15.73685542703008,15.008828153120433,16.475545613492667,1000,15.711454880000002
DI.RT-US.HH-Sales to households-TOT,FW,2010,17.298357416500835,16.49809105760562,18.110344723923347,1000,17.270436479999997
DI.RT-US.HH-Sales to households-TOT,FW,2011,19.220720905379036,18.331521083457435,20.122944222824824,1000,19.18969712
DI.RT-US.HH-Sales to households-TOT,FW,2012,16.156812791904905,15.409357213724073,16.915215835590093,1000,16.130734399999998
DI.RT-US.HH-Sales to households-TOT,FW,2013,16.420883503216047,15.661211336977537,17.19168206288486,1000,16.394378879999998
DI.RT-US.HH-Sales to households-TOT,FW,2014,15.31759614892329,14.608964884001386,16.03660624645344,1000,15.292872319999999
DI.RT-US.HH-Sales to households-TOT,FW,2015,15.90518688751042,15.169372168716693,16.651778576182668,1000,15.879514640000002
DI.RT-US.HH-Sales to households-TOT,FW,2016,15.5901884547716,14.86894637098339,16.32199407312032,1000,15.56502464
DI.RT-US.HH-Sales to households-TOT,FW,2017,14.86443647285479,14.176769536234922,15.56217519204862,1000,14.84044408
DI.RT-US.HH-Sales to households-TOT,FW,2018,15.772962025977158,15.043264368239981,16.513347061225293,1000,15.7475032
DI.RT-US.HH-Sales to households-TOT,FW,2019,15.501928956862017,14.784769983702722,16.22959166208109,1000,15.4769076
DI.RT-US.HH-Sales to households-TOT,FW,2020,12.464291646571606,11.887661562451882,13.049367233192006,1000,12.444173280000001
DI.RT-US.HH-Sales to households-TOT,FW,2021,14.326477764345569,13.663698176653059,14.998964626804709,1000,14.303353680000003
DI.RT-US.HH-Sales to households-TOT,FW,2022,16.18366092694856,15.434963285214682,16.943324225833617,1000,16.1575392
DI.RT-US.HH-Sales to households-TOT,FW,2023,13.032621536604108,12.42969905484241,13.644374607451711,1000,13.011585839999999
DI.RT-US.HH-Sales to households-TOT,FW,2024,13.175618264794243,12.566080387810487,13.794083621987754,1000,13.154351759999999
DI.RT-US.HH-Sales to households-TOT,FW,2025,12.92730474685721,12.32925448977165,13.53411423291963,1000,12.90643904
DI.RT-US.HH-Sales to households-TOT,HT,1988,5.128788836600778,4.891517917230494,5.369534899218123,1000,5.12051056
DI.RT-US.HH-Sales to households-TOT,HT,1989,4.8123316493151025,4.589700850675226,5.038223167467231,1000,4.804564160000001
DI.RT-US.HH-Sales to households-TOT,HT,1990,5.946579856908689,5.671475828509525,6.225713143967395,1000,5.9369816
DI.RT-US.HH-Sales to households-TOT,HT,1991,5.755014094401079,5.488772389259539,6.025155257875582,1000,5.745725040000001
DI.RT-US.HH-Sales to households-TOT,HT,1992,5.653385177176261,5.391845086274025,5.918755865115618,1000,5.64426016
DI.RT-US.HH-Sales to households-TOT,HT,1993,6.457551165589729,6.158808294562187,6.760669517074859,1000,6.44712816
DI.RT-US.HH-Sales to households-TOT,HT,1994,6.3996593235126795,6.103594677506927,6.70006022386427,1000,6.38932976
DI.RT-US.HH-Sales to households-TOT,HT,1995,6.610134246922831,6.304332491401957,6.920414869506126,1000,6.599464960000001
DI.RT-US.HH-Sales to households-TOT,HT,1996,7.073228438095631,6.746002758136597,7.405246766538484,1000,7.061811679999999
DI.RT-US.HH-Sales to households-TOT,HT,1997,7.816362956821232,7.454757968980481,8.1832641231188,1000,7.8037467199999995
DI.RT-US.HH-Sales to households-TOT,HT,1998,8.057578377860482,7.684814146280187,8.435802229631737,1000,8.044572800000001
DI.RT-US.HH-Sales to households-TOT,HT,1999,8.547611490613686,8.152177071024267,8.948837564977056,1000,8.533814959999999
DI.RT-US.HH-Sales to households-TOT,HT,2000,10.005579808433186,9.542696036920157,10.475243118783157,1000,9.989429999999999
DI.RT-US.HH-Sales to households-TOT,HT,2001,9.707286098456915,9.258202158651397,10.162947460497412,1000,9.69161776
DI.RT-US.HH-Sales to households-TOT,HT,2002,11.54891215063573,11.014629868598139,12.091019696171157,1000,11.53027128
DI.RT-US.HH-Sales to households-TOT,HT,2003,12.887966852339872,12.291736467098442,13.492929812152441,1000,12.867164639999999
DI.RT-US.HH-Sales to households-TOT,HT,2004,15.241524082505785,14.536412106389157,15.95696334663869,1000,15.216923040000001
DI.RT-US.HH-Sales to households-TOT,HT,2005,15.790533187240953,15.060022642539563,16.531743015247113,1000,15.765046
DI.RT-US.HH-Sales to households-TOT,HT,2006,15.17223808935489,14.470331460897942,15.884425059315223,1000,15.14774888
DI.RT-US.HH-Sales to households-TOT,HT,2007,15.919013765200166,15.182559379598942,16.66625448943776,1000,15.893319199999999
DI.RT-US.HH-Sales to households-TOT,HT,2008,15.850616246117692,15.117326105088114,16.594646381279286,1000,15.825032080000001
DI.RT-US.HH-Sales to households-TOT,HT,2009,14.501337041245254,13.83046801514687,15.182031822526339,1000,14.477930720000002
DI.RT-US.HH-Sales to households-TOT,HT,2010,15.798512706825658,15.067633009092564,16.54009709459296,1000,15.77301264
DI.RT-US.HH-Sales to households-TOT,HT,2011,16.386257694382998,15.628187406825305,17.155430913760554,1000,16.359808960000002
DI.RT-US.HH-Sales to households-TOT,HT,2012,13.902999115836483,13.259810736022994,14.555607831528592,1000,13.88055856
DI.RT-US.HH-Sales to households-TOT,HT,2013,15.805111037059959,15.07392608365523,16.54700515136785,1000,15.779600320000002
DI.RT-US.HH-Sales to households-TOT,HT,2014,15.597441682062282,14.875864045385763,16.329587767910667,1000,15.57226616
DI.RT-US.HH-Sales to households-TOT,HT,2015,15.03103858202339,14.335664204744363,15.736597627435344,1000,15.006777280000001
DI.RT-US.HH-Sales to households-TOT,HT,2016,14.845150944464935,14.158376205827352,15.541984398268964,1000,14.82118968
DI.RT-US.HH-Sales to households-TOT,HT,2017,15.78794268596409,15.057551984492585,16.529030915479357,1000,15.76245968
DI.RT-US.HH-Sales to households-TOT,HT,2018,14.892256817122117,14.203302840058234,15.591301427152242,1000,14.868219519999998
DI.RT-US.HH-Sales to households-TOT,HT,2019,15.492379623471905,14.77566242695521,16.21959408165108,1000,15.467373680000001
DI.RT-US.HH-Sales to households-TOT,HT,2020,14.612539971695417,13.936526412962687,15.298454634026458,1000,14.58895416
DI.RT-US.HH-Sales to households-TOT,HT,2021,16.35387686913354,15.597304601561005,17.121530128062048,1000,16.327480400000002
DI.RT-US.HH-Sales to households-TOT,HT,2022,13.760694304455583,13.12408931001881,14.406623212473223,1000,13.738483440000001
DI.RT-US.HH-Sales to households-TOT,HT,2023,12.455948980839889,11.879704849823563,13.040632961568404,1000,12.43584408
DI.RT-US.HH-Sales to households-TOT,HT,2024,14.358214269610887,13.693966469827414,15.032190848049234,1000,14.33503896
DI.RT-US.HH-Sales to households-TOT,HT,2025,11.986121601761688,11.431612889716737,12.548751819852187,1000,11.96677504
DI.RT-US.HH-Sales to households-TOT,OM,1988,0.7102671481529581,0.6774083690903253,0.7436071870533711,1000,0.7091207199999999
DI.RT-US.HH-Sales to households-TOT,OM,1989,0.7650537381039811,0.7296603909433065,0.800965467170465,1000,0.76381888
DI.RT-US.HH-Sales to households-TOT,OM,1990,0.6651506465001584,0.6343790724613585,0.6963729105266153,1000,0.6640770399999999
DI.RT-US.HH-Sales to households-TOT,OM,1991,0.110164614524971,0.1050681170470718,0.11533575688072106,1000,0.1099868000000001
DI.RT-US.HH-Sales to households-TOT,OM,1992,0.5302868054422537,0.5057543784179028,0.5551785419780018,1000,0.5294308799999999
DI.RT-US.HH-Sales to households-TOT,OM,1993,0.6201980894671264,0.5915061359537724,0.6493102742029224,1000,0.6191970400000001
DI.RT-US.HH-Sales to households-TOT,OM,1994,0.6349337139470916,0.6055600526701219,0.664737590949187,1000,0.63390888
DI.RT-US.HH-Sales to households-TOT,OM,1995,0.8997060377170244,0.8580833299914323,0.94193836448932,1000,0.89825384
DI.RT-US.HH-Sales to households-TOT,OM,1996,0.9991313982245351,0.9529090184422602,1.0460307652726313,1000,0.9975187199999999
DI.RT-US.HH-Sales to households-TOT,OM,1997,1.2689577996812802,1.210252558860326,1.3285228556104127,1000,1.2669096000000002
DI.RT-US.HH-Sales to households-TOT,OM,1998,1.5682528058298941,1.4957014107736484,1.6418668110503505,1000,1.5657215199999999
DI.RT-US.HH-Sales to households-TOT,OM,1999,2.0099416470507894,1.9169565939183544,2.1042885880215167,1000,2.00669744
DI.RT-US.HH-Sales to households-TOT,OM,2000,2.3833034830041635,2.2730457542173435,2.4951760805774597,1000,2.3794566400000003
DI.RT-US.HH-Sales to households-TOT,OM,2001,2.383284091705051,2.2730272600094383,2.495155779048065,1000,2.37943728
DI.RT-US.HH-Sales to households-TOT,OM,2002,2.784632860813578,2.6558086061905612,2.915343915301065,1000,2.78013824
DI.RT-US.HH-Sales to households-TOT,OM,2003,3.0528682943204277,2.911634780914584,3.1961703574317037,1000,3.04794072
DI.RT-US.HH-Sales to households-TOT,OM,2004,3.5438559878435694,3.3799081250750898,3.71020508170131,1000,3.53813592
DI.RT-US.HH-Sales to households-TOT,OM,2005,3.638484646088849,3.4701590190068146,3.8092756223498463,1000,3.63261184
DI.RT-US.HH-Sales to households-TOT,OM,2006,3.5002687545525792,3.3383373489331953,3.6645718576063504,1000,3.4946190400000003
DI.RT-US.HH-Sales to households-TOT,OM,2007,4.098190648453121,3.908597843232924,4.290560288518906,1000,4.091575840000001
DI.RT-US.HH-Sales to households-TOT,OM,2008,3.893312759104926,3.7131981302559964,4.076065402497746,1000,3.88702864
DI.RT-US.HH-Sales to households-TOT,OM,2009,3.871523108861522,3.6924165250912107,4.053252943035824,1000,3.8652741600000007
DI.RT-US.HH-Sales to households-TOT,OM,2010,4.1314722876886165,3.9403397885190006,4.3254041725374615,1000,4.12480376
DI.RT-US.HH-Sales to households-TOT,OM,2011,4.468576801415445,4.261848983264273,4.678332419109578,1000,4.4613641600000005
DI.RT-US.HH-Sales to households-TOT,OM,2012,4.892529655330092,4.6661886913422,5.122185679059071,1000,4.88463272
DI.RT-US.HH-Sales to households-TOT,OM,2013,5.02090005545344,4.788620347674845,5.256581803650888,1000,5.01279592
DI.RT-US.HH-Sales to households-TOT,OM,2014,5.0770599019506895,4.8421820957058435,5.3153778011678305,1000,5.068865120000001
DI.RT-US.HH-Sales to households-TOT,OM,2015,4.803818869004807,4.581581893404829,5.02931079606303,1000,4.79606512
DI.RT-US.HH-Sales to households-TOT,OM,2016,5.061555676887727,4.827395135839795,5.2991458056201095,1000,5.053385919999999
DI.RT-US.HH-Sales to households-TOT,OM,2017,5.236121440032669,4.993885039277589,5.481905710010451,1000,5.227669919999999
DI.RT-US.HH-Sales to households-TOT,OM,2018,5.694402181912187,5.430964539222663,5.961698213769012,1000,5.68521096
DI.RT-US.HH-Sales to households-TOT,OM,2019,5.921027413214814,5.6471055063653095,6.198961265006143,1000,5.9114704
DI.RT-US.HH-Sales to households-TOT,OM,2020,8.463630418426426,8.072081178524144,8.860914409559701,1000,8.44996944
DI.RT-US.HH-Sales to households-TOT,OM,2021,9.19803180117,8.772507270644159,9.629788695538151,1000,9.183185439999999
DI.RT-US.HH-Sales to households-TOT,OM,2022,8.463522003435935,8.071977779089037,8.86080090555445,1000,8.4498612
DI.RT-US.HH-Sales to households-TOT,OM,2023,7.0194263972859,6.694689737657714,7.348919250436557,1000,7.00809648
DI.RT-US.HH-Sales to households-TOT,OM,2024,8.158627318957302,7.781188304320171,8.541594422103444,1000,8.14545864
DI.RT-US.HH-Sales to households-TOT,OM,2025,8.911315578186453,8.499055275140638,9.329613973097732,1000,8.896932000000001
DI.RT-US.HH-Sales to households-TOT,SA,1988,0.0,0.0,0.0,1000,0.0
DI.RT-US.HH-Sales to households-TOT,SA,1989,0.0,0.0,0.0,1000,0.0
DI.RT-US.HH-Sales to households-TOT,SA,1990,0.0,0.0,0.0,1000,0.0
DI.RT-US.HH-Sales to households-TOT,SA,1991,0.0,0.0,0.0,1000,0.0
DI.RT-US.HH-Sales to households-TOT,SA,1992,0.0,0.0,0.0,1000,0.0
DI.RT-US.HH-Sales to households-TOT,SA,1993,0.0,0.0,0.0,1000,0.0
DI.RT-US.HH-Sales to households-TOT,SA,1994,0.0,0.0,0.0,1000,0.0
DI.RT-US.HH-Sales to households-TOT,SA,1995,0.0,0.0,0.0,1000,0.0
DI.RT-US.HH-Sales to households-TOT,SA,1996,0.0,0.0,0.0,1000,0.0
DI.RT-US.HH-Sales to households-TOT,SA,1997,0.0,0.0,0.0,1000,0.0
DI.RT-US.HH-Sales to households-TOT,SA,1998,0.0,0.0,0.0,1000,0.0
DI.RT-US.HH-Sales to households-TOT,SA,1999,0.0,0.0,0.0,1000,0.0
DI.RT-US.HH-Sales to households-TOT,SA,2000,0.0,0.0,0.0,1000,0.0
DI.RT-US.HH-Sales to households-TOT,SA,2001,0.0,0.0,0.0,1000,0.0
DI.RT-US.HH-Sales to households-TOT,SA,2002,0.0,0.0,0.0,1000,0.0
DI.RT-US.HH-Sales to households-TOT,SA,2003,0.0,0.0,0.0,1000,0.0
DI.RT-US.HH-Sales to households-TOT,SA,2004,0.0,0.0,0.0,1000,0.0
DI.RT-US.HH-Sales to households-TOT,SA,2005,0.0,0.0,0.0,1000,0.0
DI.RT-US.HH-Sales to households-TOT,SA,2006,0.0,0.0,0.0,1000,0.0
DI.RT-US.HH-Sales to households-TOT,SA,2007,0.0,0.0,0.0,1000,0.0
DI.RT-US.HH-Sales to households-TOT,SA,2008,0.0,0.0,0.0,1000,0.0
DI.RT-US.HH-Sales to households-TOT,SA,2009,0.0,0.0,0.0,1000,0.0
DI.RT-US.HH-Sales to households-TOT,SA,2010,0.0,0.0,0.0,1000,0.0
DI.RT-US.HH-Sales to households-TOT,SA,2011,0.0,0.0,0.0,1000,0.0
DI.RT-US.HH-Sales to households-TOT,SA,2012,0.0,0.0,0.0,1000,0.0
DI.RT-US.HH-Sales to households-TOT,SA,2013,0.0,0.0,0.0,1000,0.0
DI.RT-US.HH-Sales to households-TOT,SA,2014,0.0,0.0,0.0,1000,0.0
DI.RT-US.HH-Sales to households-TOT,SA,2015,0.0,0.0,0.0,1000,0.0
DI.RT-US.HH-Sales to households-TOT,SA,2016,0.0,0.0,0.0,1000,0.0
DI.RT-US.HH-Sales to households-TOT,SA,2017,0.0,0.0,0.0,1000,0.0
DI.RT-US.HH-Sales to households-TOT,SA,2018,0.0,0.0,0.0,1000,0.0
DI.RT-US.HH-Sales to households-TOT,SA,2019,0.0,0.0,0.0,1000,0.0
DI.RT-US.HH-Sales to households-TOT,SA,2020,0.0,0.0,0.0,1000,0.0
DI.RT-US.HH-Sales to households-TOT,SA,2021,0.0,0.0,0.0,1000,0.0
DI.RT-US.HH-Sales to households-TOT,SA,2022,0.0,0.0,0.0,1000,0.0
DI.RT-US.HH-Sales to households-TOT,SA,2023,0.0,0.0,0.0,1000,0.0
DI.RT-US.HH-Sales to households-TOT,SA,2024,0.0,0.0,0.0,1000,0.0
DI.RT-US.HH-Sales to households-TOT,SA,2025,0.0,0.0,0.0,1000,0.0
DI.RT-US.HH-Sales to households-TOT,TA,1988,0.5586932957963825,0.5328467117074418,0.5849184369474132,1000,0.55779152
DI.RT-US.HH-Sales to households-TOT,TA,1989,0.416123176186717,0.3968722513132837,0.43565605605805374,1000,0.41545151999999996
DI.RT-US.HH-Sales to households-TOT,TA,1990,0.5329434134206374,0.5082880849009198,0.557959851505053,1000,0.5320832
DI.RT-US.HH-Sales to households-TOT,TA,1991,0.3365668458878064,0.32099640079880876,0.35236534052981444,1000,0.3360236
DI.RT-US.HH-Sales to households-TOT,TA,1992,0.4195175349540544,0.40010957834251343,0.4392097464988879,1000,0.4188404
DI.RT-US.HH-Sales to households-TOT,TA,1993,0.5677366925642042,0.5414717377577916,0.5943863320195916,1000,0.56682032
DI.RT-US.HH-Sales to households-TOT,TA,1994,0.41166670308163833,0.3926219460783355,0.43099039548447343,1000,0.41100223999999996
DI.RT-US.HH-Sales to households-TOT,TA,1995,0.46358955072285124,0.4421427096820392,0.4853505088287108,1000,0.4628412800000001
DI.RT-US.HH-Sales to households-TOT,TA,1996,0.5220684203093913,0.49791619684933947,0.5465743847018819,1000,0.5212257599999999
DI.RT-US.HH-Sales to households-TOT,TA,1997,0.6484036154486368,0.6184068019977479,0.6788397715040629,1000,0.6473570399999999
DI.RT-US.HH-Sales to households-TOT,TA,1998,0.9312715469810824,0.8881885378778965,0.9749855631564591,1000,0.9297683999999999
DI.RT-US.HH-Sales to households-TOT,TA,1999,0.7249719228388809,0.6914328632031892,0.7590022059119628,1000,0.72380176
DI.RT-US.HH-Sales to households-TOT,TA,2000,0.9741695077308985,0.9291019289933419,1.019897160161122,1000,0.97259712
DI.RT-US.HH-Sales to households-TOT,TA,2001,1.5197366568736355,1.4494297432405683,1.5910733073020171,1000,1.51728368
DI.RT-US.HH-Sales to households-TOT,TA,2002,1.8794082356537336,1.7924619927584624,1.9676279201054185,1000,1.87637472
DI.RT-US.HH-Sales to households-TOT,TA,2003,2.73510836430348,2.60857523984641,2.8634947320242152,1000,2.7306936800000003
DI.RT-US.HH-Sales to households-TOT,TA,2004,3.116633055760441,2.972449621027688,3.262928245658467,1000,3.11160256
DI.RT-US.HH-Sales to households-TOT,TA,2005,4.321024880779296,4.1211231927300975,4.523854390759404,1000,4.3140504
DI.RT-US.HH-Sales to households-TOT,TA,2006,3.603307948076471,3.436609685220907,3.77244772523137,1000,3.5974919200000004
DI.RT-US.HH-Sales to households-TOT,TA,2007,2.7210029570446643,2.5951223848869804,2.8487272149832727,1000,2.71661104
DI.RT-US.HH-Sales to households-TOT,TA,2008,4.0266861143992445,3.84040129222819,4.215699321673352,1000,4.020186720000001
DI.RT-US.HH-Sales to households-TOT,TA,2009,3.7240566862260036,3.5517722772009814,3.8988644259743443,1000,3.71804576
DI.RT-US.HH-Sales to households-TOT,TA,2010,4.513731204243781,4.3049144276632365,4.725606375898334,1000,4.50644568
DI.RT-US.HH-Sales to households-TOT,TA,2011,5.0986864889970125,4.862808181395062,5.338019543223481,1000,5.090456800000001
DI.RT-US.HH-Sales to households-TOT,TA,2012,4.707212298250074,4.489444590266771,4.928169499416251,1000,4.69961448
DI.RT-US.HH-Sales to households-TOT,TA,2013,5.188384468731648,4.948356502643972,5.431927958625061,1000,5.18001
DI.RT-US.HH-Sales to households-TOT,TA,2014,5.377591544129055,5.128810373696031,5.630016440505066,1000,5.368911680000001
DI.RT-US.HH-Sales to households-TOT,TA,2015,6.265179782746273,5.97533650503832,6.559268194716383,1000,6.25506728
DI.RT-US.HH-Sales to households-TOT,TA,2016,5.439431278420829,5.187789243351634,5.694758940541027,1000,5.4306516
DI.RT-US.HH-Sales to households-TOT,TA,2017,5.4336967424197145,5.182320001686568,5.688755224620989,1000,5.42492632
DI.RT-US.HH-Sales to households-TOT,TA,2018,6.09056554135355,5.808800366080764,6.376457536502556,1000,6.08073488
DI.RT-US.HH-Sales to households-TOT,TA,2019,6.233173562138754,5.944810974244919,6.525759597653915,1000,6.22311272
DI.RT-US.HH-Sales to households-TOT,TA,2020,5.978529666464244,5.701947557970837,6.259162682035263,1000,5.96887984
DI.RT-US.HH-Sales to households-TOT,TA,2021,8.0864238167127,7.712325121185037,8.466001677402897,1000,8.073371680000001
DI.RT-US.HH-Sales to households-TOT,TA,2022,6.813154978669681,6.497960963649053,7.132965422689365,1000,6.802158
DI.RT-US.HH-Sales to households-TOT,TA,2023,4.896241326264722,4.6697286508644265,5.126071576344543,1000,4.8883384
DI.RT-US.HH-Sales to households-TOT,TA,2024,4.426234136958389,4.221465199011568,4.634002184083032,1000,4.41908984
DI.RT-US.HH-Sales to households-TOT,TA,2025,4.577256218712952,4.3655006121149675,4.792113263398036,1000,4.56986816
DI.RT-US.IC-Sales to institutions and businesses-TOT,CA,1988,2.674550595992275,2.0640045775848077,3.1960993695631794,1000,2.7120806400000004
DI.RT-US.IC-Sales to institutions and businesses-TOT,CA,1989,2.3514883362202266,1.814690923166162,2.8100385912274377,1000,2.38448508
DI.RT-US.IC-Sales to institutions and businesses-TOT,CA,1990,2.034759602632599,1.5702649785020026,2.431546403695501,1000,2.06331192
DI.RT-US.IC-Sales to institutions and businesses-TOT,CA,1991,1.7309669069335663,1.3358220348915082,2.0685128366145435,1000,1.75525632
DI.RT-US.IC-Sales to institutions and businesses-TOT,CA,1992,1.6609041669492584,1.2817532069312374,1.9847875635053849,1000,1.6842104399999998
DI.RT-US.IC-Sales to institutions and businesses-TOT,CA,1993,1.475573143839339,1.138729522638052,1.7633162004249072,1000,1.4962788
DI.RT-US.IC-Sales to institutions and businesses-TOT,CA,1994,1.535133141252766,1.184693172563562,1.8344906513661186,1000,1.5566745599999998
DI.RT-US.IC-Sales to institutions and businesses-TOT,CA,1995,1.4011837960293838,1.08132176425301,1.674420612510481,1000,1.4208455999999998
DI.RT-US.IC-Sales to institutions and businesses-TOT,CA,1996,1.3797324079230693,1.064767295882388,1.6487861122301037,1000,1.3990932
DI.RT-US.IC-Sales to institutions and businesses-TOT,CA,1997,1.395794500140656,1.077162736040584,1.6679803809373102,1000,1.41538068
DI.RT-US.IC-Sales to institutions and businesses-TOT,CA,1998,1.3676881759635813,1.0554725194309247,1.6343932036680915,1000,1.38687996
DI.RT-US.IC-Sales to institutions and businesses-TOT,CA,1999,1.2635267581885863,0.9750890548528127,1.5099198651631764,1000,1.2812569200000001
DI.RT-US.IC-Sales to institutions and businesses-TOT,CA,2000,1.3578747605605679,1.0478993090590916,1.6226661304058276,1000,1.37692884
DI.RT-US.IC-Sales to institutions and businesses-TOT,CA,2001,1.2424835227693056,0.9588495661335964,1.4847731090846361,1000,1.2599184
DI.RT-US.IC-Sales to institutions and businesses-TOT,CA,2002,1.332225399586799,1.0281051804524712,1.5920150346438693,1000,1.3509195600000001
DI.RT-US.IC-Sales to institutions and businesses-TOT,CA,2003,1.2508600608380287,0.9653139093186027,1.4947831078039293,1000,1.26841248
DI.RT-US.IC-Sales to institutions and businesses-TOT,CA,2004,1.4073440732912714,1.0860757743236287,1.6817821701129267,1000,1.4270923199999999
DI.RT-US.IC-Sales to institutions and businesses-TOT,CA,2005,1.4171148865002192,1.0936161077240192,1.6934583335715776,1000,1.43700024
DI.RT-US.IC-Sales to institutions and businesses-TOT,CA,2006,1.5948293473477753,1.2307619374727683,1.9058278722627706,1000,1.61720844
DI.RT-US.IC-Sales to institutions and businesses-TOT,CA,2007,1.74678959848839,1.3480327247351798,2.087421020508669,1000,1.77130104
DI.RT-US.IC-Sales to institutions and businesses-TOT,CA,2008,1.7416225440453714,1.3440452047237799,2.081246368411013,1000,1.7660614799999999
DI.RT-US.IC-Sales to institutions and businesses-TOT,CA,2009,1.588967403783775,1.2262381575271692,1.8988228247017371,1000,1.61126424
DI.RT-US.IC-Sales to institutions and businesses-TOT,CA,2010,1.6631849227443318,1.2835133121273923,1.9875130764082576,1000,1.6865232000000001
DI.RT-US.IC-Sales to institutions and businesses-TOT,CA,2011,1.7052336433053739,1.3159631569161299,2.0377614768226917,1000,1.7291619599999999
DI.RT-US.IC-Sales to institutions and businesses-TOT,CA,2012,1.761656107465297,1.3595055092198034,2.105186562143924,1000,1.78637616
DI.RT-US.IC-Sales to institutions and businesses-TOT,CA,2013,1.6833617952115172,1.2990842111023524,2.0116245250638785,1000,1.7069832
DI.RT-US.IC-Sales to institutions and businesses-TOT,CA,2014,1.7420004018388475,1.3443368051954927,2.081697910085836,1000,1.7664446399999998
DI.RT-US.IC-Sales to institutions and businesses-TOT,CA,2015,1.7741979567193567,1.369184306962702,2.120174125495361,1000,1.799094
DI.RT-US.IC-Sales to institutions and businesses-TOT,CA,2016,1.6955283901395157,1.308473417521793,2.0261636578951565,1000,1.7193205199999997
DI.RT-US.IC-Sales to institutions and businesses-TOT,CA,2017,1.7277685472140905,1.3333537962604454,2.064690783108295,1000,1.75201308
DI.RT-US.IC-Sales to institutions and businesses-TOT,CA,2018,1.7406025765157838,1.3432580752324883,2.0800275028628437,1000,1.7650272
DI.RT-US.IC-Sales to institutions and businesses-TOT,CA,2019,1.7013563702876913,1.3129709872151587,2.033128119029421,1000,1.72523028
DI.RT-US.IC-Sales to institutions and businesses-TOT,CA,2020,1.6933628969472752,1.3068022627983749,2.0235758842942815,1000,1.71712464
DI.RT-US.IC-Sales to institutions and businesses-TOT,CA,2021,1.8604476370177498,1.43574492287248,2.223242861319536,1000,1.8865539599999999
DI.RT-US.IC-Sales to institutions and businesses-TOT,CA,2022,1.8454288251970583,1.4241546032149486,2.2052953171363647,1000,1.8713244
DI.RT-US.IC-Sales to institutions and businesses-TOT,CA,2023,1.693573659468472,1.3069649124820957,2.0238277464060452,1000,1.7173383599999998
DI.RT-US.IC-Sales to institutions and businesses-TOT,CA,2024,1.9313156768093251,1.4904352169179387,2.3079304711331026,1000,1.9584164399999997
DI.RT-US.IC-Sales to institutions and businesses-TOT,CA,2025,1.7493168553119043,1.3499830597410991,2.0904411031918912,1000,1.7738637599999998
DI.RT-US.IC-Sales to institutions and businesses-TOT,CL,1988,3.4931190932808716,2.695710378178778,4.174292215138316,1000,3.54213552
DI.RT-US.IC-Sales to institutions and businesses-TOT,CL,1989,3.4859477239464938,2.6901760879859187,4.165722398196789,1000,3.5348635200000005
DI.RT-US.IC-Sales to institutions and businesses-TOT,CL,1990,3.80034801094958,2.9328051235108914,4.54143208212903,1000,3.8536755600000006
DI.RT-US.IC-Sales to institutions and businesses-TOT,CL,1991,4.0795440932259766,3.1482663650090843,4.875072591261756,1000,4.1367894
DI.RT-US.IC-Sales to institutions and businesses-TOT,CL,1992,4.376947524870019,3.3777785848274546,5.2304709605458495,1000,4.43836608
DI.RT-US.IC-Sales to institutions and businesses-TOT,CL,1993,4.624713128437943,3.5689842926942483,5.526551913566327,1000,4.6896084
DI.RT-US.IC-Sales to institutions and businesses-TOT,CL,1994,4.992644492357604,3.8529243387360608,5.966231462731808,1000,5.06270268
DI.RT-US.IC-Sales to institutions and businesses-TOT,CL,1995,4.984447593540525,3.8465986267806382,5.9564361336844165,1000,5.0543907599999995
DI.RT-US.IC-Sales to institutions and businesses-TOT,CL,1996,4.942689514614553,3.814373075997077,5.90653505126352,1000,5.01204672
DI.RT-US.IC-Sales to institutions and businesses-TOT,CL,1997,5.285941664190862,4.079267675131957,6.3167228340282096,1000,5.36011548
DI.RT-US.IC-Sales to institutions and businesses-TOT,CL,1998,5.517068744187605,4.25763309915195,6.592920680415373,1000,5.594485799999999
DI.RT-US.IC-Sales to institutions and businesses-TOT,CL,1999,5.513689325143352,4.255025133392255,6.5888822602437696,1000,5.591058960000001
DI.RT-US.IC-Sales to institutions and businesses-TOT,CL,2000,5.846317789253405,4.511721220423445,6.986374693564697,1000,5.928354959999999
DI.RT-US.IC-Sales to institutions and businesses-TOT,CL,2001,5.6257115577600185,4.341474947151075,6.722749306012017,1000,5.70465312
DI.RT-US.IC-Sales to institutions and businesses-TOT,CL,2002,6.019237254819449,4.645166655711394,7.193014192443122,1000,6.103700880000001
DI.RT-US.IC-Sales to institutions and businesses-TOT,CL,2003,6.437870909969728,4.9682346813662495,7.693283195881936,1000,6.52820892
DI.RT-US.IC-Sales to institutions and businesses-TOT,CL,2004,6.582647602814886,5.079961771968971,7.866291961325828,1000,6.67501716
DI.RT-US.IC-Sales to institutions and businesses-TOT,CL,2005,6.939456835597724,5.355318645341214,8.292680516345277,1000,7.03683324
DI.RT-US.IC-Sales to institutions and businesses-TOT,CL,2006,7.265850113587991,5.607202913626998,8.682721875659073,1000,7.36780656
DI.RT-US.IC-Sales to institutions and businesses-TOT,CL,2007,7.635594437544,5.89254205745354,9.124567919800532,1000,7.742739240000001
DI.RT-US.IC-Sales to institutions and businesses-TOT,CL,2008,7.911735824166465,6.105645928774368,9.454558054598081,1000,8.02275552
DI.RT-US.IC-Sales to institutions and businesses-TOT,CL,2009,7.271490052385138,5.6115553680214125,8.689461626576835,1000,7.3735256399999995
DI.RT-US.IC-Sales to institutions and businesses-TOT,CL,2010,8.081094219666333,6.236343214549387,9.656942059558938,1000,8.1944904
DI.RT-US.IC-Sales to institutions and businesses-TOT,CL,2011,8.102208932100105,6.252637863520691,9.682174230974653,1000,8.2159014
DI.RT-US.IC-Sales to institutions and businesses-TOT,CL,2012,7.044269593584211,5.436204762282717,8.417932209180988,1000,7.14311676
DI.RT-US.IC-Sales to institutions and businesses-TOT,CL,2013,7.318758251755786,5.648033189761409,8.745947326430594,1000,7.42145712
DI.RT-US.IC-Sales to institutions and businesses-TOT,CL,2014,7.366497205370858,5.684874302035847,8.802995579614276,1000,7.469865960000001
DI.RT-US.IC-Sales to institutions and businesses-TOT,CL,2015,7.111588870610121,5.488156404606996,8.498379032353585,1000,7.2113806799999995
DI.RT-US.IC-Sales to institutions and businesses-TOT,CL,2016,6.986630481765431,5.391723498469592,8.349053224718238,1000,7.08466884
DI.RT-US.IC-Sales to institutions and businesses-TOT,CL,2017,6.895593143230059,5.321468150244096,8.240263216880804,1000,6.9923540399999995
DI.RT-US.IC-Sales to institutions and businesses-TOT,CL,2018,6.76195514904164,5.218337017799838,8.080565243839905,1000,6.8568408
DI.RT-US.IC-Sales to institutions and businesses-TOT,CL,2019,6.451793780348082,4.978979240933416,7.709921085367163,1000,6.54232716
DI.RT-US.IC-Sales to institutions and businesses-TOT,CL,2020,6.127263519972189,4.728532700873807,7.3221060400485865,1000,6.213243
DI.RT-US.IC-Sales to institutions and businesses-TOT,CL,2021,6.65971935043841,5.139439592330937,7.9583930284583,1000,6.7531704
DI.RT-US.IC-Sales to institutions and businesses-TOT,CL,2022,7.185646276324649,5.545307996589546,8.586877948048194,1000,7.286477279999999
DI.RT-US.IC-Sales to institutions and businesses-TOT,CL,2023,5.687586629402629,4.389225186499735,6.796690280531233,1000,5.76739644
DI.RT-US.IC-Sales to institutions and businesses-TOT,CL,2024,5.969795160157176,4.607011195178612,7.133930678443886,1000,6.053564999999999
DI.RT-US.IC-Sales to institutions and businesses-TOT,CL,2025,6.07893795781272,4.691238890967586,7.264356787152377,1000,6.16423932
DI.RT-US.IC-Sales to institutions and businesses-TOT,FW,1988,1.3489582396820634,1.0410182502610485,1.6120108499257393,1000,1.3678872
DI.RT-US.IC-Sales to institutions and businesses-TOT,FW,1989,1.2806000608180914,0.9882648664581698,1.5303225346255867,1000,1.2985697999999997
DI.RT-US.IC-Sales to institutions and businesses-TOT,FW,1990,1.3323091839017946,1.0281698384963087,1.5921151572576417,1000,1.35100452
DI.RT-US.IC-Sales to institutions and businesses-TOT,FW,1991,1.336918741299694,1.0317271268064123,1.597623598008573,1000,1.35567876
DI.RT-US.IC-Sales to institutions and businesses-TOT,FW,1992,1.3375375381684969,1.0322046648166179,1.5983630629060523,1000,1.3563062399999999
DI.RT-US.IC-Sales to institutions and businesses-TOT,FW,1993,1.3403462061517,1.0343721704839004,1.601719433125363,1000,1.3591543199999998
DI.RT-US.IC-Sales to institutions and businesses-TOT,FW,1994,1.5173653045205633,1.1709813749987679,1.8132580106886942,1000,1.5386573999999997
DI.RT-US.IC-Sales to institutions and businesses-TOT,FW,1995,1.4709135288634125,1.1351336038865034,1.757747940654731,1000,1.4915538
DI.RT-US.IC-Sales to institutions and businesses-TOT,FW,1996,1.4040593257893847,1.0835408685004735,1.6778568828382403,1000,1.42376148
DI.RT-US.IC-Sales to institutions and businesses-TOT,FW,1997,1.554948605106961,1.1999851652307831,1.8581702151877553,1000,1.5767680800000001
DI.RT-US.IC-Sales to institutions and businesses-TOT,FW,1998,1.544799815765109,1.1921531400337593,1.8460423686381597,1000,1.56647688
DI.RT-US.IC-Sales to institutions and businesses-TOT,FW,1999,1.6052094902712895,1.2387725028897105,1.918232187329209,1000,1.62773424
DI.RT-US.IC-Sales to institutions and businesses-TOT,FW,2000,1.6547690959855261,1.2770186490687219,1.9774561275367435,1000,1.6779892799999998
DI.RT-US.IC-Sales to institutions and businesses-TOT,FW,2001,1.578392710840695,1.2180774539406387,1.8861860215321329,1000,1.6005411600000001
DI.RT-US.IC-Sales to institutions and businesses-TOT,FW,2002,1.6891012574675788,1.3035134697550537,2.018483206939524,1000,1.7128032
DI.RT-US.IC-Sales to institutions and businesses-TOT,FW,2003,1.8310051423595781,1.413023556583488,2.188058954626443,1000,1.8566983200000002
DI.RT-US.IC-Sales to institutions and businesses-TOT,FW,2004,2.026985175573337,1.5642652965133872,2.422255930200606,1000,2.0554284
DI.RT-US.IC-Sales to institutions and businesses-TOT,FW,2005,2.187545626301519,1.6881730310608793,2.6141263536347656,1000,2.21824188
DI.RT-US.IC-Sales to institutions and businesses-TOT,FW,2006,2.2797986657803238,1.759366560196462,2.7243691292847454,1000,2.3117894399999996
DI.RT-US.IC-Sales to institutions and businesses-TOT,FW,2007,2.3978286361362393,1.8504526662031517,2.8654154472752804,1000,2.43147564
DI.RT-US.IC-Sales to institutions and businesses-TOT,FW,2008,2.3690362982952795,1.8282330390283439,2.83100848075177,1000,2.4022792799999997
DI.RT-US.IC-Sales to institutions and businesses-TOT,FW,2009,2.1128233896807123,1.6305083756739804,2.524832962171552,1000,2.14247112
DI.RT-US.IC-Sales to institutions and businesses-TOT,FW,2010,2.3224699700718636,1.7922968653928661,2.775361519912536,1000,2.3550595199999997
DI.RT-US.IC-Sales to institutions and businesses-TOT,FW,2011,2.5805656589852743,1.9914745082351573,3.0837869689802084,1000,2.61677688
DI.RT-US.IC-Sales to institutions and businesses-TOT,FW,2012,2.1692066834899806,1.6740204994289105,2.592211238756684,1000,2.1996455999999998
DI.RT-US.IC-Sales to institutions and businesses-TOT,FW,2013,2.204660702749094,1.701381080363234,2.6345789429879414,1000,2.23559712
DI.RT-US.IC-Sales to institutions and businesses-TOT,FW,2014,2.0565338206983883,1.5870685812562237,2.457566687154369,1000,2.08539168
DI.RT-US.IC-Sales to institutions and businesses-TOT,FW,2015,2.1354234986142355,1.6479493350495873,2.551840188739907,1000,2.16538836
DI.RT-US.IC-Sales to institutions and businesses-TOT,FW,2016,2.09313194554702,1.615312091523626,2.5013016024448778,1000,2.12250336
DI.RT-US.IC-Sales to institutions and businesses-TOT,FW,2017,1.9956927989772941,1.5401163390644153,2.3848614067017366,1000,2.02369692
DI.RT-US.IC-Sales to institutions and businesses-TOT,FW,2018,2.117671046007667,1.6342494097244809,2.5306259321582316,1000,2.1473868
DI.RT-US.IC-Sales to institutions and businesses-TOT,FW,2019,2.081282263607098,1.6061674532417514,2.487141181986032,1000,2.1104874000000002
DI.RT-US.IC-Sales to institutions and businesses-TOT,FW,2020,1.6734503947621528,1.2914353836962011,1.9997803592533043,1000,1.69693272
DI.RT-US.IC-Sales to institutions and businesses-TOT,FW,2021,1.9234666959104487,1.4843780002292986,2.298550905481885,1000,1.9504573200000002
DI.RT-US.IC-Sales to institutions and businesses-TOT,FW,2022,2.1728113024656435,1.6768022565126486,2.5965187738068325,1000,2.2033008
DI.RT-US.IC-Sales to institutions and businesses-TOT,FW,2023,1.7497541194982167,1.3503205053229903,2.0909636357595307,1000,1.7743071599999998
DI.RT-US.IC-Sales to institutions and businesses-TOT,FW,2024,1.7689527982538844,1.3651365125036572,2.1139061387577476,1000,1.7937752399999998
DI.RT-US.IC-Sales to institutions and businesses-TOT,FW,2025,1.7356143329484128,1.3394085471762276,2.074066530524242,1000,1.75996896
DI.RT-US.IC-Sales to institutions and businesses-TOT,HT,1988,0.688588966515562,0.5313979780723568,0.8228667519195086,1000,0.69825144
DI.RT-US.IC-Sales to institutions and businesses-TOT,HT,1989,0.6461015616950724,0.49860959180267994,0.7720941219439811,1000,0.6551678400000001
DI.RT-US.IC-Sales to institutions and businesses-TOT,HT,1990,0.7983852344923018,0.6161299700732941,0.9540737604489752,1000,0.8095884
DI.RT-US.IC-Sales to institutions and businesses-TOT,HT,1991,0.7726656982377529,0.596281685788714,0.923338804927177,1000,0.78350796
DI.RT-US.IC-Sales to institutions and businesses-TOT,HT,1992,0.7590210438545333,0.5857518311100519,0.907033384742768,1000,0.76967184
DI.RT-US.IC-Sales to institutions and businesses-TOT,HT,1993,0.866988020953867,0.6690721224872065,1.036054382871539,1000,0.87915384
DI.RT-US.IC-Sales to institutions and businesses-TOT,HT,1994,0.8592154873254522,0.6630739016973215,1.0267661720345818,1000,0.8712722399999999
DI.RT-US.IC-Sales to institutions and businesses-TOT,HT,1995,0.8874737593280277,0.6848813795051265,1.0605349276033542,1000,0.89992704
DI.RT-US.IC-Sales to institutions and businesses-TOT,HT,1996,0.9496485847416599,0.7328629448778549,1.134834109157437,1000,0.9629743199999998
DI.RT-US.IC-Sales to institutions and businesses-TOT,HT,1997,1.0494215031701852,0.8098597160976827,1.254063172225724,1000,1.06414728
DI.RT-US.IC-Sales to institutions and businesses-TOT,HT,1998,1.0818069810622948,0.8348522418389229,1.2927639564356308,1000,1.0969872
DI.RT-US.IC-Sales to institutions and businesses-TOT,HT,1999,1.1475986144126695,0.8856249707622185,1.3713852389003394,1000,1.16370204
DI.RT-US.IC-Sales to institutions and businesses-TOT,HT,2000,1.3433448089167794,1.0366862526488654,1.6053027762191152,1000,1.3621949999999998
DI.RT-US.IC-Sales to institutions and businesses-TOT,HT,2001,1.3032960246882621,1.0057797990195227,1.557444308252071,1000,1.32158424
DI.RT-US.IC-Sales to institutions and businesses-TOT,HT,2002,1.550551940339962,1.1965921704529725,1.8529161820387683,1000,1.5723097199999998
DI.RT-US.IC-Sales to institutions and businesses-TOT,HT,2003,1.7303328442785566,1.3353327159665356,2.067755129037436,1000,1.7546133599999998
DI.RT-US.IC-Sales to institutions and businesses-TOT,HT,2004,2.0463204180288708,1.579186692652512,2.4453616274026273,1000,2.07503496
DI.RT-US.IC-Sales to institutions and businesses-TOT,HT,2005,2.1200301425040506,1.636069972018122,2.5334450625333034,1000,2.149779
DI.RT-US.IC-Sales to institutions and businesses-TOT,HT,2006,2.0370181106152163,1.5720079146130708,2.434245330367598,1000,2.06560212
DI.RT-US.IC-Sales to institutions and businesses-TOT,HT,2007,2.137279889220644,1.6493819490802044,2.554058583432345,1000,2.1672708
DI.RT-US.IC-Sales to institutions and businesses-TOT,HT,2008,2.128096867950374,1.6422952265608033,2.5430848338474337,1000,2.15795892
DI.RT-US.IC-Sales to institutions and businesses-TOT,HT,2009,1.9469432266474436,1.5024953119674187,2.3266054598434565,1000,1.9742632800000002
DI.RT-US.IC-Sales to institutions and businesses-TOT,HT,2010,2.1211014693453727,1.6368967365249858,2.5347253026780505,1000,2.1508653599999996
DI.RT-US.IC-Sales to institutions and businesses-TOT,HT,2011,2.200011856661112,1.697793472179467,2.6290235520847896,1000,2.23088304
DI.RT-US.IC-Sales to institutions and businesses-TOT,HT,2012,1.86661063608648,1.4405010334162742,2.2306076714927685,1000,1.89280344
DI.RT-US.IC-Sales to institutions and businesses-TOT,HT,2013,2.1219873583030813,1.6375803948811534,2.53578394376096,1000,2.15176368
DI.RT-US.IC-Sales to institutions and businesses-TOT,HT,2014,2.094105760699703,1.6160636042958547,2.502465315705799,1000,2.12349084
DI.RT-US.IC-Sales to institutions and businesses-TOT,HT,2015,2.018060725953159,1.5573781189456595,2.411591174840401,1000,2.04637872
DI.RT-US.IC-Sales to institutions and businesses-TOT,HT,2016,1.9931035322935284,1.5381181498000627,2.381767221971034,1000,2.02107132
DI.RT-US.IC-Sales to institutions and businesses-TOT,HT,2017,2.119682342925276,1.6358015680762603,2.533029440553251,1000,2.14942632
DI.RT-US.IC-Sales to institutions and businesses-TOT,HT,2018,1.9994279463419962,1.5429988275356568,2.3893249237335104,1000,2.0274844799999996
DI.RT-US.IC-Sales to institutions and businesses-TOT,HT,2019,2.080000174244579,1.6051780390511665,2.485609079729522,1000,2.10918732
DI.RT-US.IC-Sales to institutions and businesses-TOT,HT,2020,1.9618732838971649,1.5140171379344445,2.3444469419357676,1000,1.98940284
DI.RT-US.IC-Sales to institutions and businesses-TOT,HT,2021,2.1956644210961445,1.6944384685686573,2.6238283480422,1000,2.2264746
DI.RT-US.IC-Sales to institutions and businesses-TOT,HT,2022,1.847504853781761,1.425756716298337,2.2077761801496525,1000,1.8734295600000002
DI.RT-US.IC-Sales to institutions and businesses-TOT,HT,2023,1.6723303120765112,1.290570993322019,1.998441855666645,1000,1.69579692
DI.RT-US.IC-Sales to institutions and businesses-TOT,HT,2024,1.9277276253535773,1.4876662453230955,2.3036427343399155,1000,1.9547780399999999
DI.RT-US.IC-Sales to institutions and businesses-TOT,HT,2025,1.6092514917726923,1.2418917968802603,1.9230623963631173,1000,1.6318329599999999
DI.RT-US.IC-Sales to institutions and businesses-TOT,OM,1988,0.09536015949932367,0.07359135625280576,0.11395579732682425,1000,0.09669828
DI.RT-US.IC-Sales to institutions and businesses-TOT,OM,1989,0.10271578332303527,0.07926783934715528,0.12274579916897914,1000,0.10415711999999999
DI.RT-US.IC-Sales to institutions and businesses-TOT,OM,1990,0.08930283753976156,0.06891679886317345,0.10671727174977676,1000,0.09055595999999998
DI.RT-US.IC-Sales to institutions and businesses-TOT,OM,1991,0.014790653403584401,0.011414245210471503,0.01767489390159968,1000,0.014998200000000014
DI.RT-US.IC-Sales to institutions and businesses-TOT,OM,1992,0.0711960766858812,0.054943446725568036,0.08507961530138647,1000,0.07219511999999999
DI.RT-US.IC-Sales to institutions and businesses-TOT,OM,1993,0.08326752671380003,0.06425922790878656,0.0995050495712627,1000,0.08443596
DI.RT-US.IC-Sales to institutions and businesses-TOT,OM,1994,0.0852459252704358,0.06578599793261872,0.10186924428460382,1000,0.08644212
DI.RT-US.IC-Sales to institutions and businesses-TOT,OM,1995,0.12079414271420524,0.09321927350379888,0.14434951574829408,1000,0.12248915999999999
DI.RT-US.IC-Sales to institutions and businesses-TOT,OM,1996,0.13414294852752462,0.10352081588077529,0.16030139562983456,1000,0.13602527999999997
DI.RT-US.IC-Sales to institutions and businesses-TOT,OM,1997,0.17036972425121694,0.13147774854710162,0.20359254713218367,1000,0.1727604
DI.RT-US.IC-Sales to institutions and businesses-TOT,OM,1998,0.21055294206989678,0.16248794728633026,0.25161166381285144,1000,0.21350748
DI.RT-US.IC-Sales to institutions and businesses-TOT,OM,1999,0.2698538944755196,0.20825168696048435,0.32247655486487137,1000,0.27364056
DI.RT-US.IC-Sales to institutions and businesses-TOT,OM,2000,0.3199812927651089,0.24693601010889116,0.38237900962167093,1000,0.32447136000000004
DI.RT-US.IC-Sales to institutions and businesses-TOT,OM,2001,0.3199786892976938,0.24693400096063634,0.38237589846700576,1000,0.32446872
DI.RT-US.IC-Sales to institutions and businesses-TOT,OM,2002,0.3738636011038699,0.288518072990292,0.4467685979024754,1000,0.37910975999999996
DI.RT-US.IC-Sales to institutions and businesses-TOT,OM,2003,0.4098767741600943,0.3163101641748013,0.48980449330615355,1000,0.41562828
DI.RT-US.IC-Sales to institutions and businesses-TOT,OM,2004,0.4757965691109496,0.36718179798718714,0.5685789294300649,1000,0.48247308
DI.RT-US.IC-Sales to institutions and businesses-TOT,OM,2005,0.48850137175731057,0.37698635014585424,0.5837612227803217,1000,0.49535616
DI.RT-US.IC-Sales to institutions and businesses-TOT,OM,2006,0.4699445660588981,0.3626656893349246,0.5615857608232081,1000,0.47653896
DI.RT-US.IC-Sales to institutions and businesses-TOT,OM,2007,0.5502213004098644,0.42461686252351083,0.6575168007647143,1000,0.5579421600000001
DI.RT-US.IC-Sales to institutions and businesses-TOT,OM,2008,0.522714483774835,0.4033892979619874,0.6246460375652277,1000,0.53004936
DI.RT-US.IC-Sales to institutions and businesses-TOT,OM,2009,0.519789014776235,0.4011316545979992,0.6211500896343444,1000,0.52708284
DI.RT-US.IC-Sales to institutions and businesses-TOT,OM,2010,0.5546896788702071,0.4280652002032498,0.6628565320831165,1000,0.56247324
DI.RT-US.IC-Sales to institutions and businesses-TOT,OM,2011,0.5999491847906604,0.4629928727397213,0.7169418346965204,1000,0.60836784
DI.RT-US.IC-Sales to institutions and businesses-TOT,OM,2012,0.6568689112268716,0.5069189723600681,0.7849611505588135,1000,0.6660862799999999
DI.RT-US.IC-Sales to institutions and businesses-TOT,OM,2013,0.6741038655149705,0.5202195338070663,0.8055569944427114,1000,0.68356308
DI.RT-US.IC-Sales to institutions and businesses-TOT,OM,2014,0.6816438621674439,0.5260383011278263,0.8145673226016139,1000,0.69120888
DI.RT-US.IC-Sales to institutions and businesses-TOT,OM,2015,0.6449586394998343,0.49772757571880794,0.77072832504594,1000,0.65400888
DI.RT-US.IC-Sales to institutions and businesses-TOT,OM,2016,0.6795622716296268,0.5244318957731662,0.8120798130306321,1000,0.6890980799999998
DI.RT-US.IC-Sales to institutions and businesses-TOT,OM,2017,0.7029993953371108,0.542518796312702,0.8400872758238619,1000,0.7128640799999999
DI.RT-US.IC-Sales to institutions and businesses-TOT,OM,2018,0.7645279691346533,0.5900016362936282,0.9136141839403592,1000,0.77525604
DI.RT-US.IC-Sales to institutions and businesses-TOT,OM,2019,0.7949545744757405,0.6134824606229474,0.9499741070969139,1000,0.8061096
DI.RT-US.IC-Sales to institutions and businesses-TOT,OM,2020,1.1363233520560658,0.8769236236452963,1.3579112522935426,1000,1.15226856
DI.RT-US.IC-Sales to institutions and businesses-TOT,OM,2021,1.234923763432363,0.9530155475510838,1.475739164433502,1000,1.2522525599999998
DI.RT-US.IC-Sales to institutions and businesses-TOT,OM,2022,1.1363087963064267,0.8769123906800534,1.3578938581106417,1000,1.1522538000000002
DI.RT-US.IC-Sales to institutions and businesses-TOT,OM,2023,0.9424251460589796,0.7272884717198983,1.1262020691226036,1000,0.9556495199999999
DI.RT-US.IC-Sales to institutions and businesses-TOT,OM,2024,1.0953737681019167,0.8453220047197813,1.3089763248123245,1000,1.1107443599999998
DI.RT-US.IC-Sales to institutions and businesses-TOT,OM,2025,1.1964293675901008,0.9233086467547975,1.4297381972177279,1000,1.2132180000000001
DI.RT-US.IC-Sales to institutions and businesses-TOT,SA,1988,2.322591590478895,2.23966720485065,2.4033174963346853,1000,2.322393
DI.RT-US.IC-Sales to institutions and businesses-TOT,SA,1989,2.7339177604422282,2.636307637520844,2.828940057367632,1000,2.7336840000000002
DI.RT-US.IC-Sales to institutions and businesses-TOT,SA,1990,2.753816461857432,2.655495887905216,2.8495303744347993,1000,2.7535809999999996
DI.RT-US.IC-Sales to institutions and businesses-TOT,SA,1991,2.3342325858285946,2.2508925772421713,2.4153630957045316,1000,2.3340330000000002
DI.RT-US.IC-Sales to institutions and businesses-TOT,SA,1992,2.6996648316855962,2.603277654324144,2.793496605613574,1000,2.699434
DI.RT-US.IC-Sales to institutions and businesses-TOT,SA,1993,2.911607953634482,2.8076536890383257,3.0128061972333935,1000,2.911359
DI.RT-US.IC-Sales to institutions and businesses-TOT,SA,1994,3.694004851566638,3.5621163679952508,3.822396726014489,1000,3.693689
DI.RT-US.IC-Sales to institutions and businesses-TOT,SA,1995,4.836838568227639,4.664147050572322,5.004951712397721,1000,4.836425
DI.RT-US.IC-Sales to institutions and businesses-TOT,SA,1996,5.209650445071361,5.023648280822424,5.390721345824812,1000,5.209205
DI.RT-US.IC-Sales to institutions and businesses-TOT,SA,1997,5.754554036415961,5.549096968548107,5.9545640550908265,1000,5.754062
DI.RT-US.IC-Sales to institutions and businesses-TOT,SA,1998,6.004063370419895,5.789697974322659,6.212745540965762,1000,6.00355
DI.RT-US.IC-Sales to institutions and businesses-TOT,SA,1999,6.024853148025527,5.809745486459681,6.234257905201189,1000,6.024338
DI.RT-US.IC-Sales to institutions and businesses-TOT,SA,2000,6.465498824919026,6.2346586203671785,6.690219026090303,1000,6.464946
DI.RT-US.IC-Sales to institutions and businesses-TOT,SA,2001,5.99176031846182,5.777834182985847,6.200014874002888,1000,5.991248
DI.RT-US.IC-Sales to institutions and businesses-TOT,SA,2002,5.532781073978055,5.335242051940775,5.725082968951574,1000,5.5323080000000004
DI.RT-US.IC-Sales to institutions and businesses-TOT,SA,2003,5.37400549805804,5.182135301801371,5.560788858371198,1000,5.373546
DI.RT-US.IC-Sales to institutions and businesses-TOT,SA,2004,6.5679765871602935,6.333477579438206,6.796258589821299,1000,6.5674150000000004
DI.RT-US.IC-Sales to institutions and businesses-TOT,SA,2005,6.869400360047637,6.624139502811028,7.1081588955664,1000,6.868813
DI.RT-US.IC-Sales to institutions and businesses-TOT,SA,2006,7.0029527792911255,6.752923648389731,7.246353172666801,1000,7.002354
DI.RT-US.IC-Sales to institutions and businesses-TOT,SA,2007,7.665395420674798,7.391714844002275,7.93182021598253,1000,7.66474
DI.RT-US.IC-Sales to institutions and businesses-TOT,SA,2008,7.715610714274778,7.440137281558173,7.983780833676632,1000,7.714951
DI.RT-US.IC-Sales to institutions and businesses-TOT,SA,2009,5.945215338687733,5.73295101662212,6.15185213858433,1000,5.944707
DI.RT-US.IC-Sales to institutions and businesses-TOT,SA,2010,8.455031937622117,8.15315866305733,8.748901989938737,1000,8.454309
DI.RT-US.IC-Sales to institutions and businesses-TOT,SA,2011,10.692034209886408,10.3102923782163,11.063655355236465,1000,10.69112
DI.RT-US.IC-Sales to institutions and businesses-TOT,SA,2012,9.699058306642565,9.352769077598632,10.036166763833874,1000,9.698229000000001
DI.RT-US.IC-Sales to institutions and businesses-TOT,SA,2013,8.432843040386395,8.131761984599365,8.725941877119254,1000,8.432122
DI.RT-US.IC-Sales to institutions and businesses-TOT,SA,2014,9.661664109295433,9.31670997973855,9.997472862971508,1000,9.660838
DI.RT-US.IC-Sales to institutions and businesses-TOT,SA,2015,9.234268565339061,8.904573904148515,9.5552224075507,1000,9.233478999999999
DI.RT-US.IC-Sales to institutions and businesses-TOT,SA,2016,8.735107885188611,8.423234950771265,9.03871248776728,1000,8.734361
DI.RT-US.IC-Sales to institutions and businesses-TOT,SA,2017,10.948450134430292,10.55755338585819,11.328983482799385,1000,10.947514
DI.RT-US.IC-Sales to institutions and businesses-TOT,SA,2018,12.533501662408309,12.086013206243058,12.969126366893844,1000,12.53243
DI.RT-US.IC-Sales to institutions and businesses-TOT,SA,2019,10.58527508157194,10.207344912340451,10.953185618747538,1000,10.58437
DI.RT-US.IC-Sales to institutions and businesses-TOT,SA,2020,10.35367627898706,9.984014971356256,10.713537177470077,1000,10.352791
DI.RT-US.IC-Sales to institutions and businesses-TOT,SA,2021,11.915130789329666,11.48972026755058,12.329262886553236,1000,11.914112
DI.RT-US.IC-Sales to institutions and businesses-TOT,SA,2022,13.905477971638826,13.40900531480488,14.388788214481314,1000,13.904289
DI.RT-US.IC-Sales to institutions and businesses-TOT,SA,2023,11.046424511614886,10.652029745970541,11.430363138114366,1000,11.04548
DI.RT-US.IC-Sales to institutions and businesses-TOT,SA,2024,12.096762319521332,11.664866936988593,12.517207351772653,1000,12.095728
DI.RT-US.IC-Sales to institutions and businesses-TOT,SA,2025,13.177536729873893,12.707054040666742,13.635546047494678,1000,13.176409999999999
DI.RT-US.IC-Sales to institutions and businesses-TOT,TA,1988,0.07500991977017707,0.05788666626905786,0.08963717405372282,1000,0.07606248
DI.RT-US.IC-Sales to institutions and businesses-TOT,TA,1989,0.05586851729764215,0.043114860349997466,0.0667631164581414,1000,0.05665247999999999
DI.RT-US.IC-Sales to institutions and businesses-TOT,TA,1990,0.07155275172175274,0.05521870003648024,0.08550584349052456,1000,0.07255679999999999
DI.RT-US.IC-Sales to institutions and businesses-TOT,TA,1991,0.045187318869397766,0.034871964334860076,0.05399903877950408,1000,0.0458214
DI.RT-US.IC-Sales to institutions and businesses-TOT,TA,1992,0.056324242434716246,0.043466552619514015,0.06730770994067976,1000,0.0571146
DI.RT-US.IC-Sales to institutions and businesses-TOT,TA,1993,0.07622408230104699,0.0588236599551757,0.09108810345669445,1000,0.07729368
DI.RT-US.IC-Sales to institutions and businesses-TOT,TA,1994,0.05527019314987624,0.04265312155106844,0.06604811654962046,1000,0.05604575999999999
DI.RT-US.IC-Sales to institutions and businesses-TOT,TA,1995,0.06224133217214572,0.048032889978147336,0.07437865741416767,1000,0.06311472000000001
DI.RT-US.IC-Sales to institutions and businesses-TOT,TA,1996,0.0700926798595819,0.05409193316520132,0.08376105138780875,1000,0.07107623999999998
DI.RT-US.IC-Sales to institutions and businesses-TOT,TA,1997,0.08705438840852098,0.06718162537036265,0.10403036544797739,1000,0.08827595999999999
DI.RT-US.IC-Sales to institutions and businesses-TOT,TA,1998,0.12503211430830985,0.09648980156298524,0.14941390987882242,1000,0.12678659999999997
DI.RT-US.IC-Sales to institutions and businesses-TOT,TA,1999,0.09733441617598086,0.0751149299044143,0.11631504247592525,1000,0.09870024
DI.RT-US.IC-Sales to institutions and businesses-TOT,TA,2000,0.13079157592769658,0.10093449412728044,0.15629649107894206,1000,0.13262688
DI.RT-US.IC-Sales to institutions and businesses-TOT,TA,2001,0.20403918493669285,0.1574611496776573,0.24382769625653875,1000,0.20690232
DI.RT-US.IC-Sales to institutions and businesses-TOT,TA,2002,0.2523285352312069,0.19472701415815158,0.3015336758196779,1000,0.25586928
DI.RT-US.IC-Sales to institutions and businesses-TOT,TA,2003,0.3672144636650797,0.2833867996723677,0.43882285030357016,1000,0.37236732
DI.RT-US.IC-Sales to institutions and businesses-TOT,TA,2004,0.41843780339700676,0.32291688291113874,0.5000349597583151,1000,0.42430944
DI.RT-US.IC-Sales to institutions and businesses-TOT,TA,2005,0.5801389278712954,0.44770489836901,0.6932684931842142,1000,0.5882796
DI.RT-US.IC-Sales to institutions and businesses-TOT,TA,2006,0.48377856352685367,0.37334166388666545,0.5781174468014527,1000,0.49056708000000004
DI.RT-US.IC-Sales to institutions and businesses-TOT,TA,2007,0.36532067779943533,0.28192532696681766,0.4365597681168494,1000,0.37044696000000005
DI.RT-US.IC-Sales to institutions and businesses-TOT,TA,2008,0.5406211326560348,0.4172082196587327,0.6460445593527578,1000,0.5482072800000001
DI.RT-US.IC-Sales to institutions and businesses-TOT,TA,2009,0.4999902367813821,0.3858525387445934,0.5974904654857895,1000,0.5070062399999999
DI.RT-US.IC-Sales to institutions and businesses-TOT,TA,2010,0.6060115953456249,0.4676713571009426,0.7241864411667772,1000,0.6145153199999999
DI.RT-US.IC-Sales to institutions and businesses-TOT,TA,2011,0.6845474383718712,0.5282790493814898,0.8180371085500848,1000,0.6941532
DI.RT-US.IC-Sales to institutions and businesses-TOT,TA,2012,0.6319882831771312,0.4877180904381478,0.7552286939198287,1000,0.6408565199999999
DI.RT-US.IC-Sales to institutions and businesses-TOT,TA,2013,0.6965902502582235,0.5375727299339051,0.8324283201186435,1000,0.706365
DI.RT-US.IC-Sales to institutions and businesses-TOT,TA,2014,0.7219931102035517,0.5571766287307609,0.8627848461002515,1000,0.73212432
DI.RT-US.IC-Sales to institutions and businesses-TOT,TA,2015,0.8411603224621623,0.6491403672251301,1.0051901730150121,1000,0.8529637199999999
DI.RT-US.IC-Sales to institutions and businesses-TOT,TA,2016,0.7302956861297993,0.5635838938403458,0.8727064597438274,1000,0.7405434
DI.RT-US.IC-Sales to institutions and businesses-TOT,TA,2017,0.7295257698114914,0.5629897339064391,0.8717864064596427,1000,0.73976268
DI.RT-US.IC-Sales to institutions and businesses-TOT,TA,2018,0.8177166900861406,0.6310484438149574,0.9771749323351191,1000,0.82919112
DI.RT-US.IC-Sales to institutions and businesses-TOT,TA,2019,0.8368631811540777,0.6458241767056067,1.00005507082391,1000,0.8486062799999999
DI.RT-US.IC-Sales to institutions and businesses-TOT,TA,2020,0.802674802076997,0.6194403157978944,0.9591998120083238,1000,0.81393816
DI.RT-US.IC-Sales to institutions and businesses-TOT,TA,2021,1.085679757181715,0.8378409411929085,1.2973919404162984,1000,1.10091432
DI.RT-US.IC-Sales to institutions and businesses-TOT,TA,2022,0.9147312347883455,0.705916522458789,1.0931077270355833,1000,0.927567
DI.RT-US.IC-Sales to institutions and businesses-TOT,TA,2023,0.6573672385580113,0.5073035416010274,0.7855566538449651,1000,0.6665916000000001
DI.RT-US.IC-Sales to institutions and businesses-TOT,TA,2024,0.5942642770108886,0.4586057148754508,0.7101483456527236,1000,0.60260316
DI.RT-US.IC-Sales to institutions and businesses-TOT,TA,2025,0.6145404362581322,0.47425323545885667,0.7343784424339869,1000,0.62316384
RW.RW-DI.RT-Finished textile products import-TOT,CA,1988,22.845998420388565,22.030318904953848,23.64005275401574,1000,22.844045
RW.RW-DI.RT-Finished textile products import-TOT,CA,1989,20.06640375439592,19.349965182103283,20.763848206955757,1000,20.064688
RW.RW-DI.RT-Finished textile products import-TOT,CA,1990,17.351083584118896,16.731591137794872,17.954152132911293,1000,17.3496
RW.RW-DI.RT-Finished textile products import-TOT,CA,1991,14.75542864567764,14.228609871279197,15.26828047403856,1000,14.754167
RW.RW-DI.RT-Finished textile products import-TOT,CA,1992,14.140460063507902,13.635597750187744,14.631937537431302,1000,14.139251
RW.RW-DI.RT-Finished textile products import-TOT,CA,1993,12.534001705163881,12.086495395778778,12.96964378954719,1000,12.53293
RW.RW-DI.RT-Finished textile products import-TOT,CA,1994,13.027185874299743,12.56207121982512,13.479969473777842,1000,13.026072
RW.RW-DI.RT-Finished textile products import-TOT,CA,1995,11.903718813562019,11.478715737966418,12.317454266758622,1000,11.902701
RW.RW-DI.RT-Finished textile products import-TOT,CA,1996,11.784027579502968,11.363297886317824,12.193602945608914,1000,11.78302
RW.RW-DI.RT-Finished textile products import-TOT,CA,1997,11.96920241266061,11.541861350805938,12.385213867749927,1000,11.968179
RW.RW-DI.RT-Finished textile products import-TOT,CA,1998,12.321715553884673,11.881788579043093,12.749979245987175,1000,12.320662
RW.RW-DI.RT-Finished textile products import-TOT,CA,1999,11.20298589821323,10.803001360845785,11.592366101185734,1000,11.202028
RW.RW-DI.RT-Finished textile products import-TOT,CA,2000,11.784025579331944,11.363295957559682,12.1936008759183,1000,11.783018
RW.RW-DI.RT-Finished textile products import-TOT,CA,2001,10.790949667536985,10.40567621903487,11.166008799985038,1000,10.790027
RW.RW-DI.RT-Finished textile products import-TOT,CA,2002,11.35176261919284,10.946466249028965,11.746313828389843,1000,11.350792
RW.RW-DI.RT-Finished textile products import-TOT,CA,2003,10.627400683472288,10.247966487587503,10.996775372755845,1000,10.626492
RW.RW-DI.RT-Finished textile products import-TOT,CA,2004,11.978538210907125,11.550863829437796,12.394874148687856,1000,11.977514
RW.RW-DI.RT-Finished textile products import-TOT,CA,2005,12.069732008326172,11.638801699445805,12.489237552823495,1000,12.0687
RW.RW-DI.RT-Finished textile products import-TOT,CA,2006,13.561678575473348,13.07748072141715,14.033039443401236,1000,13.560519
RW.RW-DI.RT-Finished textile products import-TOT,CA,2007,14.93184573001421,14.39872826823874,15.450829255828909,1000,14.930569
RW.RW-DI.RT-Finished textile products import-TOT,CA,2008,14.855150172250198,14.324771001629346,15.371468004104324,1000,14.85388
RW.RW-DI.RT-Finished textile products import-TOT,CA,2009,13.561155530751023,13.076976351162788,14.032498219305838,1000,13.559996
RW.RW-DI.RT-Finished textile products import-TOT,CA,2010,14.1357476605794,13.631053596003134,14.627061346346188,1000,14.134539
RW.RW-DI.RT-Finished textile products import-TOT,CA,2011,14.74200349777606,14.215664046624234,15.254388710641583,1000,14.740743
RW.RW-DI.RT-Finished textile products import-TOT,CA,2012,15.122441026642246,14.582518667294037,15.648049039532168,1000,15.121148
RW.RW-DI.RT-Finished textile products import-TOT,CA,2013,14.371803844287445,13.858681774508725,14.871322093155559,1000,14.370575
RW.RW-DI.RT-Finished textile products import-TOT,CA,2014,14.79947541184489,14.271084018722474,15.31385816588101,1000,14.79821
RW.RW-DI.RT-Finished textile products import-TOT,CA,2015,15.082060573958843,14.543579933526647,15.606265090584033,1000,15.080771
RW.RW-DI.RT-Finished textile products import-TOT,CA,2016,14.45815022723398,13.94194529915748,14.960669602089679,1000,14.456914
RW.RW-DI.RT-Finished textile products import-TOT,CA,2017,14.804024800835078,14.27547097911844,15.318565677181136,1000,14.802759
RW.RW-DI.RT-Finished textile products import-TOT,CA,2018,14.855549206369144,14.325155788878849,15.371880907381692,1000,14.854279
RW.RW-DI.RT-Finished textile products import-TOT,CA,2019,14.454408907336797,13.938337557051234,14.95679824579736,1000,14.453173
RW.RW-DI.RT-Finished textile products import-TOT,CA,2020,14.373192963062422,13.860021297038948,14.87275949328655,1000,14.371964
RW.RW-DI.RT-Finished textile products import-TOT,CA,2021,15.820818740612292,15.25596193170144,16.370700144407806,1000,15.819466
RW.RW-DI.RT-Finished textile products import-TOT,CA,2022,15.702216599674877,15.141594288861642,16.247975769797083,1000,15.700874
RW.RW-DI.RT-Finished textile products import-TOT,CA,2023,14.417651764460263,13.902892768659658,14.918763541395355,1000,14.416419
RW.RW-DI.RT-Finished textile products import-TOT,CA,2024,16.447531326939377,15.860298756228769,17.019195269451497,1000,16.446125
RW.RW-DI.RT-Finished textile products import-TOT,CA,2025,15.002071734606638,14.466446966635012,15.523496093264527,1000,15.000789
RW.RW-DI.RT-Finished textile products import-TOT,CL,1988,31.095510785299858,29.98529574007283,32.176291963739516,1000,31.092852
RW.RW-DI.RT-Finished textile products import-TOT,CL,1989,31.146483143631777,30.034448212585808,32.22903595933079,1000,31.14382
RW.RW-DI.RT-Finished textile products import-TOT,CL,1990,33.58275445416224,32.383736386486646,34.74998432167668,1000,33.579883
RW.RW-DI.RT-Finished textile products import-TOT,CL,1991,36.12021341662461,34.830599470456356,37.37563729730793,1000,36.117125
RW.RW-DI.RT-Finished textile products import-TOT,CL,1992,38.58374005759025,37.20616986719105,39.92478829879699,1000,38.580441
RW.RW-DI.RT-Finished textile products import-TOT,CL,1993,40.57811458425277,39.129338468966026,41.98848094877509,1000,40.574645
RW.RW-DI.RT-Finished textile products import-TOT,CL,1994,45.48064076902328,43.85682786570844,47.06140337060669,1000,45.476752
RW.RW-DI.RT-Finished textile products import-TOT,CL,1995,45.250081055284475,43.63449991457947,46.82283013360288,1000,45.246212
RW.RW-DI.RT-Finished textile products import-TOT,CL,1996,43.97561308339036,42.40553476548271,45.504065703417474,1000,43.971853
RW.RW-DI.RT-Finished textile products import-TOT,CL,1997,47.51408063592206,45.81766704277187,49.16551914795464,1000,47.510018
RW.RW-DI.RT-Finished textile products import-TOT,CL,1998,49.78775104345239,48.01015971658506,51.51821511642207,1000,49.783494
RW.RW-DI.RT-Finished textile products import-TOT,CL,1999,49.646157936699325,47.873621963272015,51.37170068305591,1000,49.641913
RW.RW-DI.RT-Finished textile products import-TOT,CL,2000,51.28670420969064,49.45559517833089,53.069267133218474,1000,51.282319
RW.RW-DI.RT-Finished textile products import-TOT,CL,2001,49.61501627396785,47.84359216336655,51.33947663505095,1000,49.610774
RW.RW-DI.RT-Finished textile products import-TOT,CL,2002,53.113231384761576,51.21690914740946,54.95927859083925,1000,53.10869
RW.RW-DI.RT-Finished textile products import-TOT,CL,2003,56.51464921901733,54.496884845507104,58.478918904238526,1000,56.509817
RW.RW-DI.RT-Finished textile products import-TOT,CL,2004,57.74944579885545,55.68759500559812,59.756633090798246,1000,57.744508
RW.RW-DI.RT-Finished textile products import-TOT,CL,2005,61.08494299664423,58.90400365720202,63.2080615758072,1000,61.07972
RW.RW-DI.RT-Finished textile products import-TOT,CL,2006,63.82060990664545,61.54199799371881,66.03881157761623,1000,63.815153
RW.RW-DI.RT-Finished textile products import-TOT,CL,2007,67.2217317155899,64.8216882356113,69.55814557680473,1000,67.215984
RW.RW-DI.RT-Finished textile products import-TOT,CL,2008,69.38556073126043,66.90826122725048,71.79718241554802,1000,69.379628
RW.RW-DI.RT-Finished textile products import-TOT,CL,2009,63.68751652665158,61.41365649813389,65.90109229451159,1000,63.682071
RW.RW-DI.RT-Finished textile products import-TOT,CL,2010,70.86241400787344,68.3323858402757,73.32536642075722,1000,70.856355
RW.RW-DI.RT-Finished textile products import-TOT,CL,2011,71.5226724625008,68.96907083199623,74.00857336192315,1000,71.516557
RW.RW-DI.RT-Finished textile products import-TOT,CL,2012,62.19343277676709,59.9729165980869,64.35507893951346,1000,62.188115
RW.RW-DI.RT-Finished textile products import-TOT,CL,2013,64.4997259736709,62.19686731721035,66.74153156188507,1000,64.494211
RW.RW-DI.RT-Finished textile products import-TOT,CL,2014,64.62918504291727,62.32170425924966,66.87549021714518,1000,64.623659
RW.RW-DI.RT-Finished textile products import-TOT,CL,2015,62.20168748257605,59.98087658294252,64.36362055267486,1000,62.196369
RW.RW-DI.RT-Finished textile products import-TOT,CL,2016,61.41094087071137,59.218362303118184,63.54539010042822,1000,61.40569
RW.RW-DI.RT-Finished textile products import-TOT,CL,2017,61.07608423918653,58.895461187387234,63.19889491608055,1000,61.070862
RW.RW-DI.RT-Finished textile products import-TOT,CL,2018,59.842008721001946,57.70544634460673,61.921926852986964,1000,59.836892
RW.RW-DI.RT-Finished textile products import-TOT,CL,2019,57.524778588948294,55.47094917595805,59.52415716234143,1000,57.51986
RW.RW-DI.RT-Finished textile products import-TOT,CL,2020,54.25055263008516,52.31362417254477,56.136129509892015,1000,54.245914
RW.RW-DI.RT-Finished textile products import-TOT,CL,2021,59.490187638951596,57.366186466687004,61.557877587701945,1000,59.485101
RW.RW-DI.RT-Finished textile products import-TOT,CL,2022,64.18076370117464,61.88929307806173,66.41148317399656,1000,64.175276
RW.RW-DI.RT-Finished textile products import-TOT,CL,2023,52.28331442368197,50.41662303249415,54.100516352465576,1000,52.278844
RW.RW-DI.RT-Finished textile products import-TOT,CL,2024,54.27464268987757,52.33685413561753,56.16105686363951,1000,54.270002
RW.RW-DI.RT-Finished textile products import-TOT,CL,2025,55.2513992063017,53.27873713645465,57.17176233385824,1000,55.246675
RW.RW-DI.RT-Finished textile products import-TOT,FW,1988,12.193738611365804,11.758380846787649,12.617554231471559,1000,12.192696
RW.RW-DI.RT-Finished textile products import-TOT,FW,1989,11.545257163717679,11.133052383012355,11.94653362863719,1000,11.54427
RW.RW-DI.RT-Finished textile products import-TOT,FW,1990,12.092241933010968,11.6605079435857,12.512529850986423,1000,12.091208
RW.RW-DI.RT-Finished textile products import-TOT,FW,1991,12.29058589217934,11.85177035168649,12.717767616125904,1000,12.289535
RW.RW-DI.RT-Finished textile products import-TOT,FW,1992,12.250408456854696,11.813027386870598,12.676193740775027,1000,12.249361
RW.RW-DI.RT-Finished textile products import-TOT,FW,1993,12.333519563172688,11.893171145223258,12.762193525142012,1000,12.332465
RW.RW-DI.RT-Finished textile products import-TOT,FW,1994,13.871261045960594,13.376010049254749,14.353382017158296,1000,13.870075
RW.RW-DI.RT-Finished textile products import-TOT,FW,1995,13.605411314790102,13.119652053831997,14.078292193817388,1000,13.604248
RW.RW-DI.RT-Finished textile products import-TOT,FW,1996,13.444843585634121,12.964817136396581,13.91214364044743,1000,13.443694
RW.RW-DI.RT-Finished textile products import-TOT,FW,1997,14.203746474738516,13.696624622207317,14.697423583283815,1000,14.202532
RW.RW-DI.RT-Finished textile products import-TOT,FW,1998,13.773078650989685,13.28133309829554,14.251787114019525,1000,13.771901
RW.RW-DI.RT-Finished textile products import-TOT,FW,1999,14.15328916044484,13.64796880491613,14.645212533025493,1000,14.152079
RW.RW-DI.RT-Finished textile products import-TOT,FW,2000,14.67296659485638,14.1490919949439,15.182952304275613,1000,14.671712
RW.RW-DI.RT-Finished textile products import-TOT,FW,2001,14.137318794917405,13.632568635524361,14.628687088322996,1000,14.13611
RW.RW-DI.RT-Finished textile products import-TOT,FW,2002,15.142984783212135,14.602328942179488,15.669306831822151,1000,15.14169
RW.RW-DI.RT-Finished textile products import-TOT,FW,2003,16.354000329680794,15.770107132330814,16.922413431834133,1000,16.352602
RW.RW-DI.RT-Finished textile products import-TOT,FW,2004,18.066727774438824,17.421684406870625,18.694669842006892,1000,18.065183
RW.RW-DI.RT-Finished textile products import-TOT,FW,2005,19.394648316732486,18.702193688577523,20.06874468414415,1000,19.39299
RW.RW-DI.RT-Finished textile products import-TOT,FW,2006,20.236418291290153,19.51390962424749,20.939771909092688,1000,20.234688
RW.RW-DI.RT-Finished textile products import-TOT,FW,2007,21.440769267912557,20.675261192266767,22.185982299980903,1000,21.438936
RW.RW-DI.RT-Finished textile products import-TOT,FW,2008,21.12021885962461,20.36615551915272,21.8542905777454,1000,21.118413
RW.RW-DI.RT-Finished textile products import-TOT,FW,2009,18.869863445615543,18.19614541463193,19.525719957912777,1000,18.86825
RW.RW-DI.RT-Finished textile products import-TOT,FW,2010,20.223806212909132,19.501747839777604,20.926721474930048,1000,20.222077
RW.RW-DI.RT-Finished textile products import-TOT,FW,2011,22.398561162788894,21.59885667277222,23.17706399864891,1000,22.396646
RW.RW-DI.RT-Finished textile products import-TOT,FW,2012,18.945187886143778,18.26878051753438,19.603662436721887,1000,18.943568
RW.RW-DI.RT-Finished textile products import-TOT,FW,2013,19.18502639325496,18.50005597768814,19.85183696848115,1000,19.183386
RW.RW-DI.RT-Finished textile products import-TOT,FW,2014,17.960672706324196,17.319415863861067,18.584928636613874,1000,17.959137
RW.RW-DI.RT-Finished textile products import-TOT,FW,2015,18.541496368972506,17.879502154695537,19.1859398847602,1000,18.539911
RW.RW-DI.RT-Finished textile products import-TOT,FW,2016,18.104790028907395,17.458387709950426,18.73405501953413,1000,18.103242
RW.RW-DI.RT-Finished textile products import-TOT,FW,2017,17.269444603673307,16.652866945435367,17.86967564083575,1000,17.267968
RW.RW-DI.RT-Finished textile products import-TOT,FW,2018,18.3589907640441,17.703512617949084,18.997090964742732,1000,18.357421
RW.RW-DI.RT-Finished textile products import-TOT,FW,2019,18.399300210656214,17.742382880802406,19.038801439674092,1000,18.397727
RW.RW-DI.RT-Finished textile products import-TOT,FW,2020,14.89230134881812,14.36059575537507,15.409910437557164,1000,14.891028
RW.RW-DI.RT-Finished textile products import-TOT,FW,2021,17.27257087098114,16.65588159441268,17.872910567264455,1000,17.271094
RW.RW-DI.RT-Finished textile products import-TOT,FW,2022,19.564330825237022,18.86581795687001,20.244324817639264,1000,19.562658
RW.RW-DI.RT-Finished textile products import-TOT,FW,2023,16.17269682753678,15.595276779228232,16.734808395875305,1000,16.171314
RW.RW-DI.RT-Finished textile products import-TOT,FW,2024,16.348116826618742,15.764433690253554,16.916325436894887,1000,16.346719
RW.RW-DI.RT-Finished textile products import-TOT,FW,2025,16.02140589158216,15.44938744205946,16.578259067570187,1000,16.020036
RW.RW-DI.RT-Finished textile products import-TOT,HT,1988,6.35076701490973,6.1240231245338395,6.571499502816461,1000,6.350224
RW.RW-DI.RT-Finished textile products import-TOT,HT,1989,5.917917004575587,5.706627325488189,6.1236050010929794,1000,5.917411
RW.RW-DI.RT-Finished textile products import-TOT,HT,1990,7.200875702459304,6.943780052901445,7.451155267932163,1000,7.20026
RW.RW-DI.RT-Finished textile products import-TOT,HT,1991,7.009694355721738,6.7594245277102845,7.253329064879183,1000,7.009095
RW.RW-DI.RT-Finished textile products import-TOT,HT,1992,6.830582040932638,6.586707129153219,7.067991374987311,1000,6.829998
RW.RW-DI.RT-Finished textile products import-TOT,HT,1993,7.60774149104294,7.336119354913031,7.8721624188972825,1000,7.607091
RW.RW-DI.RT-Finished textile products import-TOT,HT,1994,7.629553356040961,7.357152462461062,7.894732395036144,1000,7.628901
RW.RW-DI.RT-Finished textile products import-TOT,HT,1995,7.847677006448707,7.567488359836722,8.120437330651296,1000,7.847006
RW.RW-DI.RT-Finished textile products import-TOT,HT,1996,8.39807006716397,8.098230524285519,8.689960305805718,1000,8.397352
RW.RW-DI.RT-Finished textile products import-TOT,HT,1997,9.380834097253537,9.04590655020475,9.706882091781722,1000,9.380032
RW.RW-DI.RT-Finished textile products import-TOT,HT,1998,10.060822238844697,9.701616812246575,10.410504461157982,1000,10.059962
RW.RW-DI.RT-Finished textile products import-TOT,HT,1999,10.423293231503203,10.051146362898022,10.785573794113922,1000,10.422402
RW.RW-DI.RT-Finished textile products import-TOT,HT,2000,11.837944189579682,11.415289490817107,12.249393525783068,1000,11.836932
RW.RW-DI.RT-Finished textile products import-TOT,HT,2001,11.535722348454449,11.123857992945283,11.936667413483232,1000,11.534736
RW.RW-DI.RT-Finished textile products import-TOT,HT,2002,13.419038379190109,12.939933263216302,13.885441526998964,1000,13.417891
RW.RW-DI.RT-Finished textile products import-TOT,HT,2003,14.871470567706531,14.340508703696116,15.388355644664161,1000,14.870199
RW.RW-DI.RT-Finished textile products import-TOT,HT,2004,17.552897840010935,16.926199941273545,18.16298081126498,1000,17.551397
RW.RW-DI.RT-Finished textile products import-TOT,HT,2005,18.198910076532044,17.54914735312146,18.831446381037132,1000,18.197354
RW.RW-DI.RT-Finished textile products import-TOT,HT,2006,17.840701448322022,17.203727986072472,18.460787558778293,1000,17.839176
RW.RW-DI.RT-Finished textile products import-TOT,HT,2007,18.773834234750122,18.10354477181352,19.4263530767193,1000,18.772229
RW.RW-DI.RT-Finished textile products import-TOT,HT,2008,18.628961847606014,17.96384481952523,19.276445385592503,1000,18.627369
RW.RW-DI.RT-Finished textile products import-TOT,HT,2009,17.223078639205717,16.608156402925427,17.821698142727087,1000,17.221606
RW.RW-DI.RT-Finished textile products import-TOT,HT,2010,18.330327313209242,17.675872549382643,18.967431263407754,1000,18.32876
RW.RW-DI.RT-Finished textile products import-TOT,HT,2011,19.02193544835437,18.342787931855494,19.683077500402423,1000,19.020309
RW.RW-DI.RT-Finished textile products import-TOT,HT,2012,16.176189126141693,15.598644390945688,16.738422075686263,1000,16.174806
RW.RW-DI.RT-Finished textile products import-TOT,HT,2013,18.37611222799486,17.72002278765208,19.01480751639323,1000,18.374541
RW.RW-DI.RT-Finished textile products import-TOT,HT,2014,18.17462299989395,17.525727407371626,18.80631516276422,1000,18.173069
RW.RW-DI.RT-Finished textile products import-TOT,HT,2015,17.443910521177642,16.82110383882654,18.05020543943275,1000,17.442419
RW.RW-DI.RT-Finished textile products import-TOT,HT,2016,17.188161653669688,16.574486072025294,17.78556755368939,1000,17.186692
RW.RW-DI.RT-Finished textile products import-TOT,HT,2017,18.140424075754915,17.492749500644777,18.770927592656722,1000,18.138873
RW.RW-DI.RT-Finished textile products import-TOT,HT,2018,17.189024727465803,16.575318331163942,17.78646062518906,1000,17.187555
RW.RW-DI.RT-Finished textile products import-TOT,HT,2019,17.88539827007152,17.246828979912188,18.5070379000701,1000,17.883869
RW.RW-DI.RT-Finished textile products import-TOT,HT,2020,16.857610390270317,16.255736608196884,17.443527378387007,1000,16.856169
RW.RW-DI.RT-Finished textile products import-TOT,HT,2021,18.857695405201472,18.18441181446976,19.513128995066307,1000,18.856083
RW.RW-DI.RT-Finished textile products import-TOT,HT,2022,15.992363408338576,15.421381873824945,16.54820715986397,1000,15.990996
RW.RW-DI.RT-Finished textile products import-TOT,HT,2023,14.522056691481502,14.003570086201345,15.02679725203234,1000,14.520815
RW.RW-DI.RT-Finished textile products import-TOT,HT,2024,16.674101699574233,16.078779799241783,17.253640508526935,1000,16.672676
RW.RW-DI.RT-Finished textile products import-TOT,HT,2025,14.390492442234166,13.876703126216658,14.890660247401636,1000,14.389262
RW.RW-DI.RT-Finished textile products import-TOT,OM,1988,0.9402193923600519,0.9066503758412489,0.972898431784196,1000,0.940139
RW.RW-DI.RT-Finished textile products import-TOT,OM,1989,1.0213373282543357,0.9848721267045357,1.056835769454953,1000,1.02125
RW.RW-DI.RT-Finished textile products import-TOT,OM,1990,1.0872629651488532,1.0484439950936304,1.1250527720718155,1000,1.08717
RW.RW-DI.RT-Finished textile products import-TOT,OM,1991,1.1441738312459315,1.1033229505327966,1.1839416790941935,1000,1.144076
RW.RW-DI.RT-Finished textile products import-TOT,OM,1992,1.5609504672449916,1.505219249142319,1.6152041470485892,1000,1.560817
RW.RW-DI.RT-Finished textile products import-TOT,OM,1993,1.6143870362763608,1.5567479516873148,1.6704980014755337,1000,1.614249
RW.RW-DI.RT-Finished textile products import-TOT,OM,1994,1.6872672678153633,1.6270261121391787,1.745911318355103,1000,1.687123
RW.RW-DI.RT-Finished textile products import-TOT,OM,1995,1.9222493596844408,1.8536185475220441,1.9890606413050906,1000,1.922085
RW.RW-DI.RT-Finished textile products import-TOT,OM,1996,2.10877630845315,2.033485852514739,2.1820706743007454,1000,2.108596
RW.RW-DI.RT-Finished textile products import-TOT,OM,1997,2.200830179411778,2.122253088524184,2.2773240454001344,1000,2.200642
RW.RW-DI.RT-Finished textile products import-TOT,OM,1998,2.264931660333971,2.1840659294869784,2.343653490177598,1000,2.264738
RW.RW-DI.RT-Finished textile products import-TOT,OM,1999,2.544409556764803,2.453565518516197,2.63284515051274,1000,2.544192
RW.RW-DI.RT-Finished textile products import-TOT,OM,2000,2.902572181041309,2.798940524127897,3.003456369887469,1000,2.902324
RW.RW-DI.RT-Finished textile products import-TOT,OM,2001,2.9657035790176947,2.8598179173913985,3.0687820147174456,1000,2.96545
RW.RW-DI.RT-Finished textile products import-TOT,OM,2002,3.305815659903588,3.1877868451427407,3.420715311151765,1000,3.305533
RW.RW-DI.RT-Finished textile products import-TOT,OM,2003,3.642509448512397,3.5124595252279134,3.7691115063278255,1000,3.642198
RW.RW-DI.RT-Finished textile products import-TOT,OM,2004,4.229775662023485,4.078758346040575,4.37678922793983,1000,4.229414
RW.RW-DI.RT-Finished textile products import-TOT,OM,2005,4.322987632004016,4.168642333014744,4.473240949904364,1000,4.322618
RW.RW-DI.RT-Finished textile products import-TOT,OM,2006,4.156417389610156,4.008019212392565,4.300881255003665,1000,4.156062
RW.RW-DI.RT-Finished textile products import-TOT,OM,2007,4.957274865992493,4.780283364629136,5.129573993300911,1000,4.956851
RW.RW-DI.RT-Finished textile products import-TOT,OM,2008,4.689110936949216,4.521693796035079,4.852089537920327,1000,4.68871
RW.RW-DI.RT-Finished textile products import-TOT,OM,2009,4.565021326812159,4.402034605230308,4.723686967111807,1000,4.564631
RW.RW-DI.RT-Finished textile products import-TOT,OM,2010,4.827742790503797,4.655376022917607,4.995539794333395,1000,4.82733
RW.RW-DI.RT-Finished textile products import-TOT,OM,2011,5.240929119517856,5.053810200660672,5.423087167636781,1000,5.240481
RW.RW-DI.RT-Finished textile products import-TOT,OM,2012,5.737163549462703,5.532327380874897,5.936569130052832,1000,5.736673
RW.RW-DI.RT-Finished textile products import-TOT,OM,2013,5.845647825283892,5.6369384006489724,6.048823974695795,1000,5.845148
RW.RW-DI.RT-Finished textile products import-TOT,OM,2014,5.921653324045215,5.710230245699076,6.1274711831587645,1000,5.921147
RW.RW-DI.RT-Finished textile products import-TOT,OM,2015,5.676776386128893,5.474096243783419,5.874083100744407,1000,5.676291
RW.RW-DI.RT-Finished textile products import-TOT,OM,2016,5.913462623708957,5.7023319811040105,6.11899580009699,1000,5.912957
RW.RW-DI.RT-Finished textile products import-TOT,OM,2017,6.256676969850416,6.03329241273495,6.474139186672656,1000,6.256142
RW.RW-DI.RT-Finished textile products import-TOT,OM,2018,6.747806963346392,6.506887402168563,6.982339298643372,1000,6.74723
RW.RW-DI.RT-Finished textile products import-TOT,OM,2019,6.920894763016367,6.673795381199294,7.161443080407755,1000,6.920303
RW.RW-DI.RT-Finished textile products import-TOT,OM,2020,9.81409414264725,9.463697744669687,10.155200880080947,1000,9.813255
RW.RW-DI.RT-Finished textile products import-TOT,OM,2021,10.734704858390327,10.35143954005728,11.107809099936913,1000,10.733787
RW.RW-DI.RT-Finished textile products import-TOT,OM,2022,10.080606930511628,9.720695123416803,10.430976805860189,1000,10.079745
RW.RW-DI.RT-Finished textile products import-TOT,OM,2023,8.5407632679793,8.23582909457715,8.837613069009246,1000,8.540033
RW.RW-DI.RT-Finished textile products import-TOT,OM,2024,9.674082171087289,9.328684674668576,10.01032253714465,1000,9.673255
RW.RW-DI.RT-Finished textile products import-TOT,OM,2025,10.473478522537848,10.099539869081779,10.837503366448827,1000,10.472583
RW.RW-DI.RT-Finished textile products import-TOT,SA,1988,2.4342161348050713,2.3473063749090364,2.518821755240648,1000,2.434008
RW.RW-DI.RT-Finished textile products import-TOT,SA,1989,2.849976683924811,2.74822286438198,2.949032820363449,1000,2.849733
RW.RW-DI.RT-Finished textile products import-TOT,SA,1990,2.8685942758002403,2.766175745175841,2.968297500592749,1000,2.868349
RW.RW-DI.RT-Finished textile products import-TOT,SA,1991,2.381682642990264,2.296648506665548,2.464462366125643,1000,2.381479
RW.RW-DI.RT-Finished textile products import-TOT,SA,1992,2.7203976044170926,2.623270196854094,2.8149499836665193,1000,2.720165
RW.RW-DI.RT-Finished textile products import-TOT,SA,1993,3.1716211857619463,3.0583835682001754,3.281856663364471,1000,3.17135
RW.RW-DI.RT-Finished textile products import-TOT,SA,1994,3.7223762774322418,3.589474837872833,3.851754252519916,1000,3.722058
RW.RW-DI.RT-Finished textile products import-TOT,SA,1995,4.908646708098697,4.733391396659607,5.079255675108521,1000,4.908227
RW.RW-DI.RT-Finished textile products import-TOT,SA,1996,5.260348779973222,5.072536513469826,5.4431817938020455,1000,5.259899
RW.RW-DI.RT-Finished textile products import-TOT,SA,1997,5.835192931350408,5.626856781836175,6.038005701859681,1000,5.834694
RW.RW-DI.RT-Finished textile products import-TOT,SA,1998,6.109516387056811,5.891385961131211,6.321863769484154,1000,6.108994
RW.RW-DI.RT-Finished textile products import-TOT,SA,1999,6.113960767068329,5.895671661724674,6.326462622027075,1000,6.113438
RW.RW-DI.RT-Finished textile products import-TOT,SA,2000,6.549232984510459,6.315403186881343,6.7768635190833555,1000,6.548673
RW.RW-DI.RT-Finished textile products import-TOT,SA,2001,6.082165048412573,5.865011157906493,6.293561785191549,1000,6.081645
RW.RW-DI.RT-Finished textile products import-TOT,SA,2002,5.603069083872176,5.403020541839476,5.797813966796207,1000,5.60259
RW.RW-DI.RT-Finished textile products import-TOT,SA,2003,5.402555939230138,5.209666395532741,5.590331622186522,1000,5.402094
RW.RW-DI.RT-Finished textile products import-TOT,SA,2004,6.661206558680025,6.423378925235661,6.892728939001353,1000,6.660637
RW.RW-DI.RT-Finished textile products import-TOT,SA,2005,6.9065555369576055,6.659968114073037,7.146605468400467,1000,6.905965
RW.RW-DI.RT-Finished textile products import-TOT,SA,2006,7.096257757224192,6.842897322617543,7.342901135244856,1000,7.095651
RW.RW-DI.RT-Finished textile products import-TOT,SA,2007,7.733849273741484,7.457724662683961,8.002653307534699,1000,7.733188
RW.RW-DI.RT-Finished textile products import-TOT,SA,2008,7.775304818349365,7.4977001039531475,8.045549715187521,1000,7.77464
RW.RW-DI.RT-Finished textile products import-TOT,SA,2009,6.025259182743051,5.810137024362684,6.234678052395704,1000,6.024744
RW.RW-DI.RT-Finished textile products import-TOT,SA,2010,8.506713356581429,8.202994880331953,8.802379690852444,1000,8.505986
RW.RW-DI.RT-Finished textile products import-TOT,SA,2011,10.737818124586514,10.354441652106663,11.111030573376635,1000,10.7369
RW.RW-DI.RT-Finished textile products import-TOT,SA,2012,9.788387944668841,9.438909345017484,10.128601216317843,1000,9.787551
RW.RW-DI.RT-Finished textile products import-TOT,SA,2013,8.557369687891821,8.251842609058354,8.854796675326797,1000,8.556638
RW.RW-DI.RT-Finished textile products import-TOT,SA,2014,9.799080858953975,9.449220486049281,10.13966578233695,1000,9.798243
RW.RW-DI.RT-Finished textile products import-TOT,SA,2015,9.355999973840845,9.021959089102838,9.68118481312605,1000,9.3552
RW.RW-DI.RT-Finished textile products import-TOT,SA,2016,8.902250176494844,8.584409696222307,9.211664114183405,1000,8.901489
RW.RW-DI.RT-Finished textile products import-TOT,SA,2017,11.039844949037077,10.645685096059559,11.423554890841666,1000,11.038901
RW.RW-DI.RT-Finished textile products import-TOT,SA,2018,12.861517709036933,12.402317969125376,13.308543209343775,1000,12.860418
RW.RW-DI.RT-Finished textile products import-TOT,SA,2019,12.10494401908799,11.672756522172014,12.525673421226667,1000,12.103909
RW.RW-DI.RT-Finished textile products import-TOT,SA,2020,11.390451927276903,10.983774217786557,11.78634785392437,1000,11.389478
RW.RW-DI.RT-Finished textile products import-TOT,SA,2021,12.729603429860699,12.275113476465688,13.172044008855728,1000,12.728515
RW.RW-DI.RT-Finished textile products import-TOT,SA,2022,14.50969563456378,13.991650360878388,15.014006564041678,1000,14.508455
RW.RW-DI.RT-Finished textile products import-TOT,SA,2023,11.305543667295389,10.901897470242526,11.698488452541266,1000,11.304577
RW.RW-DI.RT-Finished textile products import-TOT,SA,2024,12.30615922375885,11.866787662586898,12.733882227241645,1000,12.305107
RW.RW-DI.RT-Finished textile products import-TOT,SA,2025,13.327380542093891,12.851547921319147,13.790597954641022,1000,13.326241
RW.RW-DI.RT-Finished textile products import-TOT,TA,1988,0.6886518823741864,0.6640646779376806,0.7125872342680976,1000,0.688593
RW.RW-DI.RT-Finished textile products import-TOT,TA,1989,0.5749381594152332,0.5544109199990638,0.5949211835164637,1000,0.574889
RW.RW-DI.RT-Finished textile products import-TOT,TA,1990,0.6927782351931606,0.6680437059864276,0.7168570060034916,1000,0.692719
RW.RW-DI.RT-Finished textile products import-TOT,TA,1991,0.6229782670284769,0.6007358330745879,0.6446310126685206,1000,0.622925
RW.RW-DI.RT-Finished textile products import-TOT,TA,1992,0.7142980752219261,0.6887952148455985,0.7391248073128004,1000,0.714237
RW.RW-DI.RT-Finished textile products import-TOT,TA,1993,0.7999714006194645,0.7714097123792787,0.8277758653555206,1000,0.799903
RW.RW-DI.RT-Finished textile products import-TOT,TA,1994,0.9148402223437873,0.8821773281454046,0.9466371624363789,1000,0.914762
RW.RW-DI.RT-Finished textile products import-TOT,TA,1995,0.8920572743144487,0.8602078085190095,0.9230623515047233,1000,0.891981
RW.RW-DI.RT-Finished textile products import-TOT,TA,1996,0.9775115809850466,0.942611107036045,1.0114867784252788,1000,0.977428
RW.RW-DI.RT-Finished textile products import-TOT,TA,1997,1.0781671874250116,1.0396729674389154,1.1156408540074896,1000,1.078075
RW.RW-DI.RT-Finished textile products import-TOT,TA,1998,1.3626225094448001,1.3139722711066735,1.4099829394340175,1000,1.362506
RW.RW-DI.RT-Finished textile products import-TOT,TA,1999,1.3946902513595862,1.344895086032285,1.4431652541929632,1000,1.394571
RW.RW-DI.RT-Finished textile products import-TOT,TA,2000,1.6344407509457914,1.5760856808277595,1.6912487195652384,1000,1.634301
RW.RW-DI.RT-Finished textile products import-TOT,TA,2001,2.2586501232384846,2.178008664539286,2.337153626806291,1000,2.258457
RW.RW-DI.RT-Finished textile products import-TOT,TA,2002,2.381239605108828,2.296221286736902,2.4640039296547798,1000,2.381036
RW.RW-DI.RT-Finished textile products import-TOT,TA,2003,3.3581121314522546,3.238216155546299,3.474829441929085,1000,3.357825
RW.RW-DI.RT-Finished textile products import-TOT,TA,2004,3.9760389665639506,3.8340809099310613,4.114233450953526,1000,3.975699
RW.RW-DI.RT-Finished textile products import-TOT,TA,2005,5.933825364801331,5.72196770337753,6.140066285386462,1000,5.933318
RW.RW-DI.RT-Finished textile products import-TOT,TA,2006,4.763249276061236,4.5931851453588095,4.928804690195709,1000,4.762842
RW.RW-DI.RT-Finished textile products import-TOT,TA,2007,3.753308922291881,3.6193030825523644,3.883762017855771,1000,3.752988
RW.RW-DI.RT-Finished textile products import-TOT,TA,2008,5.091671357407385,4.909881446144131,5.2686416798401545,1000,5.091236
RW.RW-DI.RT-Finished textile products import-TOT,TA,2009,4.79668913529731,4.625431088370433,4.963406812715431,1000,4.796279
RW.RW-DI.RT-Finished textile products import-TOT,TA,2010,5.575029686396272,5.37598224581361,5.7688000089326,1000,5.574553
RW.RW-DI.RT-Finished textile products import-TOT,TA,2011,6.246215075318354,6.023204043268652,6.463313669919394,1000,6.245681
RW.RW-DI.RT-Finished textile products import-TOT,TA,2012,5.525878483780149,5.32858590758972,5.717940466644813,1000,5.525406
RW.RW-DI.RT-Finished textile products import-TOT,TA,2013,6.360364835560166,6.133278270482416,6.581430913224745,1000,6.359821
RW.RW-DI.RT-Finished textile products import-TOT,TA,2014,6.553002306801956,6.319037931601588,6.780763851044262,1000,6.552442
RW.RW-DI.RT-Finished textile products import-TOT,TA,2015,7.486181097163563,7.218899078779923,7.746376971869376,1000,7.485541
RW.RW-DI.RT-Finished textile products import-TOT,TA,2016,6.630744954096134,6.394004903098776,6.861208585804947,1000,6.630178
RW.RW-DI.RT-Finished textile products import-TOT,TA,2017,6.6679671367353475,6.429898127758571,6.8997244932745625,1000,6.667397
RW.RW-DI.RT-Finished textile products import-TOT,TA,2018,7.381888179719573,7.118329771694238,7.638459163906741,1000,7.381257
RW.RW-DI.RT-Finished textile products import-TOT,TA,2019,7.4905374696501,7.2230999140151,7.750884758025308,1000,7.489897
RW.RW-DI.RT-Finished textile products import-TOT,TA,2020,7.276083132982736,7.016302323452542,7.528976669840395,1000,7.275461
RW.RW-DI.RT-Finished textile products import-TOT,TA,2021,9.552048736761144,9.211008247234679,9.88404760828668,1000,9.551232
RW.RW-DI.RT-Finished textile products import-TOT,TA,2022,8.139684974248645,7.849070654251968,8.42259456783393,1000,8.138989
RW.RW-DI.RT-Finished textile products import-TOT,TA,2023,5.943016150648731,5.730830347044031,6.149576513754924,1000,5.942508
RW.RW-DI.RT-Finished textile products import-TOT,TA,2024,5.591944132646225,5.392292789048815,5.786302347604611,1000,5.591466
RW.RW-DI.RT-Finished textile products import-TOT,TA,2025,5.808644661371617,5.601256375005822,6.010534698348345,1000,5.808148
RW.RW-US.HH-Direct online imports-TOT,CA,1988,0.0,0.0,0.0,1000,0.0
RW.RW-US.HH-Direct online imports-TOT,CA,1989,0.0,0.0,0.0,1000,0.0
RW.RW-US.HH-Direct online imports-TOT,CA,1990,0.0,0.0,0.0,1000,0.0
RW.RW-US.HH-Direct online imports-TOT,CA,1991,0.0,0.0,0.0,1000,0.0
RW.RW-US.HH-Direct online imports-TOT,CA,1992,0.0,0.0,0.0,1000,0.0
RW.RW-US.HH-Direct online imports-TOT,CA,1993,0.0,0.0,0.0,1000,0.0
RW.RW-US.HH-Direct online imports-TOT,CA,1994,0.0,0.0,0.0,1000,0.0
RW.RW-US.HH-Direct online imports-TOT,CA,1995,0.0,0.0,0.0,1000,0.0
RW.RW-US.HH-Direct online imports-TOT,CA,1996,0.0,0.0,0.0,1000,0.0
RW.RW-US.HH-Direct online imports-TOT,CA,1997,0.0,0.0,0.0,1000,0.0
RW.RW-US.HH-Direct online imports-TOT,CA,1998,0.0,0.0,0.0,1000,0.0
RW.RW-US.HH-Direct online imports-TOT,CA,1999,0.0,0.0,0.0,1000,0.0
RW.RW-US.HH-Direct online imports-TOT,CA,2000,0.0,0.0,0.0,1000,0.0
RW.RW-US.HH-Direct online imports-TOT,CA,2001,0.0,0.0,0.0,1000,0.0
RW.RW-US.HH-Direct online imports-TOT,CA,2002,0.0,0.0,0.0,1000,0.0
RW.RW-US.HH-Direct online imports-TOT,CA,2003,0.0,0.0,0.0,1000,0.0
RW.RW-US.HH-Direct online imports-TOT,CA,2004,0.0,0.0,0.0,1000,0.0
RW.RW-US.HH-Direct online imports-TOT,CA,2005,0.0,0.0,0.0,1000,0.0
RW.RW-US.HH-Direct online imports-TOT,CA,2006,0.0,0.0,0.0,1000,0.0
RW.RW-US.HH-Direct online imports-TOT,CA,2007,0.0,0.0,0.0,1000,0.0
RW.RW-US.HH-Direct online imports-TOT,CA,2008,0.0,0.0,0.0,1000,0.0
RW.RW-US.HH-Direct online imports-TOT,CA,2009,0.0,0.0,0.0,1000,0.0
RW.RW-US.HH-Direct online imports-TOT,CA,2010,0.0,0.0,0.0,1000,0.0
RW.RW-US.HH-Direct online imports-TOT,CA,2011,0.0,0.0,0.0,1000,0.0
RW.RW-US.HH-Direct online imports-TOT,CA,2012,0.0,0.0,0.0,1000,0.0
RW.RW-US.HH-Direct online imports-TOT,CA,2013,0.0,0.0,0.0,1000,0.0
RW.RW-US.HH-Direct online imports-TOT,CA,2014,0.0,0.0,0.0,1000,0.0
RW.RW-US.HH-Direct online imports-TOT,CA,2015,0.0,0.0,0.0,1000,0.0
RW.RW-US.HH-Direct online imports-TOT,CA,2016,0.0,0.0,0.0,1000,0.0
RW.RW-US.HH-Direct online imports-TOT,CA,2017,0.0,0.0,0.0,1000,0.0
RW.RW-US.HH-Direct online imports-TOT,CA,2018,0.0,0.0,0.0,1000,0.0
RW.RW-US.HH-Direct online imports-TOT,CA,2019,0.0,0.0,0.0,1000,0.0
RW.RW-US.HH-Direct online imports-TOT,CA,2020,0.0,0.0,0.0,1000,0.0
RW.RW-US.HH-Direct online imports-TOT,CA,2021,0.0,0.0,0.0,1000,0.0
RW.RW-US.HH-Direct online imports-TOT,CA,2022,0.0,0.0,0.0,1000,0.0
RW.RW-US.HH-Direct online imports-TOT,CA,2023,0.0,0.0,0.0,1000,0.0
RW.RW-US.HH-Direct online imports-TOT,CA,2024,0.0,0.0,0.0,1000,0.0
RW.RW-US.HH-Direct online imports-TOT,CA,2025,0.0,0.0,0.0,1000,0.0
RW.RW-US.HH-Direct online imports-TOT,CL,1988,0.0,0.0,0.0,1000,0.0
RW.RW-US.HH-Direct online imports-TOT,CL,1989,0.0,0.0,0.0,1000,0.0
RW.RW-US.HH-Direct online imports-TOT,CL,1990,0.0,0.0,0.0,1000,0.0
RW.RW-US.HH-Direct online imports-TOT,CL,1991,0.0,0.0,0.0,1000,0.0
RW.RW-US.HH-Direct online imports-TOT,CL,1992,0.0,0.0,0.0,1000,0.0
RW.RW-US.HH-Direct online imports-TOT,CL,1993,0.0,0.0,0.0,1000,0.0
RW.RW-US.HH-Direct online imports-TOT,CL,1994,0.0,0.0,0.0,1000,0.0
RW.RW-US.HH-Direct online imports-TOT,CL,1995,0.0,0.0,0.0,1000,0.0
RW.RW-US.HH-Direct online imports-TOT,CL,1996,0.0,0.0,0.0,1000,0.0
RW.RW-US.HH-Direct online imports-TOT,CL,1997,0.0,0.0,0.0,1000,0.0
RW.RW-US.HH-Direct online imports-TOT,CL,1998,0.0,0.0,0.0,1000,0.0
RW.RW-US.HH-Direct online imports-TOT,CL,1999,0.0,0.0,0.0,1000,0.0
RW.RW-US.HH-Direct online imports-TOT,CL,2000,0.0,0.0,0.0,1000,0.0
RW.RW-US.HH-Direct online imports-TOT,CL,2001,0.18365369973705506,0.10524630739512851,0.25960317571219715,1000,0.18333333333333332
RW.RW-US.HH-Direct online imports-TOT,CL,2002,0.3673073994741101,0.21049261479025702,0.5192063514243943,1000,0.36666666666666664
RW.RW-US.HH-Direct online imports-TOT,CL,2003,0.5509610992111651,0.3157389221853856,0.7788095271365915,1000,0.5499999999999999
RW.RW-US.HH-Direct online imports-TOT,CL,2004,0.7346147989482202,0.42098522958051404,1.0384127028487886,1000,0.7333333333333333
RW.RW-US.HH-Direct online imports-TOT,CL,2005,0.9182684986852754,0.5262315369756425,1.2980158785609859,1000,0.9166666666666666
RW.RW-US.HH-Direct online imports-TOT,CL,2006,1.1019221984223302,0.6314778443707711,1.557619054273183,1000,1.0999999999999999
RW.RW-US.HH-Direct online imports-TOT,CL,2007,1.2855758981593854,0.7367241517658996,1.8172222299853802,1000,1.2833333333333332
RW.RW-US.HH-Direct online imports-TOT,CL,2008,1.4692295978964405,0.8419704591610281,2.0768254056975772,1000,1.4666666666666666
RW.RW-US.HH-Direct online imports-TOT,CL,2009,1.6528832976334955,0.9472167665561567,2.3364285814097747,1000,1.65
RW.RW-US.HH-Direct online imports-TOT,CL,2010,1.8365369973705508,1.052463073951285,2.5960317571219718,1000,1.8333333333333333
RW.RW-US.HH-Direct online imports-TOT,CL,2011,2.020190697107606,1.1577093813464137,2.8556349328341692,1000,2.0166666666666666
RW.RW-US.HH-Direct online imports-TOT,CL,2012,2.2038443968446604,1.2629556887415423,3.115238108546366,1000,2.1999999999999997
RW.RW-US.HH-Direct online imports-TOT,CL,2013,2.387498096581716,1.3682019961366707,3.374841284258563,1000,2.3833333333333333
RW.RW-US.HH-Direct online imports-TOT,CL,2014,2.571151796318771,1.4734483035317991,3.6344444599707604,1000,2.5666666666666664
RW.RW-US.HH-Direct online imports-TOT,CL,2015,2.754805496055826,1.5786946109269278,3.8940476356829574,1000,2.75
RW.RW-US.HH-Direct online imports-TOT,CL,2016,2.938459195792881,1.6839409183220562,4.1536508113951545,1000,2.933333333333333
RW.RW-US.HH-Direct online imports-TOT,CL,2017,3.122112895529936,1.7891872257171846,4.4132539871073515,1000,3.1166666666666663
RW.RW-US.HH-Direct online imports-TOT,CL,2018,3.305766595266991,1.8944335331123134,4.672857162819549,1000,3.3
RW.RW-US.HH-Direct online imports-TOT,CL,2019,2.599652787969748,1.545092880793853,3.6543445432274297,1000,2.5955
RW.RW-US.HH-Direct online imports-TOT,CL,2020,1.890773282120271,1.1912497626435998,2.619352849043101,1000,1.891
RW.RW-US.HH-Direct online imports-TOT,CL,2021,1.1832033070398347,0.8117058250573252,1.5878572010198753,1000,1.1865
RW.RW-US.HH-Direct online imports-TOT,CL,2022,0.4816340477943234,0.31007309906165387,0.6484663449982776,1000,0.482
RW.RW-US.HH-Direct online imports-TOT,CL,2023,4.616085107613479,2.951163687719842,6.2693800963780175,1000,4.581
RW.RW-US.HH-Direct online imports-TOT,CL,2024,3.55475811278176,2.2859593618292613,4.846814399287215,1000,3.577
RW.RW-US.HH-Direct online imports-TOT,CL,2025,12.88467586283651,8.407385156708006,17.49195016619066,1000,13.003
RW.RW-US.HH-Direct online imports-TOT,FW,1988,0.0,0.0,0.0,1000,0.0
RW.RW-US.HH-Direct online imports-TOT,FW,1989,0.0,0.0,0.0,1000,0.0
RW.RW-US.HH-Direct online imports-TOT,FW,1990,0.0,0.0,0.0,1000,0.0
RW.RW-US.HH-Direct online imports-TOT,FW,1991,0.0,0.0,0.0,1000,0.0
RW.RW-US.HH-Direct online imports-TOT,FW,1992,0.0,0.0,0.0,1000,0.0
RW.RW-US.HH-Direct online imports-TOT,FW,1993,0.0,0.0,0.0,1000,0.0
RW.RW-US.HH-Direct online imports-TOT,FW,1994,0.0,0.0,0.0,1000,0.0
RW.RW-US.HH-Direct online imports-TOT,FW,1995,0.0,0.0,0.0,1000,0.0
RW.RW-US.HH-Direct online imports-TOT,FW,1996,0.0,0.0,0.0,1000,0.0
RW.RW-US.HH-Direct online imports-TOT,FW,1997,0.0,0.0,0.0,1000,0.0
RW.RW-US.HH-Direct online imports-TOT,FW,1998,0.0,0.0,0.0,1000,0.0
RW.RW-US.HH-Direct online imports-TOT,FW,1999,0.0,0.0,0.0,1000,0.0
RW.RW-US.HH-Direct online imports-TOT,FW,2000,0.0,0.0,0.0,1000,0.0
RW.RW-US.HH-Direct online imports-TOT,FW,2001,0.0,0.0,0.0,1000,0.0
RW.RW-US.HH-Direct online imports-TOT,FW,2002,0.0,0.0,0.0,1000,0.0
RW.RW-US.HH-Direct online imports-TOT,FW,2003,0.0,0.0,0.0,1000,0.0
RW.RW-US.HH-Direct online imports-TOT,FW,2004,0.0,0.0,0.0,1000,0.0
RW.RW-US.HH-Direct online imports-TOT,FW,2005,0.0,0.0,0.0,1000,0.0
RW.RW-US.HH-Direct online imports-TOT,FW,2006,0.0,0.0,0.0,1000,0.0
RW.RW-US.HH-Direct online imports-TOT,FW,2007,0.0,0.0,0.0,1000,0.0
RW.RW-US.HH-Direct online imports-TOT,FW,2008,0.0,0.0,0.0,1000,0.0
RW.RW-US.HH-Direct online imports-TOT,FW,2009,0.0,0.0,0.0,1000,0.0
RW.RW-US.HH-Direct online imports-TOT,FW,2010,0.0,0.0,0.0,1000,0.0
RW.RW-US.HH-Direct online imports-TOT,FW,2011,0.0,0.0,0.0,1000,0.0
RW.RW-US.HH-Direct online imports-TOT,FW,2012,0.0,0.0,0.0,1000,0.0
RW.RW-US.HH-Direct online imports-TOT,FW,2013,0.0,0.0,0.0,1000,0.0
RW.RW-US.HH-Direct online imports-TOT,FW,2014,0.0,0.0,0.0,1000,0.0
RW.RW-US.HH-Direct online imports-TOT,FW,2015,0.0,0.0,0.0,1000,0.0
RW.RW-US.HH-Direct online imports-TOT,FW,2016,0.0,0.0,0.0,1000,0.0
RW.RW-US.HH-Direct online imports-TOT,FW,2017,0.0,0.0,0.0,1000,0.0
RW.RW-US.HH-Direct online imports-TOT,FW,2018,0.0,0.0,0.0,1000,0.0
RW.RW-US.HH-Direct online imports-TOT,FW,2019,0.0,0.0,0.0,1000,0.0
RW.RW-US.HH-Direct online imports-TOT,FW,2020,0.0,0.0,0.0,1000,0.0
RW.RW-US.HH-Direct online imports-TOT,FW,2021,0.0,0.0,0.0,1000,0.0
RW.RW-US.HH-Direct online imports-TOT,FW,2022,0.0,0.0,0.0,1000,0.0
RW.RW-US.HH-Direct online imports-TOT,FW,2023,0.0,0.0,0.0,1000,0.0
RW.RW-US.HH-Direct online imports-TOT,FW,2024,0.0,0.0,0.0,1000,0.0
RW.RW-US.HH-Direct online imports-TOT,FW,2025,0.0,0.0,0.0,1000,0.0
RW.RW-US.HH-Direct online imports-TOT,HT,1988,0.0,0.0,0.0,1000,0.0
RW.RW-US.HH-Direct online imports-TOT,HT,1989,0.0,0.0,0.0,1000,0.0
RW.RW-US.HH-Direct online imports-TOT,HT,1990,0.0,0.0,0.0,1000,0.0
RW.RW-US.HH-Direct online imports-TOT,HT,1991,0.0,0.0,0.0,1000,0.0
RW.RW-US.HH-Direct online imports-TOT,HT,1992,0.0,0.0,0.0,1000,0.0
RW.RW-US.HH-Direct online imports-TOT,HT,1993,0.0,0.0,0.0,1000,0.0
RW.RW-US.HH-Direct online imports-TOT,HT,1994,0.0,0.0,0.0,1000,0.0
RW.RW-US.HH-Direct online imports-TOT,HT,1995,0.0,0.0,0.0,1000,0.0
RW.RW-US.HH-Direct online imports-TOT,HT,1996,0.0,0.0,0.0,1000,0.0
RW.RW-US.HH-Direct online imports-TOT,HT,1997,0.0,0.0,0.0,1000,0.0
RW.RW-US.HH-Direct online imports-TOT,HT,1998,0.0,0.0,0.0,1000,0.0
RW.RW-US.HH-Direct online imports-TOT,HT,1999,0.0,0.0,0.0,1000,0.0
RW.RW-US.HH-Direct online imports-TOT,HT,2000,0.0,0.0,0.0,1000,0.0
RW.RW-US.HH-Direct online imports-TOT,HT,2001,0.0,0.0,0.0,1000,0.0
RW.RW-US.HH-Direct online imports-TOT,HT,2002,0.0,0.0,0.0,1000,0.0
RW.RW-US.HH-Direct online imports-TOT,HT,2003,0.0,0.0,0.0,1000,0.0
RW.RW-US.HH-Direct online imports-TOT,HT,2004,0.0,0.0,0.0,1000,0.0
RW.RW-US.HH-Direct online imports-TOT,HT,2005,0.0,0.0,0.0,1000,0.0
RW.RW-US.HH-Direct online imports-TOT,HT,2006,0.0,0.0,0.0,1000,0.0
RW.RW-US.HH-Direct online imports-TOT,HT,2007,0.0,0.0,0.0,1000,0.0
RW.RW-US.HH-Direct online imports-TOT,HT,2008,0.0,0.0,0.0,1000,0.0
RW.RW-US.HH-Direct online imports-TOT,HT,2009,0.0,0.0,0.0,1000,0.0
RW.RW-US.HH-Direct online imports-TOT,HT,2010,0.0,0.0,0.0,1000,0.0
RW.RW-US.HH-Direct online imports-TOT,HT,2011,0.0,0.0,0.0,1000,0.0
RW.RW-US.HH-Direct online imports-TOT,HT,2012,0.0,0.0,0.0,1000,0.0
RW.RW-US.HH-Direct online imports-TOT,HT,2013,0.0,0.0,0.0,1000,0.0
RW.RW-US.HH-Direct online imports-TOT,HT,2014,0.0,0.0,0.0,1000,0.0
RW.RW-US.HH-Direct online imports-TOT,HT,2015,0.0,0.0,0.0,1000,0.0
RW.RW-US.HH-Direct online imports-TOT,HT,2016,0.0,0.0,0.0,1000,0.0
RW.RW-US.HH-Direct online imports-TOT,HT,2017,0.0,0.0,0.0,1000,0.0
RW.RW-US.HH-Direct online imports-TOT,HT,2018,0.0,0.0,0.0,1000,0.0
RW.RW-US.HH-Direct online imports-TOT,HT,2019,0.010473172369226433,0.006777222235869363,0.01417416738313883,1000,0.0105
RW.RW-US.HH-Direct online imports-TOT,HT,2020,0.020946344738452867,0.013554444471738727,0.02834833476627766,1000,0.021
RW.RW-US.HH-Direct online imports-TOT,HT,2021,0.031419517107679304,0.020331666707608092,0.04252250214941648,1000,0.0315
RW.RW-US.HH-Direct online imports-TOT,HT,2022,0.041892689476905734,0.027108888943477454,0.05669666953255532,1000,0.042
RW.RW-US.HH-Direct online imports-TOT,HT,2023,0.21733580174339437,0.13770868547807097,0.2897681684119108,1000,0.216
RW.RW-US.HH-Direct online imports-TOT,HT,2024,0.26921420117957695,0.175555624614187,0.3660939528103403,1000,0.272
RW.RW-US.HH-Direct online imports-TOT,HT,2025,0.9557148650776495,0.613120448934737,1.293758594834286,1000,0.959
RW.RW-US.HH-Direct online imports-TOT,OM,1988,0.0,0.0,0.0,1000,0.0
RW.RW-US.HH-Direct online imports-TOT,OM,1989,0.0,0.0,0.0,1000,0.0
RW.RW-US.HH-Direct online imports-TOT,OM,1990,0.0,0.0,0.0,1000,0.0
RW.RW-US.HH-Direct online imports-TOT,OM,1991,0.0,0.0,0.0,1000,0.0
RW.RW-US.HH-Direct online imports-TOT,OM,1992,0.0,0.0,0.0,1000,0.0
RW.RW-US.HH-Direct online imports-TOT,OM,1993,0.0,0.0,0.0,1000,0.0
RW.RW-US.HH-Direct online imports-TOT,OM,1994,0.0,0.0,0.0,1000,0.0
RW.RW-US.HH-Direct online imports-TOT,OM,1995,0.0,0.0,0.0,1000,0.0
RW.RW-US.HH-Direct online imports-TOT,OM,1996,0.0,0.0,0.0,1000,0.0
RW.RW-US.HH-Direct online imports-TOT,OM,1997,0.0,0.0,0.0,1000,0.0
RW.RW-US.HH-Direct online imports-TOT,OM,1998,0.0,0.0,0.0,1000,0.0
RW.RW-US.HH-Direct online imports-TOT,OM,1999,0.0,0.0,0.0,1000,0.0
RW.RW-US.HH-Direct online imports-TOT,OM,2000,0.0,0.0,0.0,1000,0.0
RW.RW-US.HH-Direct online imports-TOT,OM,2001,0.0,0.0,0.0,1000,0.0
RW.RW-US.HH-Direct online imports-TOT,OM,2002,0.0,0.0,0.0,1000,0.0
RW.RW-US.HH-Direct online imports-TOT,OM,2003,0.0,0.0,0.0,1000,0.0
RW.RW-US.HH-Direct online imports-TOT,OM,2004,0.0,0.0,0.0,1000,0.0
RW.RW-US.HH-Direct online imports-TOT,OM,2005,0.0,0.0,0.0,1000,0.0
RW.RW-US.HH-Direct online imports-TOT,OM,2006,0.0,0.0,0.0,1000,0.0
RW.RW-US.HH-Direct online imports-TOT,OM,2007,0.0,0.0,0.0,1000,0.0
RW.RW-US.HH-Direct online imports-TOT,OM,2008,0.0,0.0,0.0,1000,0.0
RW.RW-US.HH-Direct online imports-TOT,OM,2009,0.0,0.0,0.0,1000,0.0
RW.RW-US.HH-Direct online imports-TOT,OM,2010,0.0,0.0,0.0,1000,0.0
RW.RW-US.HH-Direct online imports-TOT,OM,2011,0.0,0.0,0.0,1000,0.0
RW.RW-US.HH-Direct online imports-TOT,OM,2012,0.0,0.0,0.0,1000,0.0
RW.RW-US.HH-Direct online imports-TOT,OM,2013,0.0,0.0,0.0,1000,0.0
RW.RW-US.HH-Direct online imports-TOT,OM,2014,0.0,0.0,0.0,1000,0.0
RW.RW-US.HH-Direct online imports-TOT,OM,2015,0.0,0.0,0.0,1000,0.0
RW.RW-US.HH-Direct online imports-TOT,OM,2016,0.0,0.0,0.0,1000,0.0
RW.RW-US.HH-Direct online imports-TOT,OM,2017,0.0,0.0,0.0,1000,0.0
RW.RW-US.HH-Direct online imports-TOT,OM,2018,0.0,0.0,0.0,1000,0.0
RW.RW-US.HH-Direct online imports-TOT,OM,2019,0.0,0.0,0.0,1000,0.0
RW.RW-US.HH-Direct online imports-TOT,OM,2020,0.0,0.0,0.0,1000,0.0
RW.RW-US.HH-Direct online imports-TOT,OM,2021,0.0,0.0,0.0,1000,0.0
RW.RW-US.HH-Direct online imports-TOT,OM,2022,0.0,0.0,0.0,1000,0.0
RW.RW-US.HH-Direct online imports-TOT,OM,2023,0.0,0.0,0.0,1000,0.0
RW.RW-US.HH-Direct online imports-TOT,OM,2024,0.0,0.0,0.0,1000,0.0
RW.RW-US.HH-Direct online imports-TOT,OM,2025,0.0,0.0,0.0,1000,0.0
RW.RW-US.HH-Direct online imports-TOT,SA,1988,0.0,0.0,0.0,1000,0.0
RW.RW-US.HH-Direct online imports-TOT,SA,1989,0.0,0.0,0.0,1000,0.0
RW.RW-US.HH-Direct online imports-TOT,SA,1990,0.0,0.0,0.0,1000,0.0
RW.RW-US.HH-Direct online imports-TOT,SA,1991,0.0,0.0,0.0,1000,0.0
RW.RW-US.HH-Direct online imports-TOT,SA,1992,0.0,0.0,0.0,1000,0.0
RW.RW-US.HH-Direct online imports-TOT,SA,1993,0.0,0.0,0.0,1000,0.0
RW.RW-US.HH-Direct online imports-TOT,SA,1994,0.0,0.0,0.0,1000,0.0
RW.RW-US.HH-Direct online imports-TOT,SA,1995,0.0,0.0,0.0,1000,0.0
RW.RW-US.HH-Direct online imports-TOT,SA,1996,0.0,0.0,0.0,1000,0.0
RW.RW-US.HH-Direct online imports-TOT,SA,1997,0.0,0.0,0.0,1000,0.0
RW.RW-US.HH-Direct online imports-TOT,SA,1998,0.0,0.0,0.0,1000,0.0
RW.RW-US.HH-Direct online imports-TOT,SA,1999,0.0,0.0,0.0,1000,0.0
RW.RW-US.HH-Direct online imports-TOT,SA,2000,0.0,0.0,0.0,1000,0.0
RW.RW-US.HH-Direct online imports-TOT,SA,2001,0.0,0.0,0.0,1000,0.0
RW.RW-US.HH-Direct online imports-TOT,SA,2002,0.0,0.0,0.0,1000,0.0
RW.RW-US.HH-Direct online imports-TOT,SA,2003,0.0,0.0,0.0,1000,0.0
RW.RW-US.HH-Direct online imports-TOT,SA,2004,0.0,0.0,0.0,1000,0.0
RW.RW-US.HH-Direct online imports-TOT,SA,2005,0.0,0.0,0.0,1000,0.0
RW.RW-US.HH-Direct online imports-TOT,SA,2006,0.0,0.0,0.0,1000,0.0
RW.RW-US.HH-Direct online imports-TOT,SA,2007,0.0,0.0,0.0,1000,0.0
RW.RW-US.HH-Direct online imports-TOT,SA,2008,0.0,0.0,0.0,1000,0.0
RW.RW-US.HH-Direct online imports-TOT,SA,2009,0.0,0.0,0.0,1000,0.0
RW.RW-US.HH-Direct online imports-TOT,SA,2010,0.0,0.0,0.0,1000,0.0
RW.RW-US.HH-Direct online imports-TOT,SA,2011,0.0,0.0,0.0,1000,0.0
RW.RW-US.HH-Direct online imports-TOT,SA,2012,0.0,0.0,0.0,1000,0.0
RW.RW-US.HH-Direct online imports-TOT,SA,2013,0.0,0.0,0.0,1000,0.0
RW.RW-US.HH-Direct online imports-TOT,SA,2014,0.0,0.0,0.0,1000,0.0
RW.RW-US.HH-Direct online imports-TOT,SA,2015,0.0,0.0,0.0,1000,0.0
RW.RW-US.HH-Direct online imports-TOT,SA,2016,0.0,0.0,0.0,1000,0.0
RW.RW-US.HH-Direct online imports-TOT,SA,2017,0.0,0.0,0.0,1000,0.0
RW.RW-US.HH-Direct online imports-TOT,SA,2018,0.0,0.0,0.0,1000,0.0
RW.RW-US.HH-Direct online imports-TOT,SA,2019,0.0,0.0,0.0,1000,0.0
RW.RW-US.HH-Direct online imports-TOT,SA,2020,0.0,0.0,0.0,1000,0.0
RW.RW-US.HH-Direct online imports-TOT,SA,2021,0.0,0.0,0.0,1000,0.0
RW.RW-US.HH-Direct online imports-TOT,SA,2022,0.0,0.0,0.0,1000,0.0
RW.RW-US.HH-Direct online imports-TOT,SA,2023,0.0,0.0,0.0,1000,0.0
RW.RW-US.HH-Direct online imports-TOT,SA,2024,0.0,0.0,0.0,1000,0.0
RW.RW-US.HH-Direct online imports-TOT,SA,2025,0.0,0.0,0.0,1000,0.0
RW.RW-US.HH-Direct online imports-TOT,TA,1988,0.0,0.0,0.0,1000,0.0
RW.RW-US.HH-Direct online imports-TOT,TA,1989,0.0,0.0,0.0,1000,0.0
RW.RW-US.HH-Direct online imports-TOT,TA,1990,0.0,0.0,0.0,1000,0.0
RW.RW-US.HH-Direct online imports-TOT,TA,1991,0.0,0.0,0.0,1000,0.0
RW.RW-US.HH-Direct online imports-TOT,TA,1992,0.0,0.0,0.0,1000,0.0
RW.RW-US.HH-Direct online imports-TOT,TA,1993,0.0,0.0,0.0,1000,0.0
RW.RW-US.HH-Direct online imports-TOT,TA,1994,0.0,0.0,0.0,1000,0.0
RW.RW-US.HH-Direct online imports-TOT,TA,1995,0.0,0.0,0.0,1000,0.0
RW.RW-US.HH-Direct online imports-TOT,TA,1996,0.0,0.0,0.0,1000,0.0
RW.RW-US.HH-Direct online imports-TOT,TA,1997,0.0,0.0,0.0,1000,0.0
RW.RW-US.HH-Direct online imports-TOT,TA,1998,0.0,0.0,0.0,1000,0.0
RW.RW-US.HH-Direct online imports-TOT,TA,1999,0.0,0.0,0.0,1000,0.0
RW.RW-US.HH-Direct online imports-TOT,TA,2000,0.0,0.0,0.0,1000,0.0
RW.RW-US.HH-Direct online imports-TOT,TA,2001,0.0,0.0,0.0,1000,0.0
RW.RW-US.HH-Direct online imports-TOT,TA,2002,0.0,0.0,0.0,1000,0.0
RW.RW-US.HH-Direct online imports-TOT,TA,2003,0.0,0.0,0.0,1000,0.0
RW.RW-US.HH-Direct online imports-TOT,TA,2004,0.0,0.0,0.0,1000,0.0
RW.RW-US.HH-Direct online imports-TOT,TA,2005,0.0,0.0,0.0,1000,0.0
RW.RW-US.HH-Direct online imports-TOT,TA,2006,0.0,0.0,0.0,1000,0.0
RW.RW-US.HH-Direct online imports-TOT,TA,2007,0.0,0.0,0.0,1000,0.0
RW.RW-US.HH-Direct online imports-TOT,TA,2008,0.0,0.0,0.0,1000,0.0
RW.RW-US.HH-Direct online imports-TOT,TA,2009,0.0,0.0,0.0,1000,0.0
RW.RW-US.HH-Direct online imports-TOT,TA,2010,0.0,0.0,0.0,1000,0.0
RW.RW-US.HH-Direct online imports-TOT,TA,2011,0.0,0.0,0.0,1000,0.0
RW.RW-US.HH-Direct online imports-TOT,TA,2012,0.0,0.0,0.0,1000,0.0
RW.RW-US.HH-Direct online imports-TOT,TA,2013,0.0,0.0,0.0,1000,0.0
RW.RW-US.HH-Direct online imports-TOT,TA,2014,0.0,0.0,0.0,1000,0.0
RW.RW-US.HH-Direct online imports-TOT,TA,2015,0.0,0.0,0.0,1000,0.0
RW.RW-US.HH-Direct online imports-TOT,TA,2016,0.0,0.0,0.0,1000,0.0
RW.RW-US.HH-Direct online imports-TOT,TA,2017,0.0,0.0,0.0,1000,0.0
RW.RW-US.HH-Direct online imports-TOT,TA,2018,0.0,0.0,0.0,1000,0.0
RW.RW-US.HH-Direct online imports-TOT,TA,2019,0.0,0.0,0.0,1000,0.0
RW.RW-US.HH-Direct online imports-TOT,TA,2020,0.0,0.0,0.0,1000,0.0
RW.RW-US.HH-Direct online imports-TOT,TA,2021,0.0,0.0,0.0,1000,0.0
RW.RW-US.HH-Direct online imports-TOT,TA,2022,0.0,0.0,0.0,1000,0.0
RW.RW-US.HH-Direct online imports-TOT,TA,2023,0.0,0.0,0.0,1000,0.0
RW.RW-US.HH-Direct online imports-TOT,TA,2024,0.0,0.0,0.0,1000,0.0
RW.RW-US.HH-Direct online imports-TOT,TA,2025,0.0,0.0,0.0,1000,0.0
RW.RW-US.HH-Private imports-TOT,CA,1988,0.0,0.0,0.0,1000,0.0
RW.RW-US.HH-Private imports-TOT,CA,1989,0.0,0.0,0.0,1000,0.0
RW.RW-US.HH-Private imports-TOT,CA,1990,0.0,0.0,0.0,1000,0.0
RW.RW-US.HH-Private imports-TOT,CA,1991,0.0,0.0,0.0,1000,0.0
RW.RW-US.HH-Private imports-TOT,CA,1992,0.0,0.0,0.0,1000,0.0
RW.RW-US.HH-Private imports-TOT,CA,1993,0.0,0.0,0.0,1000,0.0
RW.RW-US.HH-Private imports-TOT,CA,1994,0.0,0.0,0.0,1000,0.0
RW.RW-US.HH-Private imports-TOT,CA,1995,0.0,0.0,0.0,1000,0.0
RW.RW-US.HH-Private imports-TOT,CA,1996,0.0,0.0,0.0,1000,0.0
RW.RW-US.HH-Private imports-TOT,CA,1997,0.0,0.0,0.0,1000,0.0
RW.RW-US.HH-Private imports-TOT,CA,1998,0.0,0.0,0.0,1000,0.0
RW.RW-US.HH-Private imports-TOT,CA,1999,0.0,0.0,0.0,1000,0.0
RW.RW-US.HH-Private imports-TOT,CA,2000,0.0,0.0,0.0,1000,0.0
RW.RW-US.HH-Private imports-TOT,CA,2001,0.0,0.0,0.0,1000,0.0
RW.RW-US.HH-Private imports-TOT,CA,2002,0.0,0.0,0.0,1000,0.0
RW.RW-US.HH-Private imports-TOT,CA,2003,0.0,0.0,0.0,1000,0.0
RW.RW-US.HH-Private imports-TOT,CA,2004,0.0,0.0,0.0,1000,0.0
RW.RW-US.HH-Private imports-TOT,CA,2005,0.0,0.0,0.0,1000,0.0
RW.RW-US.HH-Private imports-TOT,CA,2006,0.0,0.0,0.0,1000,0.0
RW.RW-US.HH-Private imports-TOT,CA,2007,0.0,0.0,0.0,1000,0.0
RW.RW-US.HH-Private imports-TOT,CA,2008,0.0,0.0,0.0,1000,0.0
RW.RW-US.HH-Private imports-TOT,CA,2009,0.0,0.0,0.0,1000,0.0
RW.RW-US.HH-Private imports-TOT,CA,2010,0.0,0.0,0.0,1000,0.0
RW.RW-US.HH-Private imports-TOT,CA,2011,0.0,0.0,0.0,1000,0.0
RW.RW-US.HH-Private imports-TOT,CA,2012,0.0,0.0,0.0,1000,0.0
RW.RW-US.HH-Private imports-TOT,CA,2013,0.0,0.0,0.0,1000,0.0
RW.RW-US.HH-Private imports-TOT,CA,2014,0.0,0.0,0.0,1000,0.0
RW.RW-US.HH-Private imports-TOT,CA,2015,0.0,0.0,0.0,1000,0.0
RW.RW-US.HH-Private imports-TOT,CA,2016,0.0,0.0,0.0,1000,0.0
RW.RW-US.HH-Private imports-TOT,CA,2017,0.0,0.0,0.0,1000,0.0
RW.RW-US.HH-Private imports-TOT,CA,2018,0.0,0.0,0.0,1000,0.0
RW.RW-US.HH-Private imports-TOT,CA,2019,0.0,0.0,0.0,1000,0.0
RW.RW-US.HH-Private imports-TOT,CA,2020,0.0,0.0,0.0,1000,0.0
RW.RW-US.HH-Private imports-TOT,CA,2021,0.0,0.0,0.0,1000,0.0
RW.RW-US.HH-Private imports-TOT,CA,2022,0.0,0.0,0.0,1000,0.0
RW.RW-US.HH-Private imports-TOT,CA,2023,0.0,0.0,0.0,1000,0.0
RW.RW-US.HH-Private imports-TOT,CA,2024,0.0,0.0,0.0,1000,0.0
RW.RW-US.HH-Private imports-TOT,CA,2025,0.0,0.0,0.0,1000,0.0
RW.RW-US.HH-Private imports-TOT,CL,1988,0.6608204531205193,0.5094726504216669,0.8567783405633325,1000,0.6718723982498611
RW.RW-US.HH-Private imports-TOT,CL,1989,0.6711676167448508,0.5174500016842397,0.8701938237520396,1000,0.6823926138493251
RW.RW-US.HH-Private imports-TOT,CL,1990,0.6764000472348093,0.5214840478722442,0.8769778648499351,1000,0.6877125545463225
RW.RW-US.HH-Private imports-TOT,CL,1991,0.6863946522528835,0.5291895870764725,0.8899362426688039,1000,0.6978743151445967
RW.RW-US.HH-Private imports-TOT,CL,1992,0.6982558879311342,0.5383342422543477,0.9053147766918552,1000,0.7099339250185358
RW.RW-US.HH-Private imports-TOT,CL,1993,0.7055154460893684,0.5439311427714255,0.9147270643452772,1000,0.7173148962444938
RW.RW-US.HH-Private imports-TOT,CL,1994,0.704949118818041,0.5434945215158835,0.9139927999358562,1000,0.7167390973869004
RW.RW-US.HH-Private imports-TOT,CL,1995,0.7072911127208222,0.5453001282208318,0.9170292822967745,1000,0.7191202601561788
RW.RW-US.HH-Private imports-TOT,CL,1996,0.7045488292734738,0.5431859103428429,0.9134738096259778,1000,0.7163321131674614
RW.RW-US.HH-Private imports-TOT,CL,1997,0.7082352520313728,0.5460280311703275,0.918253394092852,1000,0.7200801898010106
RW.RW-US.HH-Private imports-TOT,CL,1998,0.7206075175444655,0.5555666749470302,0.9342944973384611,1000,0.7326593762696073
RW.RW-US.HH-Private imports-TOT,CL,1999,0.715870665262176,0.551914704619057,0.9281529918527444,1000,0.7278433021181061
RW.RW-US.HH-Private imports-TOT,CL,2000,0.7153064624329548,0.5514797212443425,0.9274214818616741,1000,0.7272696632330229
RW.RW-US.HH-Private imports-TOT,CL,2001,0.71595030532499,0.5519761047069175,0.9282562481616825,1000,0.7279242741275934
RW.RW-US.HH-Private imports-TOT,CL,2002,0.7158571254846764,0.5519042658587305,0.9281354370267049,1000,0.7278295358935021
RW.RW-US.HH-Private imports-TOT,CL,2003,0.7134871441130035,0.5500770816588858,0.9250626678695169,1000,0.7254199175766446
RW.RW-US.HH-Private imports-TOT,CL,2004,0.7007317501124497,0.54024305736689,0.9085248242640118,1000,0.7124511949572025
RW.RW-US.HH-Private imports-TOT,CL,2005,0.7075089348945051,0.5454680625509857,0.9173116968613126,1000,0.7193417253144274
RW.RW-US.HH-Private imports-TOT,CL,2006,0.6945993766827698,0.5355151822990997,0.9005739736116373,1000,0.7062162601519821
RW.RW-US.HH-Private imports-TOT,CL,2007,0.7221439452101184,0.5567512143651202,0.9362865330564198,1000,0.7342215000440533
RW.RW-US.HH-Private imports-TOT,CL,2008,0.6811840486922573,0.5251723687930597,0.8831805009980894,1000,0.6925765664231771
RW.RW-US.HH-Private imports-TOT,CL,2009,0.7243868270090519,0.5584804086255116,0.9391945128816441,1000,0.7365018931010849
RW.RW-US.HH-Private imports-TOT,CL,2010,0.7765723064873129,0.5987138402902942,1.006854931529025,1000,0.7895601528527447
RW.RW-US.HH-Private imports-TOT,CL,2011,0.7873050984105413,0.6069884993474257,1.0207703961763004,1000,0.8004724462227883
RW.RW-US.HH-Private imports-TOT,CL,2012,0.7260005488921588,0.5597245395553996,0.9412867634326224,1000,0.7381426038063779
RW.RW-US.HH-Private imports-TOT,CL,2013,0.8087161427088906,0.6234957691140686,1.04853061291451,1000,0.822241581263683
RW.RW-US.HH-Private imports-TOT,CL,2014,0.8143134004159429,0.6278110860895635,1.0557876660933398,1000,0.8279324507600818
RW.RW-US.HH-Private imports-TOT,CL,2015,0.7047232335295797,0.5433203707672798,0.9136999312425652,1000,0.7165094342616581
RW.RW-US.HH-Private imports-TOT,CL,2016,0.6546271387408598,0.5046977917183691,0.8487484776985643,1000,0.6655755032828128
RW.RW-US.HH-Private imports-TOT,CL,2017,0.6946845060069098,0.535580814441981,0.9006843469524219,1000,0.7063028132283905
RW.RW-US.HH-Private imports-TOT,CL,2018,0.6797987665928602,0.5241043580506124,0.8813844311386759,1000,0.6911681160612374
RW.RW-US.HH-Private imports-TOT,CL,2019,0.647299391033638,0.49904831911444103,0.8392477797540423,1000,0.6581252020662385
RW.RW-US.HH-Private imports-TOT,CL,2020,0.07571084551387261,0.058370779759420136,0.09816193230053097,1000,0.07697707767476307
RW.RW-US.HH-Private imports-TOT,CL,2021,0.0943185005508301,0.0727167209073432,0.12228745040314908,1000,0.09589593794376666
RW.RW-US.HH-Private imports-TOT,CL,2022,0.355147114674522,0.27380772030952455,0.46046146745279093,1000,0.3610868013257024
RW.RW-US.HH-Private imports-TOT,CL,2023,0.32086418062751665,0.25584456510011416,0.4158139714847852,1000,0.32539420617379916
RW.RW-US.HH-Private imports-TOT,CL,2024,0.3268205141431937,0.2605939127989734,0.4235328969497525,1000,0.3314346324134925
RW.RW-US.HH-Private imports-TOT,CL,2025,0.31620559962371353,0.2521299945657196,0.4097768280900737,1000,0.3206698543790172
RW.RW-US.HH-Private imports-TOT,FW,1988,0.2591329639198341,0.1997837042065378,0.3359755433780465,1000,0.2634668541390635
RW.RW-US.HH-Private imports-TOT,FW,1989,0.24878580029550254,0.191806352943965,0.3225600601893396,1000,0.2529466385395994
RW.RW-US.HH-Private imports-TOT,FW,1990,0.24355336980554404,0.18777230675596046,0.31577601909144387,1000,0.24762669784260213
RW.RW-US.HH-Private imports-TOT,FW,1991,0.23355876478746973,0.18006676755173223,0.3028176412725752,1000,0.23746493724432802
RW.RW-US.HH-Private imports-TOT,FW,1992,0.22169752910921903,0.17092211237385702,0.2874391072495237,1000,0.22540532737038893
RW.RW-US.HH-Private imports-TOT,FW,1993,0.21443797095098488,0.1653252118567792,0.2780268195961019,1000,0.21802435614443086
RW.RW-US.HH-Private imports-TOT,FW,1994,0.21500429822231237,0.16576183311232123,0.2787610840055227,1000,0.2186001550020242
RW.RW-US.HH-Private imports-TOT,FW,1995,0.2126623043195311,0.16395622640737295,0.2757246016446046,1000,0.2162189922327459
RW.RW-US.HH-Private imports-TOT,FW,1996,0.2154045877668795,0.16607044428536175,0.2792800743154012,1000,0.21900713922146334
RW.RW-US.HH-Private imports-TOT,FW,1997,0.21171816500898055,0.1632283234578773,0.27450048984852715,1000,0.2152590625879141
RW.RW-US.HH-Private imports-TOT,FW,1998,0.19934589949588793,0.1536896796811746,0.258459386602918,1000,0.2026798761193174
RW.RW-US.HH-Private imports-TOT,FW,1999,0.20408275177817728,0.1573416500091477,0.26460089208863474,1000,0.20749595027081863
RW.RW-US.HH-Private imports-TOT,FW,2000,0.2046469546073985,0.15777663338386227,0.2653324020797052,1000,0.20806958915590185
RW.RW-US.HH-Private imports-TOT,FW,2001,0.2040031117153634,0.1572802499212873,0.2644976357796966,1000,0.2074149782613312
RW.RW-US.HH-Private imports-TOT,FW,2002,0.20409629155567702,0.15735208876947412,0.26461844691467423,1000,0.20750971649542252
RW.RW-US.HH-Private imports-TOT,FW,2003,0.20646627292734976,0.15917927296931894,0.2676912160718623,1000,0.20991933481228003
RW.RW-US.HH-Private imports-TOT,FW,2004,0.21922166692790374,0.16901329726131473,0.2842290596773673,1000,0.2228880574317222
RW.RW-US.HH-Private imports-TOT,FW,2005,0.22463615909371865,0.17318770751356816,0.291249150521883,1000,0.2283931047098028
RW.RW-US.HH-Private imports-TOT,FW,2006,0.2202455218147063,0.1698026585172554,0.2855565256883692,1000,0.22392903586241014
RW.RW-US.HH-Private imports-TOT,FW,2007,0.23033208625119933,0.17757909566117625,0.29863413231975405,1000,0.23418429386183584
RW.RW-US.HH-Private imports-TOT,FW,2008,0.20734510235908446,0.15985682397086576,0.2688306511765178,1000,0.21081286229794413
RW.RW-US.HH-Private imports-TOT,FW,2009,0.21462731243011152,0.16547118842991626,0.2782723078789175,1000,0.21821686428044315
RW.RW-US.HH-Private imports-TOT,FW,2010,0.22163015551468943,0.1708701693632989,0.2873517548737819,1000,0.22533682698072705
RW.RW-US.HH-Private imports-TOT,FW,2011,0.24655820026537428,0.1900889404666883,0.31967189374679145,1000,0.250681782832552
RW.RW-US.HH-Private imports-TOT,FW,2012,0.22115223730412048,0.17050170882871113,0.28673211610587956,1000,0.22485091578838134
RW.RW-US.HH-Private imports-TOT,FW,2013,0.24054738695874162,0.1854547845896131,0.3118786503234473,1000,0.24457044119249086
RW.RW-US.HH-Private imports-TOT,FW,2014,0.22630049343083117,0.174470859119897,0.2934070220053703,1000,0.230085274341183
RW.RW-US.HH-Private imports-TOT,FW,2015,0.2100686300396511,0.16195658171801589,0.27236180629681583,1000,0.2135819398375409
RW.RW-US.HH-Private imports-TOT,FW,2016,0.1929930843932111,0.14879185072821804,0.25022272510753835,1000,0.19622081284650586
RW.RW-US.HH-Private imports-TOT,FW,2017,0.19642411171178695,0.15143706937030083,0.2546711798709394,1000,0.19970922265904523
RW.RW-US.HH-Private imports-TOT,FW,2018,0.20855615551733314,0.16079050945142392,0.2704008267217185,1000,0.21204416981271346
RW.RW-US.HH-Private imports-TOT,FW,2019,0.20703870773508692,0.15962060295133487,0.26843339912981357,1000,0.21050134335226983
RW.RW-US.HH-Private imports-TOT,FW,2020,0.02078335928583951,0.016023343542139572,0.026946399731071196,1000,0.021130952259612985
RW.RW-US.HH-Private imports-TOT,FW,2021,0.02738473435478303,0.02111280473681115,0.03550532848440697,1000,0.027842732559955827
RW.RW-US.HH-Private imports-TOT,FW,2022,0.10826009605419468,0.08346527080265122,0.14036324845657197,1000,0.11007070078901823
RW.RW-US.HH-Private imports-TOT,FW,2023,0.0992522982390408,0.07913990595177255,0.12862293394374802,1000,0.10065356230557133
RW.RW-US.HH-Private imports-TOT,FW,2024,0.09844191839414917,0.07849374071582532,0.12757274734748603,1000,0.09983174135375293
RW.RW-US.HH-Private imports-TOT,FW,2025,0.09169104003767606,0.07311085399479031,0.11882415616810953,1000,0.09298555272813457
RW.RW-US.HH-Private imports-TOT,HT,1988,0.0,0.0,0.0,1000,0.0
RW.RW-US.HH-Private imports-TOT,HT,1989,0.0,0.0,0.0,1000,0.0
RW.RW-US.HH-Private imports-TOT,HT,1990,0.0,0.0,0.0,1000,0.0
RW.RW-US.HH-Private imports-TOT,HT,1991,0.0,0.0,0.0,1000,0.0
RW.RW-US.HH-Private imports-TOT,HT,1992,0.0,0.0,0.0,1000,0.0
RW.RW-US.HH-Private imports-TOT,HT,1993,0.0,0.0,0.0,1000,0.0
RW.RW-US.HH-Private imports-TOT,HT,1994,0.0,0.0,0.0,1000,0.0
RW.RW-US.HH-Private imports-TOT,HT,1995,0.0,0.0,0.0,1000,0.0
RW.RW-US.HH-Private imports-TOT,HT,1996,0.0,0.0,0.0,1000,0.0
RW.RW-US.HH-Private imports-TOT,HT,1997,0.0,0.0,0.0,1000,0.0
RW.RW-US.HH-Private imports-TOT,HT,1998,0.0,0.0,0.0,1000,0.0
RW.RW-US.HH-Private imports-TOT,HT,1999,0.0,0.0,0.0,1000,0.0
RW.RW-US.HH-Private imports-TOT,HT,2000,0.0,0.0,0.0,1000,0.0
RW.RW-US.HH-Private imports-TOT,HT,2001,0.0,0.0,0.0,1000,0.0
RW.RW-US.HH-Private imports-TOT,HT,2002,0.0,0.0,0.0,1000,0.0
RW.RW-US.HH-Private imports-TOT,HT,2003,0.0,0.0,0.0,1000,0.0
RW.RW-US.HH-Private imports-TOT,HT,2004,0.0,0.0,0.0,1000,0.0
RW.RW-US.HH-Private imports-TOT,HT,2005,0.0,0.0,0.0,1000,0.0
RW.RW-US.HH-Private imports-TOT,HT,2006,0.0,0.0,0.0,1000,0.0
RW.RW-US.HH-Private imports-TOT,HT,2007,0.0,0.0,0.0,1000,0.0
RW.RW-US.HH-Private imports-TOT,HT,2008,0.0,0.0,0.0,1000,0.0
RW.RW-US.HH-Private imports-TOT,HT,2009,0.0,0.0,0.0,1000,0.0
RW.RW-US.HH-Private imports-TOT,HT,2010,0.0,0.0,0.0,1000,0.0
RW.RW-US.HH-Private imports-TOT,HT,2011,0.0,0.0,0.0,1000,0.0
RW.RW-US.HH-Private imports-TOT,HT,2012,0.0,0.0,0.0,1000,0.0
RW.RW-US.HH-Private imports-TOT,HT,2013,0.0,0.0,0.0,1000,0.0
RW.RW-US.HH-Private imports-TOT,HT,2014,0.0,0.0,0.0,1000,0.0
RW.RW-US.HH-Private imports-TOT,HT,2015,0.0,0.0,0.0,1000,0.0
RW.RW-US.HH-Private imports-TOT,HT,2016,0.0,0.0,0.0,1000,0.0
RW.RW-US.HH-Private imports-TOT,HT,2017,0.0,0.0,0.0,1000,0.0
RW.RW-US.HH-Private imports-TOT,HT,2018,0.0,0.0,0.0,1000,0.0
RW.RW-US.HH-Private imports-TOT,HT,2019,0.0,0.0,0.0,1000,0.0
RW.RW-US.HH-Private imports-TOT,HT,2020,0.0,0.0,0.0,1000,0.0
RW.RW-US.HH-Private imports-TOT,HT,2021,0.0,0.0,0.0,1000,0.0
RW.RW-US.HH-Private imports-TOT,HT,2022,0.0,0.0,0.0,1000,0.0
RW.RW-US.HH-Private imports-TOT,HT,2023,0.0,0.0,0.0,1000,0.0
RW.RW-US.HH-Private imports-TOT,HT,2024,0.0,0.0,0.0,1000,0.0
RW.RW-US.HH-Private imports-TOT,HT,2025,0.0,0.0,0.0,1000,0.0
RW.RW-US.HH-Private imports-TOT,OM,1988,0.0,0.0,0.0,1000,0.0
RW.RW-US.HH-Private imports-TOT,OM,1989,0.0,0.0,0.0,1000,0.0
RW.RW-US.HH-Private imports-TOT,OM,1990,0.0,0.0,0.0,1000,0.0
RW.RW-US.HH-Private imports-TOT,OM,1991,0.0,0.0,0.0,1000,0.0
RW.RW-US.HH-Private imports-TOT,OM,1992,0.0,0.0,0.0,1000,0.0
RW.RW-US.HH-Private imports-TOT,OM,1993,0.0,0.0,0.0,1000,0.0
RW.RW-US.HH-Private imports-TOT,OM,1994,0.0,0.0,0.0,1000,0.0
RW.RW-US.HH-Private imports-TOT,OM,1995,0.0,0.0,0.0,1000,0.0
RW.RW-US.HH-Private imports-TOT,OM,1996,0.0,0.0,0.0,1000,0.0
RW.RW-US.HH-Private imports-TOT,OM,1997,0.0,0.0,0.0,1000,0.0
RW.RW-US.HH-Private imports-TOT,OM,1998,0.0,0.0,0.0,1000,0.0
RW.RW-US.HH-Private imports-TOT,OM,1999,0.0,0.0,0.0,1000,0.0
RW.RW-US.HH-Private imports-TOT,OM,2000,0.0,0.0,0.0,1000,0.0
RW.RW-US.HH-Private imports-TOT,OM,2001,0.0,0.0,0.0,1000,0.0
RW.RW-US.HH-Private imports-TOT,OM,2002,0.0,0.0,0.0,1000,0.0
RW.RW-US.HH-Private imports-TOT,OM,2003,0.0,0.0,0.0,1000,0.0
RW.RW-US.HH-Private imports-TOT,OM,2004,0.0,0.0,0.0,1000,0.0
RW.RW-US.HH-Private imports-TOT,OM,2005,0.0,0.0,0.0,1000,0.0
RW.RW-US.HH-Private imports-TOT,OM,2006,0.0,0.0,0.0,1000,0.0
RW.RW-US.HH-Private imports-TOT,OM,2007,0.0,0.0,0.0,1000,0.0
RW.RW-US.HH-Private imports-TOT,OM,2008,0.0,0.0,0.0,1000,0.0
RW.RW-US.HH-Private imports-TOT,OM,2009,0.0,0.0,0.0,1000,0.0
RW.RW-US.HH-Private imports-TOT,OM,2010,0.0,0.0,0.0,1000,0.0
RW.RW-US.HH-Private imports-TOT,OM,2011,0.0,0.0,0.0,1000,0.0
RW.RW-US.HH-Private imports-TOT,OM,2012,0.0,0.0,0.0,1000,0.0
RW.RW-US.HH-Private imports-TOT,OM,2013,0.0,0.0,0.0,1000,0.0
RW.RW-US.HH-Private imports-TOT,OM,2014,0.0,0.0,0.0,1000,0.0
RW.RW-US.HH-Private imports-TOT,OM,2015,0.0,0.0,0.0,1000,0.0
RW.RW-US.HH-Private imports-TOT,OM,2016,0.0,0.0,0.0,1000,0.0
RW.RW-US.HH-Private imports-TOT,OM,2017,0.0,0.0,0.0,1000,0.0
RW.RW-US.HH-Private imports-TOT,OM,2018,0.0,0.0,0.0,1000,0.0
RW.RW-US.HH-Private imports-TOT,OM,2019,0.0,0.0,0.0,1000,0.0
RW.RW-US.HH-Private imports-TOT,OM,2020,0.0,0.0,0.0,1000,0.0
RW.RW-US.HH-Private imports-TOT,OM,2021,0.0,0.0,0.0,1000,0.0
RW.RW-US.HH-Private imports-TOT,OM,2022,0.0,0.0,0.0,1000,0.0
RW.RW-US.HH-Private imports-TOT,OM,2023,0.0,0.0,0.0,1000,0.0
RW.RW-US.HH-Private imports-TOT,OM,2024,0.0,0.0,0.0,1000,0.0
RW.RW-US.HH-Private imports-TOT,OM,2025,0.0,0.0,0.0,1000,0.0
RW.RW-US.HH-Private imports-TOT,SA,1988,0.0,0.0,0.0,1000,0.0
RW.RW-US.HH-Private imports-TOT,SA,1989,0.0,0.0,0.0,1000,0.0
RW.RW-US.HH-Private imports-TOT,SA,1990,0.0,0.0,0.0,1000,0.0
RW.RW-US.HH-Private imports-TOT,SA,1991,0.0,0.0,0.0,1000,0.0
RW.RW-US.HH-Private imports-TOT,SA,1992,0.0,0.0,0.0,1000,0.0
RW.RW-US.HH-Private imports-TOT,SA,1993,0.0,0.0,0.0,1000,0.0
RW.RW-US.HH-Private imports-TOT,SA,1994,0.0,0.0,0.0,1000,0.0
RW.RW-US.HH-Private imports-TOT,SA,1995,0.0,0.0,0.0,1000,0.0
RW.RW-US.HH-Private imports-TOT,SA,1996,0.0,0.0,0.0,1000,0.0
RW.RW-US.HH-Private imports-TOT,SA,1997,0.0,0.0,0.0,1000,0.0
RW.RW-US.HH-Private imports-TOT,SA,1998,0.0,0.0,0.0,1000,0.0
RW.RW-US.HH-Private imports-TOT,SA,1999,0.0,0.0,0.0,1000,0.0
RW.RW-US.HH-Private imports-TOT,SA,2000,0.0,0.0,0.0,1000,0.0
RW.RW-US.HH-Private imports-TOT,SA,2001,0.0,0.0,0.0,1000,0.0
RW.RW-US.HH-Private imports-TOT,SA,2002,0.0,0.0,0.0,1000,0.0
RW.RW-US.HH-Private imports-TOT,SA,2003,0.0,0.0,0.0,1000,0.0
RW.RW-US.HH-Private imports-TOT,SA,2004,0.0,0.0,0.0,1000,0.0
RW.RW-US.HH-Private imports-TOT,SA,2005,0.0,0.0,0.0,1000,0.0
RW.RW-US.HH-Private imports-TOT,SA,2006,0.0,0.0,0.0,1000,0.0
RW.RW-US.HH-Private imports-TOT,SA,2007,0.0,0.0,0.0,1000,0.0
RW.RW-US.HH-Private imports-TOT,SA,2008,0.0,0.0,0.0,1000,0.0
RW.RW-US.HH-Private imports-TOT,SA,2009,0.0,0.0,0.0,1000,0.0
RW.RW-US.HH-Private imports-TOT,SA,2010,0.0,0.0,0.0,1000,0.0
RW.RW-US.HH-Private imports-TOT,SA,2011,0.0,0.0,0.0,1000,0.0
RW.RW-US.HH-Private imports-TOT,SA,2012,0.0,0.0,0.0,1000,0.0
RW.RW-US.HH-Private imports-TOT,SA,2013,0.0,0.0,0.0,1000,0.0
RW.RW-US.HH-Private imports-TOT,SA,2014,0.0,0.0,0.0,1000,0.0
RW.RW-US.HH-Private imports-TOT,SA,2015,0.0,0.0,0.0,1000,0.0
RW.RW-US.HH-Private imports-TOT,SA,2016,0.0,0.0,0.0,1000,0.0
RW.RW-US.HH-Private imports-TOT,SA,2017,0.0,0.0,0.0,1000,0.0
RW.RW-US.HH-Private imports-TOT,SA,2018,0.0,0.0,0.0,1000,0.0
RW.RW-US.HH-Private imports-TOT,SA,2019,0.0,0.0,0.0,1000,0.0
RW.RW-US.HH-Private imports-TOT,SA,2020,0.0,0.0,0.0,1000,0.0
RW.RW-US.HH-Private imports-TOT,SA,2021,0.0,0.0,0.0,1000,0.0
RW.RW-US.HH-Private imports-TOT,SA,2022,0.0,0.0,0.0,1000,0.0
RW.RW-US.HH-Private imports-TOT,SA,2023,0.0,0.0,0.0,1000,0.0
RW.RW-US.HH-Private imports-TOT,SA,2024,0.0,0.0,0.0,1000,0.0
RW.RW-US.HH-Private imports-TOT,SA,2025,0.0,0.0,0.0,1000,0.0
RW.RW-US.HH-Private imports-TOT,TA,1988,0.0,0.0,0.0,1000,0.0
RW.RW-US.HH-Private imports-TOT,TA,1989,0.0,0.0,0.0,1000,0.0
RW.RW-US.HH-Private imports-TOT,TA,1990,0.0,0.0,0.0,1000,0.0
RW.RW-US.HH-Private imports-TOT,TA,1991,0.0,0.0,0.0,1000,0.0
RW.RW-US.HH-Private imports-TOT,TA,1992,0.0,0.0,0.0,1000,0.0
RW.RW-US.HH-Private imports-TOT,TA,1993,0.0,0.0,0.0,1000,0.0
RW.RW-US.HH-Private imports-TOT,TA,1994,0.0,0.0,0.0,1000,0.0
RW.RW-US.HH-Private imports-TOT,TA,1995,0.0,0.0,0.0,1000,0.0
RW.RW-US.HH-Private imports-TOT,TA,1996,0.0,0.0,0.0,1000,0.0
RW.RW-US.HH-Private imports-TOT,TA,1997,0.0,0.0,0.0,1000,0.0
RW.RW-US.HH-Private imports-TOT,TA,1998,0.0,0.0,0.0,1000,0.0
RW.RW-US.HH-Private imports-TOT,TA,1999,0.0,0.0,0.0,1000,0.0
RW.RW-US.HH-Private imports-TOT,TA,2000,0.0,0.0,0.0,1000,0.0
RW.RW-US.HH-Private imports-TOT,TA,2001,0.0,0.0,0.0,1000,0.0
RW.RW-US.HH-Private imports-TOT,TA,2002,0.0,0.0,0.0,1000,0.0
RW.RW-US.HH-Private imports-TOT,TA,2003,0.0,0.0,0.0,1000,0.0
RW.RW-US.HH-Private imports-TOT,TA,2004,0.0,0.0,0.0,1000,0.0
RW.RW-US.HH-Private imports-TOT,TA,2005,0.0,0.0,0.0,1000,0.0
RW.RW-US.HH-Private imports-TOT,TA,2006,0.0,0.0,0.0,1000,0.0
RW.RW-US.HH-Private imports-TOT,TA,2007,0.0,0.0,0.0,1000,0.0
RW.RW-US.HH-Private imports-TOT,TA,2008,0.0,0.0,0.0,1000,0.0
RW.RW-US.HH-Private imports-TOT,TA,2009,0.0,0.0,0.0,1000,0.0
RW.RW-US.HH-Private imports-TOT,TA,2010,0.0,0.0,0.0,1000,0.0
RW.RW-US.HH-Private imports-TOT,TA,2011,0.0,0.0,0.0,1000,0.0
RW.RW-US.HH-Private imports-TOT,TA,2012,0.0,0.0,0.0,1000,0.0
RW.RW-US.HH-Private imports-TOT,TA,2013,0.0,0.0,0.0,1000,0.0
RW.RW-US.HH-Private imports-TOT,TA,2014,0.0,0.0,0.0,1000,0.0
RW.RW-US.HH-Private imports-TOT,TA,2015,0.0,0.0,0.0,1000,0.0
RW.RW-US.HH-Private imports-TOT,TA,2016,0.0,0.0,0.0,1000,0.0
RW.RW-US.HH-Private imports-TOT,TA,2017,0.0,0.0,0.0,1000,0.0
RW.RW-US.HH-Private imports-TOT,TA,2018,0.0,0.0,0.0,1000,0.0
RW.RW-US.HH-Private imports-TOT,TA,2019,0.0,0.0,0.0,1000,0.0
RW.RW-US.HH-Private imports-TOT,TA,2020,0.0,0.0,0.0,1000,0.0
RW.RW-US.HH-Private imports-TOT,TA,2021,0.0,0.0,0.0,1000,0.0
RW.RW-US.HH-Private imports-TOT,TA,2022,0.0,0.0,0.0,1000,0.0
RW.RW-US.HH-Private imports-TOT,TA,2023,0.0,0.0,0.0,1000,0.0
RW.RW-US.HH-Private imports-TOT,TA,2024,0.0,0.0,0.0,1000,0.0
RW.RW-US.HH-Private imports-TOT,TA,2025,0.0,0.0,0.0,1000,0.0
US.HH-CO.CO-Separate collection from households-TOT,CA,1988,0.0,0.0,0.0,1000,0.0
US.HH-CO.CO-Separate collection from households-TOT,CA,1989,0.0,0.0,0.0,1000,0.0
US.HH-CO.CO-Separate collection from households-TOT,CA,1990,0.0,0.0,0.0,1000,0.0
US.HH-CO.CO-Separate collection from households-TOT,CA,1991,0.0,0.0,0.0,1000,0.0
US.HH-CO.CO-Separate collection from households-TOT,CA,1992,0.0,0.0,0.0,1000,0.0
US.HH-CO.CO-Separate collection from households-TOT,CA,1993,0.0,0.0,0.0,1000,0.0
US.HH-CO.CO-Separate collection from households-TOT,CA,1994,0.0,0.0,0.0,1000,0.0
US.HH-CO.CO-Separate collection from households-TOT,CA,1995,0.0,0.0,0.0,1000,0.0
US.HH-CO.CO-Separate collection from households-TOT,CA,1996,0.0,0.0,0.0,1000,0.0
US.HH-CO.CO-Separate collection from households-TOT,CA,1997,0.0,0.0,0.0,1000,0.0
US.HH-CO.CO-Separate collection from households-TOT,CA,1998,0.0,0.0,0.0,1000,0.0
US.HH-CO.CO-Separate collection from households-TOT,CA,1999,0.0,0.0,0.0,1000,0.0
US.HH-CO.CO-Separate collection from households-TOT,CA,2000,0.0,0.0,0.0,1000,0.0
US.HH-CO.CO-Separate collection from households-TOT,CA,2001,0.0,0.0,0.0,1000,0.0
US.HH-CO.CO-Separate collection from households-TOT,CA,2002,0.0,0.0,0.0,1000,0.0
US.HH-CO.CO-Separate collection from households-TOT,CA,2003,0.0,0.0,0.0,1000,0.0
US.HH-CO.CO-Separate collection from households-TOT,CA,2004,0.0,0.0,0.0,1000,0.0
US.HH-CO.CO-Separate collection from households-TOT,CA,2005,0.0,0.0,0.0,1000,0.0
US.HH-CO.CO-Separate collection from households-TOT,CA,2006,0.0,0.0,0.0,1000,0.0
US.HH-CO.CO-Separate collection from households-TOT,CA,2007,0.0,0.0,0.0,1000,0.0
US.HH-CO.CO-Separate collection from households-TOT,CA,2008,0.0,0.0,0.0,1000,0.0
US.HH-CO.CO-Separate collection from households-TOT,CA,2009,0.0,0.0,0.0,1000,0.0
US.HH-CO.CO-Separate collection from households-TOT,CA,2010,0.0,0.0,0.0,1000,0.0
US.HH-CO.CO-Separate collection from households-TOT,CA,2011,0.0,0.0,0.0,1000,0.0
US.HH-CO.CO-Separate collection from households-TOT,CA,2012,0.0,0.0,0.0,1000,0.0
US.HH-CO.CO-Separate collection from households-TOT,CA,2013,0.0,0.0,0.0,1000,0.0
US.HH-CO.CO-Separate collection from households-TOT,CA,2014,0.0,0.0,0.0,1000,0.0
US.HH-CO.CO-Separate collection from households-TOT,CA,2015,0.0,0.0,0.0,1000,0.0
US.HH-CO.CO-Separate collection from households-TOT,CA,2016,0.0,0.0,0.0,1000,0.0
US.HH-CO.CO-Separate collection from households-TOT,CA,2017,0.0,0.0,0.0,1000,0.0
US.HH-CO.CO-Separate collection from households-TOT,CA,2018,0.0,0.0,0.0,1000,0.0
US.HH-CO.CO-Separate collection from households-TOT,CA,2019,0.0,0.0,0.0,1000,0.0
US.HH-CO.CO-Separate collection from households-TOT,CA,2020,0.0,0.0,0.0,1000,0.0
US.HH-CO.CO-Separate collection from households-TOT,CA,2021,0.0,0.0,0.0,1000,0.0
US.HH-CO.CO-Separate collection from households-TOT,CA,2022,0.0,0.0,0.0,1000,0.0
US.HH-CO.CO-Separate collection from households-TOT,CA,2023,0.0,0.0,0.0,1000,0.0
US.HH-CO.CO-Separate collection from households-TOT,CA,2024,0.0,0.0,0.0,1000,0.0
US.HH-CO.CO-Separate collection from households-TOT,CA,2025,0.0,0.0,0.0,1000,0.0
US.HH-CO.CO-Separate collection from households-TOT,CORE,1988,0.6234880115169705,0.6002824248516292,0.6460332831084096,1000,0.6228855710000001
US.HH-CO.CO-Separate collection from households-TOT,CORE,1989,0.9653663698628991,0.9294364200549555,1.0002739327859569,1000,0.964433592
US.HH-CO.CO-Separate collection from households-TOT,CORE,1990,1.450637654525897,1.3966464033866732,1.5030925843688652,1000,1.449235987
US.HH-CO.CO-Separate collection from households-TOT,CORE,1991,1.350241512522437,1.2999869031968365,1.399066126711551,1000,1.348936852
US.HH-CO.CO-Separate collection from households-TOT,CORE,1992,2.450531322125853,2.359325050439301,2.5391423189375404,1000,2.448163515
US.HH-CO.CO-Separate collection from households-TOT,CORE,1993,3.253590854249599,3.1324955273993638,3.3712404130246085,1000,3.2504470970000003
US.HH-CO.CO-Separate collection from households-TOT,CORE,1994,3.795289537454363,3.654032739160555,3.932526872911497,1000,3.791622368
US.HH-CO.CO-Separate collection from households-TOT,CORE,1995,4.1480755522398045,3.993688418976916,4.298069598924871,1000,4.144067506000001
US.HH-CO.CO-Separate collection from households-TOT,CORE,1996,5.167528346696317,4.975198222171373,5.354385716654837,1000,5.162535262
US.HH-CO.CO-Separate collection from households-TOT,CORE,1997,6.876323520948893,6.620393786203768,7.124970773930074,1000,6.869679326
US.HH-CO.CO-Separate collection from households-TOT,CORE,1998,7.214676976384375,6.946154071780985,7.47555906051834,1000,7.20770585
US.HH-CO.CO-Separate collection from households-TOT,CORE,1999,8.766790267967561,8.440499292708525,9.083796632044436,1000,8.758319424000002
US.HH-CO.CO-Separate collection from households-TOT,CORE,2000,8.75269996231762,8.426933413836418,9.069196822182997,1000,8.744242733
US.HH-CO.CO-Separate collection from households-TOT,CORE,2001,8.969364132412938,8.635533564923275,9.293695549589286,1000,8.960697553
US.HH-CO.CO-Separate collection from households-TOT,CORE,2002,9.04052705203912,8.70404787340018,9.367431714122468,1000,9.031791712
US.HH-CO.CO-Separate collection from households-TOT,CORE,2003,8.593041196257449,8.2732169838986,8.903764809201812,1000,8.584738236
US.HH-CO.CO-Separate collection from households-TOT,CORE,2004,10.84021901862127,10.436757144036292,11.232200383733447,1000,10.829744739999999
US.HH-CO.CO-Separate collection from households-TOT,CORE,2005,12.774153019541185,12.298712097669947,13.236065267822353,1000,12.761810092000001
US.HH-CO.CO-Separate collection from households-TOT,CORE,2006,13.768638871881056,13.256184202820391,14.266511641007353,1000,13.755335030000001
US.HH-CO.CO-Separate collection from households-TOT,CORE,2007,15.465685748430932,14.890068728785355,16.02492358316953,1000,15.450742148
US.HH-CO.CO-Separate collection from households-TOT,CORE,2008,17.115680496221685,16.47865235814248,17.734581995740115,1000,17.099142601
US.HH-CO.CO-Separate collection from households-TOT,CORE,2009,17.39183683817252,16.744530443241615,18.020724126697267,1000,17.375032109000003
US.HH-CO.CO-Separate collection from households-TOT,CORE,2010,19.188278945603145,18.474110811162898,19.882125422535992,1000,19.169738417999998
US.HH-CO.CO-Separate collection from households-TOT,CORE,2011,21.96795079123956,21.15032611116632,22.762309957329766,1000,21.946724427000003
US.HH-CO.CO-Separate collection from households-TOT,CORE,2012,22.181702185887904,21.356121897331864,22.983790583585424,1000,22.160269286000002
US.HH-CO.CO-Separate collection from households-TOT,CORE,2013,24.383908285669133,23.476364136446264,25.265628262006143,1000,24.360347520999998
US.HH-CO.CO-Separate collection from households-TOT,CORE,2014,27.263697093553702,26.248970147669432,28.249549979586565,1000,27.237353755
US.HH-CO.CO-Separate collection from households-TOT,CORE,2015,29.508743843785393,28.410458552002073,30.575777422605437,1000,29.480231246
US.HH-CO.CO-Separate collection from households-TOT,CORE,2016,29.712096309548333,28.606242446788983,30.78648309562293,1000,29.683387224
US.HH-CO.CO-Separate collection from households-TOT,CORE,2017,34.16175527545231,32.890289652952355,35.397041337892325,1000,34.128746741
US.HH-CO.CO-Separate collection from households-TOT,CORE,2018,37.701534330859886,36.298321749109554,39.06481849222674,1000,37.665105512
US.HH-CO.CO-Separate collection from households-TOT,CORE,2019,39.02360791803958,37.5981943188892,40.38782763075762,1000,38.982637968
US.HH-CO.CO-Separate collection from households-TOT,CORE,2020,35.19987926128745,33.90641749969611,36.40735398896386,1000,35.16773992
US.HH-CO.CO-Separate collection from households-TOT,CORE,2021,32.775438166599365,31.559496132892463,33.908253986380394,1000,32.74418822
US.HH-CO.CO-Separate collection from households-TOT,CORE,2022,32.59117445180233,31.396075116727935,33.755041203497534,1000,32.56001931
US.HH-CO.CO-Separate collection from households-TOT,CORE,2023,32.41940431668692,31.20166601826539,33.59387711233255,1000,32.415924573333335
US.HH-CO.CO-Separate collection from households-TOT,CORE,2024,32.103555695768364,30.836034870053968,33.35199137962673,1000,32.10233694833334
US.HH-CO.CO-Separate collection from households-TOT,CORE,2025,36.30491606675575,34.74837872707816,37.837652757946344,1000,36.321821352
US.HH-CO.CO-Separate collection from households-TOT,OM,1988,0.0,0.0,0.0,1000,0.0
US.HH-CO.CO-Separate collection from households-TOT,OM,1989,0.0,0.0,0.0,1000,0.0
US.HH-CO.CO-Separate collection from households-TOT,OM,1990,0.0,0.0,0.0,1000,0.0
US.HH-CO.CO-Separate collection from households-TOT,OM,1991,0.0,0.0,0.0,1000,0.0
US.HH-CO.CO-Separate collection from households-TOT,OM,1992,0.0,0.0,0.0,1000,0.0
US.HH-CO.CO-Separate collection from households-TOT,OM,1993,0.0,0.0,0.0,1000,0.0
US.HH-CO.CO-Separate collection from households-TOT,OM,1994,0.0,0.0,0.0,1000,0.0
US.HH-CO.CO-Separate collection from households-TOT,OM,1995,0.0,0.0,0.0,1000,0.0
US.HH-CO.CO-Separate collection from households-TOT,OM,1996,0.0,0.0,0.0,1000,0.0
US.HH-CO.CO-Separate collection from households-TOT,OM,1997,0.0,0.0,0.0,1000,0.0
US.HH-CO.CO-Separate collection from households-TOT,OM,1998,0.0,0.0,0.0,1000,0.0
US.HH-CO.CO-Separate collection from households-TOT,OM,1999,0.0,0.0,0.0,1000,0.0
US.HH-CO.CO-Separate collection from households-TOT,OM,2000,0.0,0.0,0.0,1000,0.0
US.HH-CO.CO-Separate collection from households-TOT,OM,2001,0.0,0.0,0.0,1000,0.0
US.HH-CO.CO-Separate collection from households-TOT,OM,2002,0.0,0.0,0.0,1000,0.0
US.HH-CO.CO-Separate collection from households-TOT,OM,2003,0.0,0.0,0.0,1000,0.0
US.HH-CO.CO-Separate collection from households-TOT,OM,2004,0.0,0.0,0.0,1000,0.0
US.HH-CO.CO-Separate collection from households-TOT,OM,2005,0.0,0.0,0.0,1000,0.0
US.HH-CO.CO-Separate collection from households-TOT,OM,2006,0.0,0.0,0.0,1000,0.0
US.HH-CO.CO-Separate collection from households-TOT,OM,2007,0.0,0.0,0.0,1000,0.0
US.HH-CO.CO-Separate collection from households-TOT,OM,2008,0.0,0.0,0.0,1000,0.0
US.HH-CO.CO-Separate collection from households-TOT,OM,2009,0.0,0.0,0.0,1000,0.0
US.HH-CO.CO-Separate collection from households-TOT,OM,2010,0.0,0.0,0.0,1000,0.0
US.HH-CO.CO-Separate collection from households-TOT,OM,2011,0.0,0.0,0.0,1000,0.0
US.HH-CO.CO-Separate collection from households-TOT,OM,2012,0.0,0.0,0.0,1000,0.0
US.HH-CO.CO-Separate collection from households-TOT,OM,2013,0.0,0.0,0.0,1000,0.0
US.HH-CO.CO-Separate collection from households-TOT,OM,2014,0.0,0.0,0.0,1000,0.0
US.HH-CO.CO-Separate collection from households-TOT,OM,2015,0.0,0.0,0.0,1000,0.0
US.HH-CO.CO-Separate collection from households-TOT,OM,2016,0.0,0.0,0.0,1000,0.0
US.HH-CO.CO-Separate collection from households-TOT,OM,2017,0.0,0.0,0.0,1000,0.0
US.HH-CO.CO-Separate collection from households-TOT,OM,2018,0.0,0.0,0.0,1000,0.0
US.HH-CO.CO-Separate collection from households-TOT,OM,2019,0.0,0.0,0.0,1000,0.0
US.HH-CO.CO-Separate collection from households-TOT,OM,2020,0.0,0.0,0.0,1000,0.0
US.HH-CO.CO-Separate collection from households-TOT,OM,2021,0.0,0.0,0.0,1000,0.0
US.HH-CO.CO-Separate collection from households-TOT,OM,2022,0.0,0.0,0.0,1000,0.0
US.HH-CO.CO-Separate collection from households-TOT,OM,2023,0.0,0.0,0.0,1000,0.0
US.HH-CO.CO-Separate collection from households-TOT,OM,2024,0.0,0.0,0.0,1000,0.0
US.HH-CO.CO-Separate collection from households-TOT,OM,2025,0.0,0.0,0.0,1000,0.0
US.HH-CO.CO-Separate collection from households-TOT,SA,1988,0.0,0.0,0.0,1000,0.0
US.HH-CO.CO-Separate collection from households-TOT,SA,1989,0.0,0.0,0.0,1000,0.0
US.HH-CO.CO-Separate collection from households-TOT,SA,1990,0.0,0.0,0.0,1000,0.0
US.HH-CO.CO-Separate collection from households-TOT,SA,1991,0.0,0.0,0.0,1000,0.0
US.HH-CO.CO-Separate collection from households-TOT,SA,1992,0.0,0.0,0.0,1000,0.0
US.HH-CO.CO-Separate collection from households-TOT,SA,1993,0.0,0.0,0.0,1000,0.0
US.HH-CO.CO-Separate collection from households-TOT,SA,1994,0.0,0.0,0.0,1000,0.0
US.HH-CO.CO-Separate collection from households-TOT,SA,1995,0.0,0.0,0.0,1000,0.0
US.HH-CO.CO-Separate collection from households-TOT,SA,1996,0.0,0.0,0.0,1000,0.0
US.HH-CO.CO-Separate collection from households-TOT,SA,1997,0.0,0.0,0.0,1000,0.0
US.HH-CO.CO-Separate collection from households-TOT,SA,1998,0.0,0.0,0.0,1000,0.0
US.HH-CO.CO-Separate collection from households-TOT,SA,1999,0.0,0.0,0.0,1000,0.0
US.HH-CO.CO-Separate collection from households-TOT,SA,2000,0.0,0.0,0.0,1000,0.0
US.HH-CO.CO-Separate collection from households-TOT,SA,2001,0.0,0.0,0.0,1000,0.0
US.HH-CO.CO-Separate collection from households-TOT,SA,2002,0.0,0.0,0.0,1000,0.0
US.HH-CO.CO-Separate collection from households-TOT,SA,2003,0.0,0.0,0.0,1000,0.0
US.HH-CO.CO-Separate collection from households-TOT,SA,2004,0.0,0.0,0.0,1000,0.0
US.HH-CO.CO-Separate collection from households-TOT,SA,2005,0.0,0.0,0.0,1000,0.0
US.HH-CO.CO-Separate collection from households-TOT,SA,2006,0.0,0.0,0.0,1000,0.0
US.HH-CO.CO-Separate collection from households-TOT,SA,2007,0.0,0.0,0.0,1000,0.0
US.HH-CO.CO-Separate collection from households-TOT,SA,2008,0.0,0.0,0.0,1000,0.0
US.HH-CO.CO-Separate collection from households-TOT,SA,2009,0.0,0.0,0.0,1000,0.0
US.HH-CO.CO-Separate collection from households-TOT,SA,2010,0.0,0.0,0.0,1000,0.0
US.HH-CO.CO-Separate collection from households-TOT,SA,2011,0.0,0.0,0.0,1000,0.0
US.HH-CO.CO-Separate collection from households-TOT,SA,2012,0.0,0.0,0.0,1000,0.0
US.HH-CO.CO-Separate collection from households-TOT,SA,2013,0.0,0.0,0.0,1000,0.0
US.HH-CO.CO-Separate collection from households-TOT,SA,2014,0.0,0.0,0.0,1000,0.0
US.HH-CO.CO-Separate collection from households-TOT,SA,2015,0.0,0.0,0.0,1000,0.0
US.HH-CO.CO-Separate collection from households-TOT,SA,2016,0.0,0.0,0.0,1000,0.0
US.HH-CO.CO-Separate collection from households-TOT,SA,2017,0.0,0.0,0.0,1000,0.0
US.HH-CO.CO-Separate collection from households-TOT,SA,2018,0.0,0.0,0.0,1000,0.0
US.HH-CO.CO-Separate collection from households-TOT,SA,2019,0.0,0.0,0.0,1000,0.0
US.HH-CO.CO-Separate collection from households-TOT,SA,2020,0.0,0.0,0.0,1000,0.0
US.HH-CO.CO-Separate collection from households-TOT,SA,2021,0.0,0.0,0.0,1000,0.0
US.HH-CO.CO-Separate collection from households-TOT,SA,2022,0.0,0.0,0.0,1000,0.0
US.HH-CO.CO-Separate collection from households-TOT,SA,2023,0.0,0.0,0.0,1000,0.0
US.HH-CO.CO-Separate collection from households-TOT,SA,2024,0.0,0.0,0.0,1000,0.0
US.HH-CO.CO-Separate collection from households-TOT,SA,2025,0.0,0.0,0.0,1000,0.0
US.HH-CO.CO-Separate collection from households-TOT,TA,1988,0.0,0.0,0.0,1000,0.0
US.HH-CO.CO-Separate collection from households-TOT,TA,1989,0.0,0.0,0.0,1000,0.0
US.HH-CO.CO-Separate collection from households-TOT,TA,1990,0.0,0.0,0.0,1000,0.0
US.HH-CO.CO-Separate collection from households-TOT,TA,1991,0.0,0.0,0.0,1000,0.0
US.HH-CO.CO-Separate collection from households-TOT,TA,1992,0.0,0.0,0.0,1000,0.0
US.HH-CO.CO-Separate collection from households-TOT,TA,1993,0.0,0.0,0.0,1000,0.0
US.HH-CO.CO-Separate collection from households-TOT,TA,1994,0.0,0.0,0.0,1000,0.0
US.HH-CO.CO-Separate collection from households-TOT,TA,1995,0.0,0.0,0.0,1000,0.0
US.HH-CO.CO-Separate collection from households-TOT,TA,1996,0.0,0.0,0.0,1000,0.0
US.HH-CO.CO-Separate collection from households-TOT,TA,1997,0.0,0.0,0.0,1000,0.0
US.HH-CO.CO-Separate collection from households-TOT,TA,1998,0.0,0.0,0.0,1000,0.0
US.HH-CO.CO-Separate collection from households-TOT,TA,1999,0.0,0.0,0.0,1000,0.0
US.HH-CO.CO-Separate collection from households-TOT,TA,2000,0.0,0.0,0.0,1000,0.0
US.HH-CO.CO-Separate collection from households-TOT,TA,2001,0.0,0.0,0.0,1000,0.0
US.HH-CO.CO-Separate collection from households-TOT,TA,2002,0.0,0.0,0.0,1000,0.0
US.HH-CO.CO-Separate collection from households-TOT,TA,2003,0.0,0.0,0.0,1000,0.0
US.HH-CO.CO-Separate collection from households-TOT,TA,2004,0.0,0.0,0.0,1000,0.0
US.HH-CO.CO-Separate collection from households-TOT,TA,2005,0.0,0.0,0.0,1000,0.0
US.HH-CO.CO-Separate collection from households-TOT,TA,2006,0.0,0.0,0.0,1000,0.0
US.HH-CO.CO-Separate collection from households-TOT,TA,2007,0.0,0.0,0.0,1000,0.0
US.HH-CO.CO-Separate collection from households-TOT,TA,2008,0.0,0.0,0.0,1000,0.0
US.HH-CO.CO-Separate collection from households-TOT,TA,2009,0.0,0.0,0.0,1000,0.0
US.HH-CO.CO-Separate collection from households-TOT,TA,2010,0.0,0.0,0.0,1000,0.0
US.HH-CO.CO-Separate collection from households-TOT,TA,2011,0.0,0.0,0.0,1000,0.0
US.HH-CO.CO-Separate collection from households-TOT,TA,2012,0.0,0.0,0.0,1000,0.0
US.HH-CO.CO-Separate collection from households-TOT,TA,2013,0.0,0.0,0.0,1000,0.0
US.HH-CO.CO-Separate collection from households-TOT,TA,2014,0.0,0.0,0.0,1000,0.0
US.HH-CO.CO-Separate collection from households-TOT,TA,2015,0.0,0.0,0.0,1000,0.0
US.HH-CO.CO-Separate collection from households-TOT,TA,2016,0.0,0.0,0.0,1000,0.0
US.HH-CO.CO-Separate collection from households-TOT,TA,2017,0.0,0.0,0.0,1000,0.0
US.HH-CO.CO-Separate collection from households-TOT,TA,2018,0.0,0.0,0.0,1000,0.0
US.HH-CO.CO-Separate collection from households-TOT,TA,2019,0.0,0.0,0.0,1000,0.0
US.HH-CO.CO-Separate collection from households-TOT,TA,2020,0.0,0.0,0.0,1000,0.0
US.HH-CO.CO-Separate collection from households-TOT,TA,2021,0.0,0.0,0.0,1000,0.0
US.HH-CO.CO-Separate collection from households-TOT,TA,2022,0.0,0.0,0.0,1000,0.0
US.HH-CO.CO-Separate collection from households-TOT,TA,2023,0.0,0.0,0.0,1000,0.0
US.HH-CO.CO-Separate collection from households-TOT,TA,2024,0.0,0.0,0.0,1000,0.0
US.HH-CO.CO-Separate collection from households-TOT,TA,2025,0.0,0.0,0.0,1000,0.0
US.HH-US.HH-Stock change-TOT,CA,1988,0.0,0.0,0.0,1000,0.0
US.HH-US.HH-Stock change-TOT,CA,1989,0.0,0.0,0.0,1000,0.0
US.HH-US.HH-Stock change-TOT,CA,1990,0.0,0.0,0.0,1000,0.0
US.HH-US.HH-Stock change-TOT,CA,1991,0.0,0.0,0.0,1000,0.0
US.HH-US.HH-Stock change-TOT,CA,1992,0.0,0.0,0.0,1000,0.0
US.HH-US.HH-Stock change-TOT,CA,1993,0.0,0.0,0.0,1000,0.0
US.HH-US.HH-Stock change-TOT,CA,1994,0.0,0.0,0.0,1000,0.0
US.HH-US.HH-Stock change-TOT,CA,1995,0.0,0.0,0.0,1000,0.0
US.HH-US.HH-Stock change-TOT,CA,1996,0.0,0.0,0.0,1000,0.0
US.HH-US.HH-Stock change-TOT,CA,1997,0.0,0.0,0.0,1000,0.0
US.HH-US.HH-Stock change-TOT,CA,1998,0.0,0.0,0.0,1000,0.0
US.HH-US.HH-Stock change-TOT,CA,1999,0.0,0.0,0.0,1000,0.0
US.HH-US.HH-Stock change-TOT,CA,2000,0.0,0.0,0.0,1000,0.0
US.HH-US.HH-Stock change-TOT,CA,2001,0.0,0.0,0.0,1000,0.0
US.HH-US.HH-Stock change-TOT,CA,2002,0.0,0.0,0.0,1000,0.0
US.HH-US.HH-Stock change-TOT,CA,2003,0.0,0.0,0.0,1000,0.0
US.HH-US.HH-Stock change-TOT,CA,2004,0.0,0.0,0.0,1000,0.0
US.HH-US.HH-Stock change-TOT,CA,2005,0.0,0.0,0.0,1000,0.0
US.HH-US.HH-Stock change-TOT,CA,2006,0.0,0.0,0.0,1000,0.0
US.HH-US.HH-Stock change-TOT,CA,2007,0.0,0.0,0.0,1000,0.0
US.HH-US.HH-Stock change-TOT,CA,2008,0.0,0.0,0.0,1000,0.0
US.HH-US.HH-Stock change-TOT,CA,2009,0.0,0.0,0.0,1000,0.0
US.HH-US.HH-Stock change-TOT,CA,2010,0.0,0.0,0.0,1000,0.0
US.HH-US.HH-Stock change-TOT,CA,2011,0.0,0.0,0.0,1000,0.0
US.HH-US.HH-Stock change-TOT,CA,2012,0.0,0.0,0.0,1000,0.0
US.HH-US.HH-Stock change-TOT,CA,2013,0.0,0.0,0.0,1000,0.0
US.HH-US.HH-Stock change-TOT,CA,2014,0.0,0.0,0.0,1000,0.0
US.HH-US.HH-Stock change-TOT,CA,2015,0.0,0.0,0.0,1000,0.0
US.HH-US.HH-Stock change-TOT,CA,2016,0.0,0.0,0.0,1000,0.0
US.HH-US.HH-Stock change-TOT,CA,2017,0.0,0.0,0.0,1000,0.0
US.HH-US.HH-Stock change-TOT,CA,2018,0.0,0.0,0.0,1000,0.0
US.HH-US.HH-Stock change-TOT,CA,2019,0.0,0.0,0.0,1000,0.0
US.HH-US.HH-Stock change-TOT,CA,2020,0.0,0.0,0.0,1000,0.0
US.HH-US.HH-Stock change-TOT,CA,2021,0.0,0.0,0.0,1000,0.0
US.HH-US.HH-Stock change-TOT,CA,2022,0.0,0.0,0.0,1000,0.0
US.HH-US.HH-Stock change-TOT,CA,2023,0.0,0.0,0.0,1000,0.0
US.HH-US.HH-Stock change-TOT,CA,2024,0.0,0.0,0.0,1000,0.0
US.HH-US.HH-Stock change-TOT,CA,2025,0.0,0.0,0.0,1000,0.0
US.HH-US.HH-Stock change-TOT,CORE,1988,-16.787500145833747,-33.69228863737252,-0.4668456385522907,1000,-17.049457250271075
US.HH-US.HH-Stock change-TOT,CORE,1989,-17.995715851554614,-34.90596321550935,-1.7356058271839874,1000,-18.262715319931083
US.HH-US.HH-Stock change-TOT,CORE,1990,-14.615885746469246,-31.57977187377877,1.6723384627432223,1000,-14.884260841631068
US.HH-US.HH-Stock change-TOT,CORE,1991,-12.587800277635385,-29.599716418543633,3.6418268864962817,1000,-12.86650257953108
US.HH-US.HH-Stock change-TOT,CORE,1992,-11.56828988053979,-28.596627036916786,4.623906516852057,1000,-11.832067824511071
US.HH-US.HH-Stock change-TOT,CORE,1993,-9.696888468011796,-26.755422443009792,6.507515372776544,1000,-9.954313832231072
US.HH-US.HH-Stock change-TOT,CORE,1994,-6.222035114331835,-23.359139911979344,9.94010552372575,1000,-6.491571196891073
US.HH-US.HH-Stock change-TOT,CORE,1995,-6.766198813285822,-23.909143242246955,9.406027838611946,1000,-7.034181680371077
US.HH-US.HH-Stock change-TOT,CORE,1996,-8.113074230895165,-25.25095547870131,8.079808938000394,1000,-8.38040004813108
US.HH-US.HH-Stock change-TOT,CORE,1997,-5.3479262350973364,-22.532485692373072,10.747208168882354,1000,-5.641606957571064
US.HH-US.HH-Stock change-TOT,CORE,1998,-3.8100821505536437,-20.930027126703415,12.293559102994012,1000,-4.089729318611077
US.HH-US.HH-Stock change-TOT,CORE,1999,-3.063350731066965,-19.300094669040696,12.454632364005512,1000,-3.3527610426510748
US.HH-US.HH-Stock change-TOT,CORE,2000,2.5976592942160224,-12.845119021993353,17.556463614080354,1000,2.306228815208925
US.HH-US.HH-Stock change-TOT,CORE,2001,1.5029579132945194,-13.280349880678205,15.381180276193394,1000,1.1180960513422562
US.HH-US.HH-Stock change-TOT,CORE,2002,8.526458717566083,-5.496100899298521,21.898219019419816,1000,8.167320371535595
US.HH-US.HH-Stock change-TOT,CORE,2003,15.965893028012957,2.8657882222578444,28.779931837386435,1000,15.642678383828915
US.HH-US.HH-Stock change-TOT,CORE,2004,20.32239383857788,7.613535247399035,31.947963493369834,1000,19.850939285322255
US.HH-US.HH-Stock change-TOT,CORE,2005,24.309276711189202,12.227125186162688,35.52652661362038,1000,23.8908387743709
US.HH-US.HH-Stock change-TOT,CORE,2006,27.427806379118568,15.912486471434862,38.08444599377566,1000,26.92355266221439
US.HH-US.HH-Stock change-TOT,CORE,2007,31.720791947756776,20.79754110081576,41.837629054789446,1000,31.199261819159226
US.HH-US.HH-Stock change-TOT,CORE,2008,33.13505197221478,23.154648306681032,42.85165828539944,1000,32.81617339892779
US.HH-US.HH-Stock change-TOT,CORE,2009,26.454910149920174,17.137675686580195,35.23600798958554,1000,26.113825527241538
US.HH-US.HH-Stock change-TOT,CORE,2010,35.207975964611975,26.2634682291567,43.61357905157145,1000,34.815562520886814
US.HH-US.HH-Stock change-TOT,CORE,2011,36.750325270052315,28.076307620335623,44.959223659275025,1000,36.31664307930201
US.HH-US.HH-Stock change-TOT,CORE,2012,24.46999379161316,16.627568137403358,32.252257044222574,1000,24.144154168034767
US.HH-US.HH-Stock change-TOT,CORE,2013,28.190897405094592,20.58773030420593,35.59764082668824,1000,27.82052959612949
US.HH-US.HH-Stock change-TOT,CORE,2014,25.928167738439537,18.47217589869924,33.07873124427891,1000,25.56135028446795
US.HH-US.HH-Stock change-TOT,CORE,2015,23.167191125145777,15.867433208807597,30.225208906218395,1000,22.88566576093922
US.HH-US.HH-Stock change-TOT,CORE,2016,23.042112417909337,15.669423996052453,30.005268859682946,1000,22.71925488642266
US.HH-US.HH-Stock change-TOT,CORE,2017,19.738398302585352,12.231195660603431,26.719398372256705,1000,19.465344341694106
US.HH-US.HH-Stock change-TOT,CORE,2018,16.79906620609586,8.868863152971224,23.995748927361774,1000,16.537079110353943
US.HH-US.HH-Stock change-TOT,CORE,2019,8.434091758953869,1.932560853229901,14.806974995118487,1000,8.325216546858513
US.HH-US.HH-Stock change-TOT,CORE,2020,-0.034776469456296866,-6.7226382316002775,7.047713035735771,1000,0.04755539033438083
US.HH-US.HH-Stock change-TOT,CORE,2021,4.772420948698091,-3.543125513453637,13.714059441146029,1000,5.065656931953711
US.HH-US.HH-Stock change-TOT,CORE,2022,3.5534025499721267,-7.04130035503899,15.201911027388968,1000,3.8280753966147216
US.HH-US.HH-Stock change-TOT,CORE,2023,-5.724452561466592,-13.719163434808841,2.576020335555783,1000,-5.716748845031731
US.HH-US.HH-Stock change-TOT,CORE,2024,-0.5919308917485182,-8.059100665849302,6.839459732108707,1000,-0.5724042858383172
US.HH-US.HH-Stock change-TOT,CORE,2025,5.5060773247719155,-5.4931972209144275,16.07614446559137,1000,5.303235243747153
US.HH-US.HH-Stock change-TOT,OM,1988,0.0,0.0,0.0,1000,0.0
US.HH-US.HH-Stock change-TOT,OM,1989,0.0,0.0,0.0,1000,0.0
US.HH-US.HH-Stock change-TOT,OM,1990,0.0,0.0,0.0,1000,0.0
US.HH-US.HH-Stock change-TOT,OM,1991,0.0,0.0,0.0,1000,0.0
US.HH-US.HH-Stock change-TOT,OM,1992,0.0,0.0,0.0,1000,0.0
US.HH-US.HH-Stock change-TOT,OM,1993,0.0,0.0,0.0,1000,0.0
US.HH-US.HH-Stock change-TOT,OM,1994,0.0,0.0,0.0,1000,0.0
US.HH-US.HH-Stock change-TOT,OM,1995,0.0,0.0,0.0,1000,0.0
US.HH-US.HH-Stock change-TOT,OM,1996,0.0,0.0,0.0,1000,0.0
US.HH-US.HH-Stock change-TOT,OM,1997,0.0,0.0,0.0,1000,0.0
US.HH-US.HH-Stock change-TOT,OM,1998,0.0,0.0,0.0,1000,0.0
US.HH-US.HH-Stock change-TOT,OM,1999,0.0,0.0,0.0,1000,0.0
US.HH-US.HH-Stock change-TOT,OM,2000,0.0,0.0,0.0,1000,0.0
US.HH-US.HH-Stock change-TOT,OM,2001,0.0,0.0,0.0,1000,0.0
US.HH-US.HH-Stock change-TOT,OM,2002,0.0,0.0,0.0,1000,0.0
US.HH-US.HH-Stock change-TOT,OM,2003,0.0,0.0,0.0,1000,0.0
US.HH-US.HH-Stock change-TOT,OM,2004,0.0,0.0,0.0,1000,0.0
US.HH-US.HH-Stock change-TOT,OM,2005,0.0,0.0,0.0,1000,0.0
US.HH-US.HH-Stock change-TOT,OM,2006,0.0,0.0,0.0,1000,0.0
US.HH-US.HH-Stock change-TOT,OM,2007,0.0,0.0,0.0,1000,0.0
US.HH-US.HH-Stock change-TOT,OM,2008,0.0,0.0,0.0,1000,0.0
US.HH-US.HH-Stock change-TOT,OM,2009,0.0,0.0,0.0,1000,0.0
US.HH-US.HH-Stock change-TOT,OM,2010,0.0,0.0,0.0,1000,0.0
US.HH-US.HH-Stock change-TOT,OM,2011,0.0,0.0,0.0,1000,0.0
US.HH-US.HH-Stock change-TOT,OM,2012,0.0,0.0,0.0,1000,0.0
US.HH-US.HH-Stock change-TOT,OM,2013,0.0,0.0,0.0,1000,0.0
US.HH-US.HH-Stock change-TOT,OM,2014,0.0,0.0,0.0,1000,0.0
US.HH-US.HH-Stock change-TOT,OM,2015,0.0,0.0,0.0,1000,0.0
US.HH-US.HH-Stock change-TOT,OM,2016,0.0,0.0,0.0,1000,0.0
US.HH-US.HH-Stock change-TOT,OM,2017,0.0,0.0,0.0,1000,0.0
US.HH-US.HH-Stock change-TOT,OM,2018,0.0,0.0,0.0,1000,0.0
US.HH-US.HH-Stock change-TOT,OM,2019,0.0,0.0,0.0,1000,0.0
US.HH-US.HH-Stock change-TOT,OM,2020,0.0,0.0,0.0,1000,0.0
US.HH-US.HH-Stock change-TOT,OM,2021,0.0,0.0,0.0,1000,0.0
US.HH-US.HH-Stock change-TOT,OM,2022,0.0,0.0,0.0,1000,0.0
US.HH-US.HH-Stock change-TOT,OM,2023,0.0,0.0,0.0,1000,0.0
US.HH-US.HH-Stock change-TOT,OM,2024,0.0,0.0,0.0,1000,0.0
US.HH-US.HH-Stock change-TOT,OM,2025,0.0,0.0,0.0,1000,0.0
US.HH-US.HH-Stock change-TOT,SA,1988,0.0,0.0,0.0,1000,0.0
US.HH-US.HH-Stock change-TOT,SA,1989,0.0,0.0,0.0,1000,0.0
US.HH-US.HH-Stock change-TOT,SA,1990,0.0,0.0,0.0,1000,0.0
US.HH-US.HH-Stock change-TOT,SA,1991,0.0,0.0,0.0,1000,0.0
US.HH-US.HH-Stock change-TOT,SA,1992,0.0,0.0,0.0,1000,0.0
US.HH-US.HH-Stock change-TOT,SA,1993,0.0,0.0,0.0,1000,0.0
US.HH-US.HH-Stock change-TOT,SA,1994,0.0,0.0,0.0,1000,0.0
US.HH-US.HH-Stock change-TOT,SA,1995,0.0,0.0,0.0,1000,0.0
US.HH-US.HH-Stock change-TOT,SA,1996,0.0,0.0,0.0,1000,0.0
US.HH-US.HH-Stock change-TOT,SA,1997,0.0,0.0,0.0,1000,0.0
US.HH-US.HH-Stock change-TOT,SA,1998,0.0,0.0,0.0,1000,0.0
US.HH-US.HH-Stock change-TOT,SA,1999,0.0,0.0,0.0,1000,0.0
US.HH-US.HH-Stock change-TOT,SA,2000,0.0,0.0,0.0,1000,0.0
US.HH-US.HH-Stock change-TOT,SA,2001,0.0,0.0,0.0,1000,0.0
US.HH-US.HH-Stock change-TOT,SA,2002,0.0,0.0,0.0,1000,0.0
US.HH-US.HH-Stock change-TOT,SA,2003,0.0,0.0,0.0,1000,0.0
US.HH-US.HH-Stock change-TOT,SA,2004,0.0,0.0,0.0,1000,0.0
US.HH-US.HH-Stock change-TOT,SA,2005,0.0,0.0,0.0,1000,0.0
US.HH-US.HH-Stock change-TOT,SA,2006,0.0,0.0,0.0,1000,0.0
US.HH-US.HH-Stock change-TOT,SA,2007,0.0,0.0,0.0,1000,0.0
US.HH-US.HH-Stock change-TOT,SA,2008,0.0,0.0,0.0,1000,0.0
US.HH-US.HH-Stock change-TOT,SA,2009,0.0,0.0,0.0,1000,0.0
US.HH-US.HH-Stock change-TOT,SA,2010,0.0,0.0,0.0,1000,0.0
US.HH-US.HH-Stock change-TOT,SA,2011,0.0,0.0,0.0,1000,0.0
US.HH-US.HH-Stock change-TOT,SA,2012,0.0,0.0,0.0,1000,0.0
US.HH-US.HH-Stock change-TOT,SA,2013,0.0,0.0,0.0,1000,0.0
US.HH-US.HH-Stock change-TOT,SA,2014,0.0,0.0,0.0,1000,0.0
US.HH-US.HH-Stock change-TOT,SA,2015,0.0,0.0,0.0,1000,0.0
US.HH-US.HH-Stock change-TOT,SA,2016,0.0,0.0,0.0,1000,0.0
US.HH-US.HH-Stock change-TOT,SA,2017,0.0,0.0,0.0,1000,0.0
US.HH-US.HH-Stock change-TOT,SA,2018,0.0,0.0,0.0,1000,0.0
US.HH-US.HH-Stock change-TOT,SA,2019,0.0,0.0,0.0,1000,0.0
US.HH-US.HH-Stock change-TOT,SA,2020,0.0,0.0,0.0,1000,0.0
US.HH-US.HH-Stock change-TOT,SA,2021,0.0,0.0,0.0,1000,0.0
US.HH-US.HH-Stock change-TOT,SA,2022,0.0,0.0,0.0,1000,0.0
US.HH-US.HH-Stock change-TOT,SA,2023,0.0,0.0,0.0,1000,0.0
US.HH-US.HH-Stock change-TOT,SA,2024,0.0,0.0,0.0,1000,0.0
US.HH-US.HH-Stock change-TOT,SA,2025,0.0,0.0,0.0,1000,0.0
US.HH-US.HH-Stock change-TOT,TA,1988,0.0,0.0,0.0,1000,0.0
US.HH-US.HH-Stock change-TOT,TA,1989,0.0,0.0,0.0,1000,0.0
US.HH-US.HH-Stock change-TOT,TA,1990,0.0,0.0,0.0,1000,0.0
US.HH-US.HH-Stock change-TOT,TA,1991,0.0,0.0,0.0,1000,0.0
US.HH-US.HH-Stock change-TOT,TA,1992,0.0,0.0,0.0,1000,0.0
US.HH-US.HH-Stock change-TOT,TA,1993,0.0,0.0,0.0,1000,0.0
US.HH-US.HH-Stock change-TOT,TA,1994,0.0,0.0,0.0,1000,0.0
US.HH-US.HH-Stock change-TOT,TA,1995,0.0,0.0,0.0,1000,0.0
US.HH-US.HH-Stock change-TOT,TA,1996,0.0,0.0,0.0,1000,0.0
US.HH-US.HH-Stock change-TOT,TA,1997,0.0,0.0,0.0,1000,0.0
US.HH-US.HH-Stock change-TOT,TA,1998,0.0,0.0,0.0,1000,0.0
US.HH-US.HH-Stock change-TOT,TA,1999,0.0,0.0,0.0,1000,0.0
US.HH-US.HH-Stock change-TOT,TA,2000,0.0,0.0,0.0,1000,0.0
US.HH-US.HH-Stock change-TOT,TA,2001,0.0,0.0,0.0,1000,0.0
US.HH-US.HH-Stock change-TOT,TA,2002,0.0,0.0,0.0,1000,0.0
US.HH-US.HH-Stock change-TOT,TA,2003,0.0,0.0,0.0,1000,0.0
US.HH-US.HH-Stock change-TOT,TA,2004,0.0,0.0,0.0,1000,0.0
US.HH-US.HH-Stock change-TOT,TA,2005,0.0,0.0,0.0,1000,0.0
US.HH-US.HH-Stock change-TOT,TA,2006,0.0,0.0,0.0,1000,0.0
US.HH-US.HH-Stock change-TOT,TA,2007,0.0,0.0,0.0,1000,0.0
US.HH-US.HH-Stock change-TOT,TA,2008,0.0,0.0,0.0,1000,0.0
US.HH-US.HH-Stock change-TOT,TA,2009,0.0,0.0,0.0,1000,0.0
US.HH-US.HH-Stock change-TOT,TA,2010,0.0,0.0,0.0,1000,0.0
US.HH-US.HH-Stock change-TOT,TA,2011,0.0,0.0,0.0,1000,0.0
US.HH-US.HH-Stock change-TOT,TA,2012,0.0,0.0,0.0,1000,0.0
US.HH-US.HH-Stock change-TOT,TA,2013,0.0,0.0,0.0,1000,0.0
US.HH-US.HH-Stock change-TOT,TA,2014,0.0,0.0,0.0,1000,0.0
US.HH-US.HH-Stock change-TOT,TA,2015,0.0,0.0,0.0,1000,0.0
US.HH-US.HH-Stock change-TOT,TA,2016,0.0,0.0,0.0,1000,0.0
US.HH-US.HH-Stock change-TOT,TA,2017,0.0,0.0,0.0,1000,0.0
US.HH-US.HH-Stock change-TOT,TA,2018,0.0,0.0,0.0,1000,0.0
US.HH-US.HH-Stock change-TOT,TA,2019,0.0,0.0,0.0,1000,0.0
US.HH-US.HH-Stock change-TOT,TA,2020,0.0,0.0,0.0,1000,0.0
US.HH-US.HH-Stock change-TOT,TA,2021,0.0,0.0,0.0,1000,0.0
US.HH-US.HH-Stock change-TOT,TA,2022,0.0,0.0,0.0,1000,0.0
US.HH-US.HH-Stock change-TOT,TA,2023,0.0,0.0,0.0,1000,0.0
US.HH-US.HH-Stock change-TOT,TA,2024,0.0,0.0,0.0,1000,0.0
US.HH-US.HH-Stock change-TOT,TA,2025,0.0,0.0,0.0,1000,0.0
US.HH-WM.RS-Reusable textiles in residual and bulky waste-TOT,CA,1988,0.0,0.0,0.0,1000,0.0
US.HH-WM.RS-Reusable textiles in residual and bulky waste-TOT,CA,1989,0.0,0.0,0.0,1000,0.0
US.HH-WM.RS-Reusable textiles in residual and bulky waste-TOT,CA,1990,0.0,0.0,0.0,1000,0.0
US.HH-WM.RS-Reusable textiles in residual and bulky waste-TOT,CA,1991,0.0,0.0,0.0,1000,0.0
US.HH-WM.RS-Reusable textiles in residual and bulky waste-TOT,CA,1992,0.0,0.0,0.0,1000,0.0
US.HH-WM.RS-Reusable textiles in residual and bulky waste-TOT,CA,1993,0.0,0.0,0.0,1000,0.0
US.HH-WM.RS-Reusable textiles in residual and bulky waste-TOT,CA,1994,0.0,0.0,0.0,1000,0.0
US.HH-WM.RS-Reusable textiles in residual and bulky waste-TOT,CA,1995,0.0,0.0,0.0,1000,0.0
US.HH-WM.RS-Reusable textiles in residual and bulky waste-TOT,CA,1996,0.0,0.0,0.0,1000,0.0
US.HH-WM.RS-Reusable textiles in residual and bulky waste-TOT,CA,1997,0.0,0.0,0.0,1000,0.0
US.HH-WM.RS-Reusable textiles in residual and bulky waste-TOT,CA,1998,0.0,0.0,0.0,1000,0.0
US.HH-WM.RS-Reusable textiles in residual and bulky waste-TOT,CA,1999,0.0,0.0,0.0,1000,0.0
US.HH-WM.RS-Reusable textiles in residual and bulky waste-TOT,CA,2000,0.0,0.0,0.0,1000,0.0
US.HH-WM.RS-Reusable textiles in residual and bulky waste-TOT,CA,2001,0.0,0.0,0.0,1000,0.0
US.HH-WM.RS-Reusable textiles in residual and bulky waste-TOT,CA,2002,0.0,0.0,0.0,1000,0.0
US.HH-WM.RS-Reusable textiles in residual and bulky waste-TOT,CA,2003,0.0,0.0,0.0,1000,0.0
US.HH-WM.RS-Reusable textiles in residual and bulky waste-TOT,CA,2004,0.0,0.0,0.0,1000,0.0
US.HH-WM.RS-Reusable textiles in residual and bulky waste-TOT,CA,2005,0.0,0.0,0.0,1000,0.0
US.HH-WM.RS-Reusable textiles in residual and bulky waste-TOT,CA,2006,0.0,0.0,0.0,1000,0.0
US.HH-WM.RS-Reusable textiles in residual and bulky waste-TOT,CA,2007,0.0,0.0,0.0,1000,0.0
US.HH-WM.RS-Reusable textiles in residual and bulky waste-TOT,CA,2008,0.0,0.0,0.0,1000,0.0
US.HH-WM.RS-Reusable textiles in residual and bulky waste-TOT,CA,2009,0.0,0.0,0.0,1000,0.0
US.HH-WM.RS-Reusable textiles in residual and bulky waste-TOT,CA,2010,0.0,0.0,0.0,1000,0.0
US.HH-WM.RS-Reusable textiles in residual and bulky waste-TOT,CA,2011,0.0,0.0,0.0,1000,0.0
US.HH-WM.RS-Reusable textiles in residual and bulky waste-TOT,CA,2012,0.0,0.0,0.0,1000,0.0
US.HH-WM.RS-Reusable textiles in residual and bulky waste-TOT,CA,2013,0.0,0.0,0.0,1000,0.0
US.HH-WM.RS-Reusable textiles in residual and bulky waste-TOT,CA,2014,0.0,0.0,0.0,1000,0.0
US.HH-WM.RS-Reusable textiles in residual and bulky waste-TOT,CA,2015,0.0,0.0,0.0,1000,0.0
US.HH-WM.RS-Reusable textiles in residual and bulky waste-TOT,CA,2016,0.0,0.0,0.0,1000,0.0
US.HH-WM.RS-Reusable textiles in residual and bulky waste-TOT,CA,2017,0.0,0.0,0.0,1000,0.0
US.HH-WM.RS-Reusable textiles in residual and bulky waste-TOT,CA,2018,0.0,0.0,0.0,1000,0.0
US.HH-WM.RS-Reusable textiles in residual and bulky waste-TOT,CA,2019,0.0,0.0,0.0,1000,0.0
US.HH-WM.RS-Reusable textiles in residual and bulky waste-TOT,CA,2020,0.0,0.0,0.0,1000,0.0
US.HH-WM.RS-Reusable textiles in residual and bulky waste-TOT,CA,2021,0.0,0.0,0.0,1000,0.0
US.HH-WM.RS-Reusable textiles in residual and bulky waste-TOT,CA,2022,0.0,0.0,0.0,1000,0.0
US.HH-WM.RS-Reusable textiles in residual and bulky waste-TOT,CA,2023,0.0,0.0,0.0,1000,0.0
US.HH-WM.RS-Reusable textiles in residual and bulky waste-TOT,CA,2024,0.0,0.0,0.0,1000,0.0
US.HH-WM.RS-Reusable textiles in residual and bulky waste-TOT,CA,2025,0.0,0.0,0.0,1000,0.0
US.HH-WM.RS-Reusable textiles in residual and bulky waste-TOT,CORE,1988,16.32205044872761,9.813000595558377,25.595335856467866,1000,16.380000000000003
US.HH-WM.RS-Reusable textiles in residual and bulky waste-TOT,CORE,1989,16.32205044872761,9.813000595558377,25.595335856467866,1000,16.380000000000003
US.HH-WM.RS-Reusable textiles in residual and bulky waste-TOT,CORE,1990,16.32205044872761,9.813000595558377,25.595335856467866,1000,16.380000000000003
US.HH-WM.RS-Reusable textiles in residual and bulky waste-TOT,CORE,1991,16.32205044872761,9.813000595558377,25.595335856467866,1000,16.380000000000003
US.HH-WM.RS-Reusable textiles in residual and bulky waste-TOT,CORE,1992,16.32205044872761,9.813000595558377,25.595335856467866,1000,16.380000000000003
US.HH-WM.RS-Reusable textiles in residual and bulky waste-TOT,CORE,1993,16.32205044872761,9.813000595558377,25.595335856467866,1000,16.380000000000003
US.HH-WM.RS-Reusable textiles in residual and bulky waste-TOT,CORE,1994,16.32205044872761,9.813000595558377,25.595335856467866,1000,16.380000000000003
US.HH-WM.RS-Reusable textiles in residual and bulky waste-TOT,CORE,1995,16.32205044872761,9.813000595558377,25.595335856467866,1000,16.380000000000003
US.HH-WM.RS-Reusable textiles in residual and bulky waste-TOT,CORE,1996,16.32205044872761,9.813000595558377,25.595335856467866,1000,16.380000000000003
US.HH-WM.RS-Reusable textiles in residual and bulky waste-TOT,CORE,1997,16.32205044872761,9.813000595558377,25.595335856467866,1000,16.380000000000003
US.HH-WM.RS-Reusable textiles in residual and bulky waste-TOT,CORE,1998,16.32205044872761,9.813000595558377,25.595335856467866,1000,16.380000000000003
US.HH-WM.RS-Reusable textiles in residual and bulky waste-TOT,CORE,1999,15.964658190940403,9.643092617305228,25.009355121149152,1000,16.0027
US.HH-WM.RS-Reusable textiles in residual and bulky waste-TOT,CORE,2000,15.620634980350854,9.450402385096181,24.39052456533184,1000,15.6254
US.HH-WM.RS-Reusable textiles in residual and bulky waste-TOT,CORE,2001,15.23727205893245,9.244007171605901,23.71215397623059,1000,15.248100000000003
US.HH-WM.RS-Reusable textiles in residual and bulky waste-TOT,CORE,2002,14.872345822459328,9.039271922898376,23.04550844769644,1000,14.870800000000001
US.HH-WM.RS-Reusable textiles in residual and bulky waste-TOT,CORE,2003,14.512543036221466,8.808315116612587,22.28274366608959,1000,14.493500000000003
US.HH-WM.RS-Reusable textiles in residual and bulky waste-TOT,CORE,2004,14.118696048634495,8.6742691775838,21.6519074080305,1000,14.116200000000001
US.HH-WM.RS-Reusable textiles in residual and bulky waste-TOT,CORE,2005,13.731558207846296,8.539899162499792,21.013854443986034,1000,13.738900000000003
US.HH-WM.RS-Reusable textiles in residual and bulky waste-TOT,CORE,2006,13.364616477387727,8.325607739611558,20.40426741739666,1000,13.361600000000001
US.HH-WM.RS-Reusable textiles in residual and bulky waste-TOT,CORE,2007,12.937765252101595,8.137806657193815,19.78438037471206,1000,12.984300000000001
US.HH-WM.RS-Reusable textiles in residual and bulky waste-TOT,CORE,2008,12.586811834370854,7.944656230596433,19.25490766973584,1000,12.607000000000001
US.HH-WM.RS-Reusable textiles in residual and bulky waste-TOT,CORE,2009,12.245318709025558,7.7173509192538745,18.733054704217295,1000,12.229700000000001
US.HH-WM.RS-Reusable textiles in residual and bulky waste-TOT,CORE,2010,11.886340870142629,7.481232304674558,18.160872174242645,1000,11.852400000000001
US.HH-WM.RS-Reusable textiles in residual and bulky waste-TOT,CORE,2011,11.513285121351299,7.275389878546028,17.518531675326578,1000,11.475100000000001
US.HH-WM.RS-Reusable textiles in residual and bulky waste-TOT,CORE,2012,11.771277541061878,7.7879095422505555,17.246253723088763,1000,11.717547272727272
US.HH-WM.RS-Reusable textiles in residual and bulky waste-TOT,CORE,2013,11.971831121289592,8.330007794834843,17.048909775890127,1000,11.917854545454547
US.HH-WM.RS-Reusable textiles in residual and bulky waste-TOT,CORE,2014,12.116885844558416,8.758636570275836,16.793461461702147,1000,12.076021818181818
US.HH-WM.RS-Reusable textiles in residual and bulky waste-TOT,CORE,2015,12.19601148329508,9.102876246446241,16.49541605352578,1000,12.192049090909093
US.HH-WM.RS-Reusable textiles in residual and bulky waste-TOT,CORE,2016,12.321608614000299,9.158331274585,16.398244131158535,1000,12.265936363636367
US.HH-WM.RS-Reusable textiles in residual and bulky waste-TOT,CORE,2017,12.330349349284194,9.059420119456822,16.290151442124895,1000,12.297683636363637
US.HH-WM.RS-Reusable textiles in residual and bulky waste-TOT,CORE,2018,12.272033853514536,8.989139818752731,16.613218613562488,1000,12.287290909090911
US.HH-WM.RS-Reusable textiles in residual and bulky waste-TOT,CORE,2019,14.550023881608563,10.938565817491675,18.643171822224467,1000,14.528484181818182
US.HH-WM.RS-Reusable textiles in residual and bulky waste-TOT,CORE,2020,16.94011960549499,12.522902344109506,21.67812404492641,1000,16.904611454545453
US.HH-WM.RS-Reusable textiles in residual and bulky waste-TOT,CORE,2021,19.369049040999116,13.958957225041551,25.393820223957192,1000,19.415672727272728
US.HH-WM.RS-Reusable textiles in residual and bulky waste-TOT,CORE,2022,21.998610832215835,15.135634250857127,29.686649708298496,1000,22.061668
US.HH-WM.RS-Reusable textiles in residual and bulky waste-TOT,CORE,2023,20.534376243110405,16.0930131077344,25.67784987908043,1000,20.554095333333333
US.HH-WM.RS-Reusable textiles in residual and bulky waste-TOT,CORE,2024,19.006108322350176,15.211870671087095,23.326928620534414,1000,19.098698666666667
US.HH-WM.RS-Reusable textiles in residual and bulky waste-TOT,CORE,2025,17.518955756127816,12.932763653516494,23.1218118503188,1000,17.695478
US.HH-WM.RS-Reusable textiles in residual and bulky waste-TOT,OM,1988,0.0,0.0,0.0,1000,0.0
US.HH-WM.RS-Reusable textiles in residual and bulky waste-TOT,OM,1989,0.0,0.0,0.0,1000,0.0
US.HH-WM.RS-Reusable textiles in residual and bulky waste-TOT,OM,1990,0.0,0.0,0.0,1000,0.0
US.HH-WM.RS-Reusable textiles in residual and bulky waste-TOT,OM,1991,0.0,0.0,0.0,1000,0.0
US.HH-WM.RS-Reusable textiles in residual and bulky waste-TOT,OM,1992,0.0,0.0,0.0,1000,0.0
US.HH-WM.RS-Reusable textiles in residual and bulky waste-TOT,OM,1993,0.0,0.0,0.0,1000,0.0
US.HH-WM.RS-Reusable textiles in residual and bulky waste-TOT,OM,1994,0.0,0.0,0.0,1000,0.0
US.HH-WM.RS-Reusable textiles in residual and bulky waste-TOT,OM,1995,0.0,0.0,0.0,1000,0.0
US.HH-WM.RS-Reusable textiles in residual and bulky waste-TOT,OM,1996,0.0,0.0,0.0,1000,0.0
US.HH-WM.RS-Reusable textiles in residual and bulky waste-TOT,OM,1997,0.0,0.0,0.0,1000,0.0
US.HH-WM.RS-Reusable textiles in residual and bulky waste-TOT,OM,1998,0.0,0.0,0.0,1000,0.0
US.HH-WM.RS-Reusable textiles in residual and bulky waste-TOT,OM,1999,0.0,0.0,0.0,1000,0.0
US.HH-WM.RS-Reusable textiles in residual and bulky waste-TOT,OM,2000,0.0,0.0,0.0,1000,0.0
US.HH-WM.RS-Reusable textiles in residual and bulky waste-TOT,OM,2001,0.0,0.0,0.0,1000,0.0
US.HH-WM.RS-Reusable textiles in residual and bulky waste-TOT,OM,2002,0.0,0.0,0.0,1000,0.0
US.HH-WM.RS-Reusable textiles in residual and bulky waste-TOT,OM,2003,0.0,0.0,0.0,1000,0.0
US.HH-WM.RS-Reusable textiles in residual and bulky waste-TOT,OM,2004,0.0,0.0,0.0,1000,0.0
US.HH-WM.RS-Reusable textiles in residual and bulky waste-TOT,OM,2005,0.0,0.0,0.0,1000,0.0
US.HH-WM.RS-Reusable textiles in residual and bulky waste-TOT,OM,2006,0.0,0.0,0.0,1000,0.0
US.HH-WM.RS-Reusable textiles in residual and bulky waste-TOT,OM,2007,0.0,0.0,0.0,1000,0.0
US.HH-WM.RS-Reusable textiles in residual and bulky waste-TOT,OM,2008,0.0,0.0,0.0,1000,0.0
US.HH-WM.RS-Reusable textiles in residual and bulky waste-TOT,OM,2009,0.0,0.0,0.0,1000,0.0
US.HH-WM.RS-Reusable textiles in residual and bulky waste-TOT,OM,2010,0.0,0.0,0.0,1000,0.0
US.HH-WM.RS-Reusable textiles in residual and bulky waste-TOT,OM,2011,0.0,0.0,0.0,1000,0.0
US.HH-WM.RS-Reusable textiles in residual and bulky waste-TOT,OM,2012,0.0,0.0,0.0,1000,0.0
US.HH-WM.RS-Reusable textiles in residual and bulky waste-TOT,OM,2013,0.0,0.0,0.0,1000,0.0
US.HH-WM.RS-Reusable textiles in residual and bulky waste-TOT,OM,2014,0.0,0.0,0.0,1000,0.0
US.HH-WM.RS-Reusable textiles in residual and bulky waste-TOT,OM,2015,0.0,0.0,0.0,1000,0.0
US.HH-WM.RS-Reusable textiles in residual and bulky waste-TOT,OM,2016,0.0,0.0,0.0,1000,0.0
US.HH-WM.RS-Reusable textiles in residual and bulky waste-TOT,OM,2017,0.0,0.0,0.0,1000,0.0
US.HH-WM.RS-Reusable textiles in residual and bulky waste-TOT,OM,2018,0.0,0.0,0.0,1000,0.0
US.HH-WM.RS-Reusable textiles in residual and bulky waste-TOT,OM,2019,0.0,0.0,0.0,1000,0.0
US.HH-WM.RS-Reusable textiles in residual and bulky waste-TOT,OM,2020,0.0,0.0,0.0,1000,0.0
US.HH-WM.RS-Reusable textiles in residual and bulky waste-TOT,OM,2021,0.0,0.0,0.0,1000,0.0
US.HH-WM.RS-Reusable textiles in residual and bulky waste-TOT,OM,2022,0.0,0.0,0.0,1000,0.0
US.HH-WM.RS-Reusable textiles in residual and bulky waste-TOT,OM,2023,0.0,0.0,0.0,1000,0.0
US.HH-WM.RS-Reusable textiles in residual and bulky waste-TOT,OM,2024,0.0,0.0,0.0,1000,0.0
US.HH-WM.RS-Reusable textiles in residual and bulky waste-TOT,OM,2025,0.0,0.0,0.0,1000,0.0
US.HH-WM.RS-Reusable textiles in residual and bulky waste-TOT,SA,1988,0.0,0.0,0.0,1000,0.0
US.HH-WM.RS-Reusable textiles in residual and bulky waste-TOT,SA,1989,0.0,0.0,0.0,1000,0.0
US.HH-WM.RS-Reusable textiles in residual and bulky waste-TOT,SA,1990,0.0,0.0,0.0,1000,0.0
US.HH-WM.RS-Reusable textiles in residual and bulky waste-TOT,SA,1991,0.0,0.0,0.0,1000,0.0
US.HH-WM.RS-Reusable textiles in residual and bulky waste-TOT,SA,1992,0.0,0.0,0.0,1000,0.0
US.HH-WM.RS-Reusable textiles in residual and bulky waste-TOT,SA,1993,0.0,0.0,0.0,1000,0.0
US.HH-WM.RS-Reusable textiles in residual and bulky waste-TOT,SA,1994,0.0,0.0,0.0,1000,0.0
US.HH-WM.RS-Reusable textiles in residual and bulky waste-TOT,SA,1995,0.0,0.0,0.0,1000,0.0
US.HH-WM.RS-Reusable textiles in residual and bulky waste-TOT,SA,1996,0.0,0.0,0.0,1000,0.0
US.HH-WM.RS-Reusable textiles in residual and bulky waste-TOT,SA,1997,0.0,0.0,0.0,1000,0.0
US.HH-WM.RS-Reusable textiles in residual and bulky waste-TOT,SA,1998,0.0,0.0,0.0,1000,0.0
US.HH-WM.RS-Reusable textiles in residual and bulky waste-TOT,SA,1999,0.0,0.0,0.0,1000,0.0
US.HH-WM.RS-Reusable textiles in residual and bulky waste-TOT,SA,2000,0.0,0.0,0.0,1000,0.0
US.HH-WM.RS-Reusable textiles in residual and bulky waste-TOT,SA,2001,0.0,0.0,0.0,1000,0.0
US.HH-WM.RS-Reusable textiles in residual and bulky waste-TOT,SA,2002,0.0,0.0,0.0,1000,0.0
US.HH-WM.RS-Reusable textiles in residual and bulky waste-TOT,SA,2003,0.0,0.0,0.0,1000,0.0
US.HH-WM.RS-Reusable textiles in residual and bulky waste-TOT,SA,2004,0.0,0.0,0.0,1000,0.0
US.HH-WM.RS-Reusable textiles in residual and bulky waste-TOT,SA,2005,0.0,0.0,0.0,1000,0.0
US.HH-WM.RS-Reusable textiles in residual and bulky waste-TOT,SA,2006,0.0,0.0,0.0,1000,0.0
US.HH-WM.RS-Reusable textiles in residual and bulky waste-TOT,SA,2007,0.0,0.0,0.0,1000,0.0
US.HH-WM.RS-Reusable textiles in residual and bulky waste-TOT,SA,2008,0.0,0.0,0.0,1000,0.0
US.HH-WM.RS-Reusable textiles in residual and bulky waste-TOT,SA,2009,0.0,0.0,0.0,1000,0.0
US.HH-WM.RS-Reusable textiles in residual and bulky waste-TOT,SA,2010,0.0,0.0,0.0,1000,0.0
US.HH-WM.RS-Reusable textiles in residual and bulky waste-TOT,SA,2011,0.0,0.0,0.0,1000,0.0
US.HH-WM.RS-Reusable textiles in residual and bulky waste-TOT,SA,2012,0.0,0.0,0.0,1000,0.0
US.HH-WM.RS-Reusable textiles in residual and bulky waste-TOT,SA,2013,0.0,0.0,0.0,1000,0.0
US.HH-WM.RS-Reusable textiles in residual and bulky waste-TOT,SA,2014,0.0,0.0,0.0,1000,0.0
US.HH-WM.RS-Reusable textiles in residual and bulky waste-TOT,SA,2015,0.0,0.0,0.0,1000,0.0
US.HH-WM.RS-Reusable textiles in residual and bulky waste-TOT,SA,2016,0.0,0.0,0.0,1000,0.0
US.HH-WM.RS-Reusable textiles in residual and bulky waste-TOT,SA,2017,0.0,0.0,0.0,1000,0.0
US.HH-WM.RS-Reusable textiles in residual and bulky waste-TOT,SA,2018,0.0,0.0,0.0,1000,0.0
US.HH-WM.RS-Reusable textiles in residual and bulky waste-TOT,SA,2019,0.0,0.0,0.0,1000,0.0
US.HH-WM.RS-Reusable textiles in residual and bulky waste-TOT,SA,2020,0.0,0.0,0.0,1000,0.0
US.HH-WM.RS-Reusable textiles in residual and bulky waste-TOT,SA,2021,0.0,0.0,0.0,1000,0.0
US.HH-WM.RS-Reusable textiles in residual and bulky waste-TOT,SA,2022,0.0,0.0,0.0,1000,0.0
US.HH-WM.RS-Reusable textiles in residual and bulky waste-TOT,SA,2023,0.0,0.0,0.0,1000,0.0
US.HH-WM.RS-Reusable textiles in residual and bulky waste-TOT,SA,2024,0.0,0.0,0.0,1000,0.0
US.HH-WM.RS-Reusable textiles in residual and bulky waste-TOT,SA,2025,0.0,0.0,0.0,1000,0.0
US.HH-WM.RS-Reusable textiles in residual and bulky waste-TOT,TA,1988,0.0,0.0,0.0,1000,0.0
US.HH-WM.RS-Reusable textiles in residual and bulky waste-TOT,TA,1989,0.0,0.0,0.0,1000,0.0
US.HH-WM.RS-Reusable textiles in residual and bulky waste-TOT,TA,1990,0.0,0.0,0.0,1000,0.0
US.HH-WM.RS-Reusable textiles in residual and bulky waste-TOT,TA,1991,0.0,0.0,0.0,1000,0.0
US.HH-WM.RS-Reusable textiles in residual and bulky waste-TOT,TA,1992,0.0,0.0,0.0,1000,0.0
US.HH-WM.RS-Reusable textiles in residual and bulky waste-TOT,TA,1993,0.0,0.0,0.0,1000,0.0
US.HH-WM.RS-Reusable textiles in residual and bulky waste-TOT,TA,1994,0.0,0.0,0.0,1000,0.0
US.HH-WM.RS-Reusable textiles in residual and bulky waste-TOT,TA,1995,0.0,0.0,0.0,1000,0.0
US.HH-WM.RS-Reusable textiles in residual and bulky waste-TOT,TA,1996,0.0,0.0,0.0,1000,0.0
US.HH-WM.RS-Reusable textiles in residual and bulky waste-TOT,TA,1997,0.0,0.0,0.0,1000,0.0
US.HH-WM.RS-Reusable textiles in residual and bulky waste-TOT,TA,1998,0.0,0.0,0.0,1000,0.0
US.HH-WM.RS-Reusable textiles in residual and bulky waste-TOT,TA,1999,0.0,0.0,0.0,1000,0.0
US.HH-WM.RS-Reusable textiles in residual and bulky waste-TOT,TA,2000,0.0,0.0,0.0,1000,0.0
US.HH-WM.RS-Reusable textiles in residual and bulky waste-TOT,TA,2001,0.0,0.0,0.0,1000,0.0
US.HH-WM.RS-Reusable textiles in residual and bulky waste-TOT,TA,2002,0.0,0.0,0.0,1000,0.0
US.HH-WM.RS-Reusable textiles in residual and bulky waste-TOT,TA,2003,0.0,0.0,0.0,1000,0.0
US.HH-WM.RS-Reusable textiles in residual and bulky waste-TOT,TA,2004,0.0,0.0,0.0,1000,0.0
US.HH-WM.RS-Reusable textiles in residual and bulky waste-TOT,TA,2005,0.0,0.0,0.0,1000,0.0
US.HH-WM.RS-Reusable textiles in residual and bulky waste-TOT,TA,2006,0.0,0.0,0.0,1000,0.0
US.HH-WM.RS-Reusable textiles in residual and bulky waste-TOT,TA,2007,0.0,0.0,0.0,1000,0.0
US.HH-WM.RS-Reusable textiles in residual and bulky waste-TOT,TA,2008,0.0,0.0,0.0,1000,0.0
US.HH-WM.RS-Reusable textiles in residual and bulky waste-TOT,TA,2009,0.0,0.0,0.0,1000,0.0
US.HH-WM.RS-Reusable textiles in residual and bulky waste-TOT,TA,2010,0.0,0.0,0.0,1000,0.0
US.HH-WM.RS-Reusable textiles in residual and bulky waste-TOT,TA,2011,0.0,0.0,0.0,1000,0.0
US.HH-WM.RS-Reusable textiles in residual and bulky waste-TOT,TA,2012,0.0,0.0,0.0,1000,0.0
US.HH-WM.RS-Reusable textiles in residual and bulky waste-TOT,TA,2013,0.0,0.0,0.0,1000,0.0
US.HH-WM.RS-Reusable textiles in residual and bulky waste-TOT,TA,2014,0.0,0.0,0.0,1000,0.0
US.HH-WM.RS-Reusable textiles in residual and bulky waste-TOT,TA,2015,0.0,0.0,0.0,1000,0.0
US.HH-WM.RS-Reusable textiles in residual and bulky waste-TOT,TA,2016,0.0,0.0,0.0,1000,0.0
US.HH-WM.RS-Reusable textiles in residual and bulky waste-TOT,TA,2017,0.0,0.0,0.0,1000,0.0
US.HH-WM.RS-Reusable textiles in residual and bulky waste-TOT,TA,2018,0.0,0.0,0.0,1000,0.0
US.HH-WM.RS-Reusable textiles in residual and bulky waste-TOT,TA,2019,0.0,0.0,0.0,1000,0.0
US.HH-WM.RS-Reusable textiles in residual and bulky waste-TOT,TA,2020,0.0,0.0,0.0,1000,0.0
US.HH-WM.RS-Reusable textiles in residual and bulky waste-TOT,TA,2021,0.0,0.0,0.0,1000,0.0
US.HH-WM.RS-Reusable textiles in residual and bulky waste-TOT,TA,2022,0.0,0.0,0.0,1000,0.0
US.HH-WM.RS-Reusable textiles in residual and bulky waste-TOT,TA,2023,0.0,0.0,0.0,1000,0.0
US.HH-WM.RS-Reusable textiles in residual and bulky waste-TOT,TA,2024,0.0,0.0,0.0,1000,0.0
US.HH-WM.RS-Reusable textiles in residual and bulky waste-TOT,TA,2025,0.0,0.0,0.0,1000,0.0
US.HH-WM.RS-Worn textiles in residual and bulky waste-TOT,CA,1988,19.92074504048727,18.999160307544727,20.855827588373927,1000,19.888591360000003
US.HH-WM.RS-Worn textiles in residual and bulky waste-TOT,CA,1989,17.51449371782909,16.704228339563166,18.336626493351616,1000,17.48622392
US.HH-WM.RS-Worn textiles in residual and bulky waste-TOT,CA,1990,15.155416137374981,14.454287735540152,15.866813482565465,1000,15.130954079999999
US.HH-WM.RS-Worn textiles in residual and bulky waste-TOT,CA,1991,12.892689515096402,12.296240647369181,13.4978741573568,1000,12.871879680000001
US.HH-WM.RS-Worn textiles in residual and bulky waste-TOT,CA,1992,12.3708440947268,11.798537133910752,12.951533240242956,1000,12.35087656
US.HH-WM.RS-Worn textiles in residual and bulky waste-TOT,CA,1993,10.990450669006009,10.482004246739747,11.50634395477969,1000,10.972711199999999
US.HH-WM.RS-Worn textiles in residual and bulky waste-TOT,CA,1994,11.434068944488576,10.905099603571022,11.970785733925611,1000,11.41561344
US.HH-WM.RS-Worn textiles in residual and bulky waste-TOT,CA,1995,10.436379553779847,9.953565881680262,10.926264664202503,1000,10.4195344
US.HH-WM.RS-Worn textiles in residual and bulky waste-TOT,CA,1996,10.27660406332146,9.801182014999279,10.758989289959448,1000,10.2600168
US.HH-WM.RS-Worn textiles in residual and bulky waste-TOT,CA,1997,10.39623868319472,9.915282030670614,10.884239575559024,1000,10.37945832
US.HH-WM.RS-Worn textiles in residual and bulky waste-TOT,CA,1998,10.18689550651458,9.7156236060006,10.66506980099638,1000,10.17045304
US.HH-WM.RS-Worn textiles in residual and bulky waste-TOT,CA,1999,9.411074308867157,8.975693885795005,9.852831448231203,1000,9.39588408
US.HH-WM.RS-Worn textiles in residual and bulky waste-TOT,CA,2000,10.113802648778869,9.645912211239263,10.588545954334053,1000,10.09747816
US.HH-WM.RS-Worn textiles in residual and bulky waste-TOT,CA,2001,9.254338845255965,8.826209406526075,9.688738800119136,1000,9.2394016
US.HH-WM.RS-Worn textiles in residual and bulky waste-TOT,CA,2002,9.922759569924605,9.463707274956906,10.388535286739103,1000,9.906743440000001
US.HH-WM.RS-Worn textiles in residual and bulky waste-TOT,CA,2003,9.316729468727065,8.885713679815348,9.75405804814926,1000,9.30169152
US.HH-WM.RS-Worn textiles in residual and bulky waste-TOT,CA,2004,10.482262893170269,9.997326540167299,10.974301773937132,1000,10.46534368
US.HH-WM.RS-Worn textiles in residual and bulky waste-TOT,CA,2005,10.555038438738684,10.066735302435637,11.050493413754818,1000,10.53800176
US.HH-WM.RS-Worn textiles in residual and bulky waste-TOT,CA,2006,11.878701737483793,11.329162543734068,12.436289652177583,1000,11.85952856
US.HH-WM.RS-Worn textiles in residual and bulky waste-TOT,CA,2007,13.01054101687402,12.408640036559051,13.621257625048873,1000,12.989540960000001
US.HH-WM.RS-Worn textiles in residual and bulky waste-TOT,CA,2008,12.972055458094935,12.37193491838786,13.580965548778257,1000,12.95111752
US.HH-WM.RS-Worn textiles in residual and bulky waste-TOT,CA,2009,11.8350404646871,11.287521153343809,12.39057891315221,1000,11.815937759999999
US.HH-WM.RS-Worn textiles in residual and bulky waste-TOT,CA,2010,12.387831754171852,11.814738900681549,12.96931830278936,1000,12.367836800000001
US.HH-WM.RS-Worn textiles in residual and bulky waste-TOT,CA,2011,12.701021507557108,12.113439693204786,13.297209226837271,1000,12.68052104
US.HH-WM.RS-Worn textiles in residual and bulky waste-TOT,CA,2012,13.121270623341308,12.514247007572813,13.737184894672408,1000,13.100091840000001
US.HH-WM.RS-Worn textiles in residual and bulky waste-TOT,CA,2013,12.538114322292088,11.958069011947106,13.126655155596998,1000,12.517876800000002
US.HH-WM.RS-Worn textiles in residual and bulky waste-TOT,CA,2014,12.974869840734279,12.374619100471557,13.583912038930837,1000,12.95392736
US.HH-WM.RS-Worn textiles in residual and bulky waste-TOT,CA,2015,13.214685562546697,12.603340332218835,13.834984744140204,1000,13.193356
US.HH-WM.RS-Worn textiles in residual and bulky waste-TOT,CA,2016,12.628734270157246,12.04449664871733,13.22152881644161,1000,12.608350479999999
US.HH-WM.RS-Worn textiles in residual and bulky waste-TOT,CA,2017,12.868867304136955,12.2735205129576,13.472933728495615,1000,12.84809592
US.HH-WM.RS-Worn textiles in residual and bulky waste-TOT,CA,2018,12.964458475956354,12.364689392118075,13.573011963239555,1000,12.9435328
US.HH-WM.RS-Worn textiles in residual and bulky waste-TOT,CA,2019,12.67214257464279,12.085896773759009,13.266974712788066,1000,12.65168872
US.HH-WM.RS-Worn textiles in residual and bulky waste-TOT,CA,2020,12.612605116409256,12.029113670969245,13.204642557969311,1000,12.59224736
US.HH-WM.RS-Worn textiles in residual and bulky waste-TOT,CA,2021,13.857095503724263,13.216030742682237,14.507549497467773,1000,13.83472904
US.HH-WM.RS-Worn textiles in residual and bulky waste-TOT,CA,2022,13.745231506258907,13.109341860506015,14.39043458837466,1000,13.7230456
US.HH-WM.RS-Worn textiles in residual and bulky waste-TOT,CA,2023,12.614174930214665,12.030610861163757,13.206286059053477,1000,12.59381464
US.HH-WM.RS-Worn textiles in residual and bulky waste-TOT,CA,2024,14.384939005478365,13.719454850904077,15.060170046742064,1000,14.361720559999998
US.HH-WM.RS-Worn textiles in residual and bulky waste-TOT,CA,2025,13.02936467977593,12.426592868560148,13.640964873310221,1000,13.00833424
US.HH-WM.RS-Worn textiles in residual and bulky waste-TOT,CORE,1988,41.16731465370714,28.79746410100281,56.09761999524499,1000,42.12
US.HH-WM.RS-Worn textiles in residual and bulky waste-TOT,CORE,1989,41.16731465370714,28.79746410100281,56.09761999524499,1000,42.12
US.HH-WM.RS-Worn textiles in residual and bulky waste-TOT,CORE,1990,41.16731465370714,28.79746410100281,56.09761999524499,1000,42.12
US.HH-WM.RS-Worn textiles in residual and bulky waste-TOT,CORE,1991,41.16731465370714,28.79746410100281,56.09761999524499,1000,42.12
US.HH-WM.RS-Worn textiles in residual and bulky waste-TOT,CORE,1992,41.16731465370714,28.79746410100281,56.09761999524499,1000,42.12
US.HH-WM.RS-Worn textiles in residual and bulky waste-TOT,CORE,1993,41.16731465370714,28.79746410100281,56.09761999524499,1000,42.12
US.HH-WM.RS-Worn textiles in residual and bulky waste-TOT,CORE,1994,41.16731465370714,28.79746410100281,56.09761999524499,1000,42.12
US.HH-WM.RS-Worn textiles in residual and bulky waste-TOT,CORE,1995,41.16731465370714,28.79746410100281,56.09761999524499,1000,42.12
US.HH-WM.RS-Worn textiles in residual and bulky waste-TOT,CORE,1996,41.16731465370714,28.79746410100281,56.09761999524499,1000,42.12
US.HH-WM.RS-Worn textiles in residual and bulky waste-TOT,CORE,1997,41.16731465370714,28.79746410100281,56.09761999524499,1000,42.12
US.HH-WM.RS-Worn textiles in residual and bulky waste-TOT,CORE,1998,41.16731465370714,28.79746410100281,56.09761999524499,1000,42.12
US.HH-WM.RS-Worn textiles in residual and bulky waste-TOT,CORE,1999,40.26477326632982,28.39398257336503,54.57904063895678,1000,41.1498
US.HH-WM.RS-Worn textiles in residual and bulky waste-TOT,CORE,2000,39.3409798994645,27.911426244802698,52.90219930895463,1000,40.1796
US.HH-WM.RS-Worn textiles in residual and bulky waste-TOT,CORE,2001,38.37575842753068,27.474544308440137,51.30224796427442,1000,39.2094
US.HH-WM.RS-Worn textiles in residual and bulky waste-TOT,CORE,2002,37.4354736526891,26.988655274104328,49.67841896786787,1000,38.2392
US.HH-WM.RS-Worn textiles in residual and bulky waste-TOT,CORE,2003,36.50661295656084,26.46258480485824,48.0676908827309,1000,37.269
US.HH-WM.RS-Worn textiles in residual and bulky waste-TOT,CORE,2004,35.55311896703732,26.062658255991348,46.37865379869199,1000,36.2988
US.HH-WM.RS-Worn textiles in residual and bulky waste-TOT,CORE,2005,34.59340803876316,25.68810273682383,45.05606327205239,1000,35.3286
US.HH-WM.RS-Worn textiles in residual and bulky waste-TOT,CORE,2006,33.66993255751422,25.237347250472027,43.66046019357383,1000,34.358399999999996
US.HH-WM.RS-Worn textiles in residual and bulky waste-TOT,CORE,2007,32.77109707279819,24.710458428711586,42.2062852516509,1000,33.3882
US.HH-WM.RS-Worn textiles in residual and bulky waste-TOT,CORE,2008,31.813899369171423,24.176675677932508,40.61702061990638,1000,32.418
US.HH-WM.RS-Worn textiles in residual and bulky waste-TOT,CORE,2009,30.885581820624925,23.656151903624618,39.132390712997704,1000,31.4478
US.HH-WM.RS-Worn textiles in residual and bulky waste-TOT,CORE,2010,29.984520980601083,23.059968618239175,37.637905572136276,1000,30.477599999999995
US.HH-WM.RS-Worn textiles in residual and bulky waste-TOT,CORE,2011,29.042600508950997,22.404749176111526,36.42113466152419,1000,29.5074
US.HH-WM.RS-Worn textiles in residual and bulky waste-TOT,CORE,2012,27.56106929326911,21.448472764838254,34.40256605082958,1000,27.917452727272725
US.HH-WM.RS-Worn textiles in residual and bulky waste-TOT,CORE,2013,26.014704177086475,20.44341313330101,32.46685155149846,1000,26.369645454545456
US.HH-WM.RS-Worn textiles in residual and bulky waste-TOT,CORE,2014,24.670269230780256,19.335784031353647,30.673653205230707,1000,24.86397818181818
US.HH-WM.RS-Worn textiles in residual and bulky waste-TOT,CORE,2015,23.26966932466235,18.064263907547957,28.845383637386064,1000,23.400450909090907
US.HH-WM.RS-Worn textiles in residual and bulky waste-TOT,CORE,2016,21.8167000658239,16.87124365106807,27.1396349397416,1000,21.979063636363637
US.HH-WM.RS-Worn textiles in residual and bulky waste-TOT,CORE,2017,20.421461413509544,15.726946380783748,25.821217748468978,1000,20.599816363636364
US.HH-WM.RS-Worn textiles in residual and bulky waste-TOT,CORE,2018,19.137767163218157,14.32623807491699,24.622072882119916,1000,19.26270909090909
US.HH-WM.RS-Worn textiles in residual and bulky waste-TOT,CORE,2019,21.233369274459108,16.629657353393252,26.01953403074273,1000,21.33626581818182
US.HH-WM.RS-Worn textiles in residual and bulky waste-TOT,CORE,2020,23.17410981105099,18.11549688621829,29.02151995193066,1000,23.274888545454544
US.HH-WM.RS-Worn textiles in residual and bulky waste-TOT,CORE,2021,24.90963550459682,18.931307622549888,32.13190687205792,1000,25.078577272727273
US.HH-WM.RS-Worn textiles in residual and bulky waste-TOT,CORE,2022,26.53622241942431,19.17857417212382,34.97793762842925,1000,26.747331999999997
US.HH-WM.RS-Worn textiles in residual and bulky waste-TOT,CORE,2023,26.72024755531183,21.355278822630822,32.58736861892398,1000,26.80557133333333
US.HH-WM.RS-Worn textiles in residual and bulky waste-TOT,CORE,2024,26.69485400389071,21.921461048429038,31.701429227392318,1000,26.811634666666667
US.HH-WM.RS-Worn textiles in residual and bulky waste-TOT,CORE,2025,26.68361996753619,20.134757607502927,32.99386331578971,1000,26.765521999999997
US.HH-WM.RS-Worn textiles in residual and bulky waste-TOT,OM,1988,0.7102671481529581,0.6774083690903253,0.7436071870533711,1000,0.7091207199999999
US.HH-WM.RS-Worn textiles in residual and bulky waste-TOT,OM,1989,0.7650537381039811,0.7296603909433065,0.800965467170465,1000,0.76381888
US.HH-WM.RS-Worn textiles in residual and bulky waste-TOT,OM,1990,0.6651506465001584,0.6343790724613585,0.6963729105266153,1000,0.6640770399999999
US.HH-WM.RS-Worn textiles in residual and bulky waste-TOT,OM,1991,0.110164614524971,0.1050681170470718,0.11533575688072106,1000,0.1099868000000001
US.HH-WM.RS-Worn textiles in residual and bulky waste-TOT,OM,1992,0.5302868054422537,0.5057543784179028,0.5551785419780018,1000,0.5294308799999999
US.HH-WM.RS-Worn textiles in residual and bulky waste-TOT,OM,1993,0.6201980894671264,0.5915061359537724,0.6493102742029224,1000,0.6191970400000001
US.HH-WM.RS-Worn textiles in residual and bulky waste-TOT,OM,1994,0.6349337139470916,0.6055600526701219,0.664737590949187,1000,0.63390888
US.HH-WM.RS-Worn textiles in residual and bulky waste-TOT,OM,1995,0.8997060377170244,0.8580833299914323,0.94193836448932,1000,0.89825384
US.HH-WM.RS-Worn textiles in residual and bulky waste-TOT,OM,1996,0.9991313982245351,0.9529090184422602,1.0460307652726313,1000,0.9975187199999999
US.HH-WM.RS-Worn textiles in residual and bulky waste-TOT,OM,1997,1.2689577996812802,1.210252558860326,1.3285228556104127,1000,1.2669096000000002
US.HH-WM.RS-Worn textiles in residual and bulky waste-TOT,OM,1998,1.5682528058298941,1.4957014107736484,1.6418668110503505,1000,1.5657215199999999
US.HH-WM.RS-Worn textiles in residual and bulky waste-TOT,OM,1999,2.0099416470507894,1.9169565939183544,2.1042885880215167,1000,2.00669744
US.HH-WM.RS-Worn textiles in residual and bulky waste-TOT,OM,2000,2.3833034830041635,2.2730457542173435,2.4951760805774597,1000,2.3794566400000003
US.HH-WM.RS-Worn textiles in residual and bulky waste-TOT,OM,2001,2.383284091705051,2.2730272600094383,2.495155779048065,1000,2.37943728
US.HH-WM.RS-Worn textiles in residual and bulky waste-TOT,OM,2002,2.784632860813578,2.6558086061905612,2.915343915301065,1000,2.78013824
US.HH-WM.RS-Worn textiles in residual and bulky waste-TOT,OM,2003,3.0528682943204277,2.911634780914584,3.1961703574317037,1000,3.04794072
US.HH-WM.RS-Worn textiles in residual and bulky waste-TOT,OM,2004,3.5438559878435694,3.3799081250750898,3.71020508170131,1000,3.53813592
US.HH-WM.RS-Worn textiles in residual and bulky waste-TOT,OM,2005,3.638484646088849,3.4701590190068146,3.8092756223498463,1000,3.63261184
US.HH-WM.RS-Worn textiles in residual and bulky waste-TOT,OM,2006,3.5002687545525792,3.3383373489331953,3.6645718576063504,1000,3.4946190400000003
US.HH-WM.RS-Worn textiles in residual and bulky waste-TOT,OM,2007,4.098190648453121,3.908597843232924,4.290560288518906,1000,4.091575840000001
US.HH-WM.RS-Worn textiles in residual and bulky waste-TOT,OM,2008,3.893312759104926,3.7131981302559964,4.076065402497746,1000,3.88702864
US.HH-WM.RS-Worn textiles in residual and bulky waste-TOT,OM,2009,3.871523108861522,3.6924165250912107,4.053252943035824,1000,3.8652741600000007
US.HH-WM.RS-Worn textiles in residual and bulky waste-TOT,OM,2010,4.1314722876886165,3.9403397885190006,4.3254041725374615,1000,4.12480376
US.HH-WM.RS-Worn textiles in residual and bulky waste-TOT,OM,2011,4.468576801415445,4.261848983264273,4.678332419109578,1000,4.4613641600000005
US.HH-WM.RS-Worn textiles in residual and bulky waste-TOT,OM,2012,4.892529655330092,4.6661886913422,5.122185679059071,1000,4.88463272
US.HH-WM.RS-Worn textiles in residual and bulky waste-TOT,OM,2013,5.02090005545344,4.788620347674845,5.256581803650888,1000,5.01279592
US.HH-WM.RS-Worn textiles in residual and bulky waste-TOT,OM,2014,5.0770599019506895,4.8421820957058435,5.3153778011678305,1000,5.068865120000001
US.HH-WM.RS-Worn textiles in residual and bulky waste-TOT,OM,2015,4.803818869004807,4.581581893404829,5.02931079606303,1000,4.79606512
US.HH-WM.RS-Worn textiles in residual and bulky waste-TOT,OM,2016,5.061555676887727,4.827395135839795,5.2991458056201095,1000,5.053385919999999
US.HH-WM.RS-Worn textiles in residual and bulky waste-TOT,OM,2017,5.236121440032669,4.993885039277589,5.481905710010451,1000,5.227669919999999
US.HH-WM.RS-Worn textiles in residual and bulky waste-TOT,OM,2018,5.694402181912187,5.430964539222663,5.961698213769012,1000,5.68521096
US.HH-WM.RS-Worn textiles in residual and bulky waste-TOT,OM,2019,5.921027413214814,5.6471055063653095,6.198961265006143,1000,5.9114704
US.HH-WM.RS-Worn textiles in residual and bulky waste-TOT,OM,2020,8.463630418426426,8.072081178524144,8.860914409559701,1000,8.44996944
US.HH-WM.RS-Worn textiles in residual and bulky waste-TOT,OM,2021,9.19803180117,8.772507270644159,9.629788695538151,1000,9.183185439999999
US.HH-WM.RS-Worn textiles in residual and bulky waste-TOT,OM,2022,8.463522003435935,8.071977779089037,8.86080090555445,1000,8.4498612
US.HH-WM.RS-Worn textiles in residual and bulky waste-TOT,OM,2023,7.0194263972859,6.694689737657714,7.348919250436557,1000,7.00809648
US.HH-WM.RS-Worn textiles in residual and bulky waste-TOT,OM,2024,8.158627318957302,7.781188304320171,8.541594422103444,1000,8.14545864
US.HH-WM.RS-Worn textiles in residual and bulky waste-TOT,OM,2025,8.911315578186453,8.499055275140638,9.329613973097732,1000,8.896932000000001
US.HH-WM.RS-Worn textiles in residual and bulky waste-TOT,SA,1988,0.0,0.0,0.0,1000,0.0
US.HH-WM.RS-Worn textiles in residual and bulky waste-TOT,SA,1989,0.0,0.0,0.0,1000,0.0
US.HH-WM.RS-Worn textiles in residual and bulky waste-TOT,SA,1990,0.0,0.0,0.0,1000,0.0
US.HH-WM.RS-Worn textiles in residual and bulky waste-TOT,SA,1991,0.0,0.0,0.0,1000,0.0
US.HH-WM.RS-Worn textiles in residual and bulky waste-TOT,SA,1992,0.0,0.0,0.0,1000,0.0
US.HH-WM.RS-Worn textiles in residual and bulky waste-TOT,SA,1993,0.0,0.0,0.0,1000,0.0
US.HH-WM.RS-Worn textiles in residual and bulky waste-TOT,SA,1994,0.0,0.0,0.0,1000,0.0
US.HH-WM.RS-Worn textiles in residual and bulky waste-TOT,SA,1995,0.0,0.0,0.0,1000,0.0
US.HH-WM.RS-Worn textiles in residual and bulky waste-TOT,SA,1996,0.0,0.0,0.0,1000,0.0
US.HH-WM.RS-Worn textiles in residual and bulky waste-TOT,SA,1997,0.0,0.0,0.0,1000,0.0
US.HH-WM.RS-Worn textiles in residual and bulky waste-TOT,SA,1998,0.0,0.0,0.0,1000,0.0
US.HH-WM.RS-Worn textiles in residual and bulky waste-TOT,SA,1999,0.0,0.0,0.0,1000,0.0
US.HH-WM.RS-Worn textiles in residual and bulky waste-TOT,SA,2000,0.0,0.0,0.0,1000,0.0
US.HH-WM.RS-Worn textiles in residual and bulky waste-TOT,SA,2001,0.0,0.0,0.0,1000,0.0
US.HH-WM.RS-Worn textiles in residual and bulky waste-TOT,SA,2002,0.0,0.0,0.0,1000,0.0
US.HH-WM.RS-Worn textiles in residual and bulky waste-TOT,SA,2003,0.0,0.0,0.0,1000,0.0
US.HH-WM.RS-Worn textiles in residual and bulky waste-TOT,SA,2004,0.0,0.0,0.0,1000,0.0
US.HH-WM.RS-Worn textiles in residual and bulky waste-TOT,SA,2005,0.0,0.0,0.0,1000,0.0
US.HH-WM.RS-Worn textiles in residual and bulky waste-TOT,SA,2006,0.0,0.0,0.0,1000,0.0
US.HH-WM.RS-Worn textiles in residual and bulky waste-TOT,SA,2007,0.0,0.0,0.0,1000,0.0
US.HH-WM.RS-Worn textiles in residual and bulky waste-TOT,SA,2008,0.0,0.0,0.0,1000,0.0
US.HH-WM.RS-Worn textiles in residual and bulky waste-TOT,SA,2009,0.0,0.0,0.0,1000,0.0
US.HH-WM.RS-Worn textiles in residual and bulky waste-TOT,SA,2010,0.0,0.0,0.0,1000,0.0
US.HH-WM.RS-Worn textiles in residual and bulky waste-TOT,SA,2011,0.0,0.0,0.0,1000,0.0
US.HH-WM.RS-Worn textiles in residual and bulky waste-TOT,SA,2012,0.0,0.0,0.0,1000,0.0
US.HH-WM.RS-Worn textiles in residual and bulky waste-TOT,SA,2013,0.0,0.0,0.0,1000,0.0
US.HH-WM.RS-Worn textiles in residual and bulky waste-TOT,SA,2014,0.0,0.0,0.0,1000,0.0
US.HH-WM.RS-Worn textiles in residual and bulky waste-TOT,SA,2015,0.0,0.0,0.0,1000,0.0
US.HH-WM.RS-Worn textiles in residual and bulky waste-TOT,SA,2016,0.0,0.0,0.0,1000,0.0
US.HH-WM.RS-Worn textiles in residual and bulky waste-TOT,SA,2017,0.0,0.0,0.0,1000,0.0
US.HH-WM.RS-Worn textiles in residual and bulky waste-TOT,SA,2018,0.0,0.0,0.0,1000,0.0
US.HH-WM.RS-Worn textiles in residual and bulky waste-TOT,SA,2019,0.0,0.0,0.0,1000,0.0
US.HH-WM.RS-Worn textiles in residual and bulky waste-TOT,SA,2020,0.0,0.0,0.0,1000,0.0
US.HH-WM.RS-Worn textiles in residual and bulky waste-TOT,SA,2021,0.0,0.0,0.0,1000,0.0
US.HH-WM.RS-Worn textiles in residual and bulky waste-TOT,SA,2022,0.0,0.0,0.0,1000,0.0
US.HH-WM.RS-Worn textiles in residual and bulky waste-TOT,SA,2023,0.0,0.0,0.0,1000,0.0
US.HH-WM.RS-Worn textiles in residual and bulky waste-TOT,SA,2024,0.0,0.0,0.0,1000,0.0
US.HH-WM.RS-Worn textiles in residual and bulky waste-TOT,SA,2025,0.0,0.0,0.0,1000,0.0
US.HH-WM.RS-Worn textiles in residual and bulky waste-TOT,TA,1988,0.5586932957963825,0.5328467117074418,0.5849184369474132,1000,0.55779152
US.HH-WM.RS-Worn textiles in residual and bulky waste-TOT,TA,1989,0.416123176186717,0.3968722513132837,0.43565605605805374,1000,0.41545151999999996
US.HH-WM.RS-Worn textiles in residual and bulky waste-TOT,TA,1990,0.5329434134206374,0.5082880849009198,0.557959851505053,1000,0.5320832
US.HH-WM.RS-Worn textiles in residual and bulky waste-TOT,TA,1991,0.3365668458878064,0.32099640079880876,0.35236534052981444,1000,0.3360236
US.HH-WM.RS-Worn textiles in residual and bulky waste-TOT,TA,1992,0.4195175349540544,0.40010957834251343,0.4392097464988879,1000,0.4188404
US.HH-WM.RS-Worn textiles in residual and bulky waste-TOT,TA,1993,0.5677366925642042,0.5414717377577916,0.5943863320195916,1000,0.56682032
US.HH-WM.RS-Worn textiles in residual and bulky waste-TOT,TA,1994,0.41166670308163833,0.3926219460783355,0.43099039548447343,1000,0.41100223999999996
US.HH-WM.RS-Worn textiles in residual and bulky waste-TOT,TA,1995,0.46358955072285124,0.4421427096820392,0.4853505088287108,1000,0.4628412800000001
US.HH-WM.RS-Worn textiles in residual and bulky waste-TOT,TA,1996,0.5220684203093913,0.49791619684933947,0.5465743847018819,1000,0.5212257599999999
US.HH-WM.RS-Worn textiles in residual and bulky waste-TOT,TA,1997,0.6484036154486368,0.6184068019977479,0.6788397715040629,1000,0.6473570399999999
US.HH-WM.RS-Worn textiles in residual and bulky waste-TOT,TA,1998,0.9312715469810824,0.8881885378778965,0.9749855631564591,1000,0.9297683999999999
US.HH-WM.RS-Worn textiles in residual and bulky waste-TOT,TA,1999,0.7249719228388809,0.6914328632031892,0.7590022059119628,1000,0.72380176
US.HH-WM.RS-Worn textiles in residual and bulky waste-TOT,TA,2000,0.9741695077308985,0.9291019289933419,1.019897160161122,1000,0.97259712
US.HH-WM.RS-Worn textiles in residual and bulky waste-TOT,TA,2001,1.5197366568736355,1.4494297432405683,1.5910733073020171,1000,1.51728368
US.HH-WM.RS-Worn textiles in residual and bulky waste-TOT,TA,2002,1.8794082356537336,1.7924619927584624,1.9676279201054185,1000,1.87637472
US.HH-WM.RS-Worn textiles in residual and bulky waste-TOT,TA,2003,2.73510836430348,2.60857523984641,2.8634947320242152,1000,2.7306936800000003
US.HH-WM.RS-Worn textiles in residual and bulky waste-TOT,TA,2004,3.116633055760441,2.972449621027688,3.262928245658467,1000,3.11160256
US.HH-WM.RS-Worn textiles in residual and bulky waste-TOT,TA,2005,4.321024880779296,4.1211231927300975,4.523854390759404,1000,4.3140504
US.HH-WM.RS-Worn textiles in residual and bulky waste-TOT,TA,2006,3.603307948076471,3.436609685220907,3.77244772523137,1000,3.5974919200000004
US.HH-WM.RS-Worn textiles in residual and bulky waste-TOT,TA,2007,2.7210029570446643,2.5951223848869804,2.8487272149832727,1000,2.71661104
US.HH-WM.RS-Worn textiles in residual and bulky waste-TOT,TA,2008,4.0266861143992445,3.84040129222819,4.215699321673352,1000,4.020186720000001
US.HH-WM.RS-Worn textiles in residual and bulky waste-TOT,TA,2009,3.7240566862260036,3.5517722772009814,3.8988644259743443,1000,3.71804576
US.HH-WM.RS-Worn textiles in residual and bulky waste-TOT,TA,2010,4.513731204243781,4.3049144276632365,4.725606375898334,1000,4.50644568
US.HH-WM.RS-Worn textiles in residual and bulky waste-TOT,TA,2011,5.0986864889970125,4.862808181395062,5.338019543223481,1000,5.090456800000001
US.HH-WM.RS-Worn textiles in residual and bulky waste-TOT,TA,2012,4.707212298250074,4.489444590266771,4.928169499416251,1000,4.69961448
US.HH-WM.RS-Worn textiles in residual and bulky waste-TOT,TA,2013,5.188384468731648,4.948356502643972,5.431927958625061,1000,5.18001
US.HH-WM.RS-Worn textiles in residual and bulky waste-TOT,TA,2014,5.377591544129055,5.128810373696031,5.630016440505066,1000,5.368911680000001
US.HH-WM.RS-Worn textiles in residual and bulky waste-TOT,TA,2015,6.265179782746273,5.97533650503832,6.559268194716383,1000,6.25506728
US.HH-WM.RS-Worn textiles in residual and bulky waste-TOT,TA,2016,5.439431278420829,5.187789243351634,5.694758940541027,1000,5.4306516
US.HH-WM.RS-Worn textiles in residual and bulky waste-TOT,TA,2017,5.4336967424197145,5.182320001686568,5.688755224620989,1000,5.42492632
US.HH-WM.RS-Worn textiles in residual and bulky waste-TOT,TA,2018,6.09056554135355,5.808800366080764,6.376457536502556,1000,6.08073488
US.HH-WM.RS-Worn textiles in residual and bulky waste-TOT,TA,2019,6.233173562138754,5.944810974244919,6.525759597653915,1000,6.22311272
US.HH-WM.RS-Worn textiles in residual and bulky waste-TOT,TA,2020,5.978529666464244,5.701947557970837,6.259162682035263,1000,5.96887984
US.HH-WM.RS-Worn textiles in residual and bulky waste-TOT,TA,2021,8.0864238167127,7.712325121185037,8.466001677402897,1000,8.073371680000001
US.HH-WM.RS-Worn textiles in residual and bulky waste-TOT,TA,2022,6.813154978669681,6.497960963649053,7.132965422689365,1000,6.802158
US.HH-WM.RS-Worn textiles in residual and bulky waste-TOT,TA,2023,4.896241326264722,4.6697286508644265,5.126071576344543,1000,4.8883384
US.HH-WM.RS-Worn textiles in residual and bulky waste-TOT,TA,2024,4.426234136958389,4.221465199011568,4.634002184083032,1000,4.41908984
US.HH-WM.RS-Worn textiles in residual and bulky waste-TOT,TA,2025,4.577256218712952,4.3655006121149675,4.792113263398036,1000,4.56986816
US.IC-US.IC-Stock change-TOT,CA,1988,0.0,0.0,0.0,1000,0.0
US.IC-US.IC-Stock change-TOT,CA,1989,0.0,0.0,0.0,1000,0.0
US.IC-US.IC-Stock change-TOT,CA,1990,0.0,0.0,0.0,1000,0.0
US.IC-US.IC-Stock change-TOT,CA,1991,0.0,0.0,0.0,1000,0.0
US.IC-US.IC-Stock change-TOT,CA,1992,0.0,0.0,0.0,1000,0.0
US.IC-US.IC-Stock change-TOT,CA,1993,0.0,0.0,0.0,1000,0.0
US.IC-US.IC-Stock change-TOT,CA,1994,0.0,0.0,0.0,1000,0.0
US.IC-US.IC-Stock change-TOT,CA,1995,0.0,0.0,0.0,1000,0.0
US.IC-US.IC-Stock change-TOT,CA,1996,0.0,0.0,0.0,1000,0.0
US.IC-US.IC-Stock change-TOT,CA,1997,0.0,0.0,0.0,1000,0.0
US.IC-US.IC-Stock change-TOT,CA,1998,0.0,0.0,0.0,1000,0.0
US.IC-US.IC-Stock change-TOT,CA,1999,0.0,0.0,0.0,1000,0.0
US.IC-US.IC-Stock change-TOT,CA,2000,0.0,0.0,0.0,1000,0.0
US.IC-US.IC-Stock change-TOT,CA,2001,0.0,0.0,0.0,1000,0.0
US.IC-US.IC-Stock change-TOT,CA,2002,0.0,0.0,0.0,1000,0.0
US.IC-US.IC-Stock change-TOT,CA,2003,0.0,0.0,0.0,1000,0.0
US.IC-US.IC-Stock change-TOT,CA,2004,0.0,0.0,0.0,1000,0.0
US.IC-US.IC-Stock change-TOT,CA,2005,0.0,0.0,0.0,1000,0.0
US.IC-US.IC-Stock change-TOT,CA,2006,0.0,0.0,0.0,1000,0.0
US.IC-US.IC-Stock change-TOT,CA,2007,0.0,0.0,0.0,1000,0.0
US.IC-US.IC-Stock change-TOT,CA,2008,0.0,0.0,0.0,1000,0.0
US.IC-US.IC-Stock change-TOT,CA,2009,0.0,0.0,0.0,1000,0.0
US.IC-US.IC-Stock change-TOT,CA,2010,0.0,0.0,0.0,1000,0.0
US.IC-US.IC-Stock change-TOT,CA,2011,0.0,0.0,0.0,1000,0.0
US.IC-US.IC-Stock change-TOT,CA,2012,0.0,0.0,0.0,1000,0.0
US.IC-US.IC-Stock change-TOT,CA,2013,0.0,0.0,0.0,1000,0.0
US.IC-US.IC-Stock change-TOT,CA,2014,0.0,0.0,0.0,1000,0.0
US.IC-US.IC-Stock change-TOT,CA,2015,0.0,0.0,0.0,1000,0.0
US.IC-US.IC-Stock change-TOT,CA,2016,0.0,0.0,0.0,1000,0.0
US.IC-US.IC-Stock change-TOT,CA,2017,0.0,0.0,0.0,1000,0.0
US.IC-US.IC-Stock change-TOT,CA,2018,0.0,0.0,0.0,1000,0.0
US.IC-US.IC-Stock change-TOT,CA,2019,0.0,0.0,0.0,1000,0.0
US.IC-US.IC-Stock change-TOT,CA,2020,0.0,0.0,0.0,1000,0.0
US.IC-US.IC-Stock change-TOT,CA,2021,0.0,0.0,0.0,1000,0.0
US.IC-US.IC-Stock change-TOT,CA,2022,0.0,0.0,0.0,1000,0.0
US.IC-US.IC-Stock change-TOT,CA,2023,0.0,0.0,0.0,1000,0.0
US.IC-US.IC-Stock change-TOT,CA,2024,0.0,0.0,0.0,1000,0.0
US.IC-US.IC-Stock change-TOT,CA,2025,0.0,0.0,0.0,1000,0.0
US.IC-US.IC-Stock change-TOT,CL,1988,0.0,0.0,0.0,1000,0.0
US.IC-US.IC-Stock change-TOT,CL,1989,0.0,0.0,0.0,1000,0.0
US.IC-US.IC-Stock change-TOT,CL,1990,0.0,0.0,0.0,1000,0.0
US.IC-US.IC-Stock change-TOT,CL,1991,0.0,0.0,0.0,1000,0.0
US.IC-US.IC-Stock change-TOT,CL,1992,0.0,0.0,0.0,1000,0.0
US.IC-US.IC-Stock change-TOT,CL,1993,0.0,0.0,0.0,1000,0.0
US.IC-US.IC-Stock change-TOT,CL,1994,0.0,0.0,0.0,1000,0.0
US.IC-US.IC-Stock change-TOT,CL,1995,0.0,0.0,0.0,1000,0.0
US.IC-US.IC-Stock change-TOT,CL,1996,0.0,0.0,0.0,1000,0.0
US.IC-US.IC-Stock change-TOT,CL,1997,0.0,0.0,0.0,1000,0.0
US.IC-US.IC-Stock change-TOT,CL,1998,0.0,0.0,0.0,1000,0.0
US.IC-US.IC-Stock change-TOT,CL,1999,0.0,0.0,0.0,1000,0.0
US.IC-US.IC-Stock change-TOT,CL,2000,0.0,0.0,0.0,1000,0.0
US.IC-US.IC-Stock change-TOT,CL,2001,0.0,0.0,0.0,1000,0.0
US.IC-US.IC-Stock change-TOT,CL,2002,0.0,0.0,0.0,1000,0.0
US.IC-US.IC-Stock change-TOT,CL,2003,0.0,0.0,0.0,1000,0.0
US.IC-US.IC-Stock change-TOT,CL,2004,0.0,0.0,0.0,1000,0.0
US.IC-US.IC-Stock change-TOT,CL,2005,0.0,0.0,0.0,1000,0.0
US.IC-US.IC-Stock change-TOT,CL,2006,0.0,0.0,0.0,1000,0.0
US.IC-US.IC-Stock change-TOT,CL,2007,0.0,0.0,0.0,1000,0.0
US.IC-US.IC-Stock change-TOT,CL,2008,0.0,0.0,0.0,1000,0.0
US.IC-US.IC-Stock change-TOT,CL,2009,0.0,0.0,0.0,1000,0.0
US.IC-US.IC-Stock change-TOT,CL,2010,0.0,0.0,0.0,1000,0.0
US.IC-US.IC-Stock change-TOT,CL,2011,0.0,0.0,0.0,1000,0.0
US.IC-US.IC-Stock change-TOT,CL,2012,0.0,0.0,0.0,1000,0.0
US.IC-US.IC-Stock change-TOT,CL,2013,0.0,0.0,0.0,1000,0.0
US.IC-US.IC-Stock change-TOT,CL,2014,0.0,0.0,0.0,1000,0.0
US.IC-US.IC-Stock change-TOT,CL,2015,0.0,0.0,0.0,1000,0.0
US.IC-US.IC-Stock change-TOT,CL,2016,0.0,0.0,0.0,1000,0.0
US.IC-US.IC-Stock change-TOT,CL,2017,0.0,0.0,0.0,1000,0.0
US.IC-US.IC-Stock change-TOT,CL,2018,0.0,0.0,0.0,1000,0.0
US.IC-US.IC-Stock change-TOT,CL,2019,0.0,0.0,0.0,1000,0.0
US.IC-US.IC-Stock change-TOT,CL,2020,0.0,0.0,0.0,1000,0.0
US.IC-US.IC-Stock change-TOT,CL,2021,0.0,0.0,0.0,1000,0.0
US.IC-US.IC-Stock change-TOT,CL,2022,0.0,0.0,0.0,1000,0.0
US.IC-US.IC-Stock change-TOT,CL,2023,0.0,0.0,0.0,1000,0.0
US.IC-US.IC-Stock change-TOT,CL,2024,0.0,0.0,0.0,1000,0.0
US.IC-US.IC-Stock change-TOT,CL,2025,0.0,0.0,0.0,1000,0.0
US.IC-US.IC-Stock change-TOT,FW,1988,0.0,0.0,0.0,1000,0.0
US.IC-US.IC-Stock change-TOT,FW,1989,0.0,0.0,0.0,1000,0.0
US.IC-US.IC-Stock change-TOT,FW,1990,0.0,0.0,0.0,1000,0.0
US.IC-US.IC-Stock change-TOT,FW,1991,0.0,0.0,0.0,1000,0.0
US.IC-US.IC-Stock change-TOT,FW,1992,0.0,0.0,0.0,1000,0.0
US.IC-US.IC-Stock change-TOT,FW,1993,0.0,0.0,0.0,1000,0.0
US.IC-US.IC-Stock change-TOT,FW,1994,0.0,0.0,0.0,1000,0.0
US.IC-US.IC-Stock change-TOT,FW,1995,0.0,0.0,0.0,1000,0.0
US.IC-US.IC-Stock change-TOT,FW,1996,0.0,0.0,0.0,1000,0.0
US.IC-US.IC-Stock change-TOT,FW,1997,0.0,0.0,0.0,1000,0.0
US.IC-US.IC-Stock change-TOT,FW,1998,0.0,0.0,0.0,1000,0.0
US.IC-US.IC-Stock change-TOT,FW,1999,0.0,0.0,0.0,1000,0.0
US.IC-US.IC-Stock change-TOT,FW,2000,0.0,0.0,0.0,1000,0.0
US.IC-US.IC-Stock change-TOT,FW,2001,0.0,0.0,0.0,1000,0.0
US.IC-US.IC-Stock change-TOT,FW,2002,0.0,0.0,0.0,1000,0.0
US.IC-US.IC-Stock change-TOT,FW,2003,0.0,0.0,0.0,1000,0.0
US.IC-US.IC-Stock change-TOT,FW,2004,0.0,0.0,0.0,1000,0.0
US.IC-US.IC-Stock change-TOT,FW,2005,0.0,0.0,0.0,1000,0.0
US.IC-US.IC-Stock change-TOT,FW,2006,0.0,0.0,0.0,1000,0.0
US.IC-US.IC-Stock change-TOT,FW,2007,0.0,0.0,0.0,1000,0.0
US.IC-US.IC-Stock change-TOT,FW,2008,0.0,0.0,0.0,1000,0.0
US.IC-US.IC-Stock change-TOT,FW,2009,0.0,0.0,0.0,1000,0.0
US.IC-US.IC-Stock change-TOT,FW,2010,0.0,0.0,0.0,1000,0.0
US.IC-US.IC-Stock change-TOT,FW,2011,0.0,0.0,0.0,1000,0.0
US.IC-US.IC-Stock change-TOT,FW,2012,0.0,0.0,0.0,1000,0.0
US.IC-US.IC-Stock change-TOT,FW,2013,0.0,0.0,0.0,1000,0.0
US.IC-US.IC-Stock change-TOT,FW,2014,0.0,0.0,0.0,1000,0.0
US.IC-US.IC-Stock change-TOT,FW,2015,0.0,0.0,0.0,1000,0.0
US.IC-US.IC-Stock change-TOT,FW,2016,0.0,0.0,0.0,1000,0.0
US.IC-US.IC-Stock change-TOT,FW,2017,0.0,0.0,0.0,1000,0.0
US.IC-US.IC-Stock change-TOT,FW,2018,0.0,0.0,0.0,1000,0.0
US.IC-US.IC-Stock change-TOT,FW,2019,0.0,0.0,0.0,1000,0.0
US.IC-US.IC-Stock change-TOT,FW,2020,0.0,0.0,0.0,1000,0.0
US.IC-US.IC-Stock change-TOT,FW,2021,0.0,0.0,0.0,1000,0.0
US.IC-US.IC-Stock change-TOT,FW,2022,0.0,0.0,0.0,1000,0.0
US.IC-US.IC-Stock change-TOT,FW,2023,0.0,0.0,0.0,1000,0.0
US.IC-US.IC-Stock change-TOT,FW,2024,0.0,0.0,0.0,1000,0.0
US.IC-US.IC-Stock change-TOT,FW,2025,0.0,0.0,0.0,1000,0.0
US.IC-US.IC-Stock change-TOT,HT,1988,0.0,0.0,0.0,1000,0.0
US.IC-US.IC-Stock change-TOT,HT,1989,0.0,0.0,0.0,1000,0.0
US.IC-US.IC-Stock change-TOT,HT,1990,0.0,0.0,0.0,1000,0.0
US.IC-US.IC-Stock change-TOT,HT,1991,0.0,0.0,0.0,1000,0.0
US.IC-US.IC-Stock change-TOT,HT,1992,0.0,0.0,0.0,1000,0.0
US.IC-US.IC-Stock change-TOT,HT,1993,0.0,0.0,0.0,1000,0.0
US.IC-US.IC-Stock change-TOT,HT,1994,0.0,0.0,0.0,1000,0.0
US.IC-US.IC-Stock change-TOT,HT,1995,0.0,0.0,0.0,1000,0.0
US.IC-US.IC-Stock change-TOT,HT,1996,0.0,0.0,0.0,1000,0.0
US.IC-US.IC-Stock change-TOT,HT,1997,0.0,0.0,0.0,1000,0.0
US.IC-US.IC-Stock change-TOT,HT,1998,0.0,0.0,0.0,1000,0.0
US.IC-US.IC-Stock change-TOT,HT,1999,0.0,0.0,0.0,1000,0.0
US.IC-US.IC-Stock change-TOT,HT,2000,0.0,0.0,0.0,1000,0.0
US.IC-US.IC-Stock change-TOT,HT,2001,0.0,0.0,0.0,1000,0.0
US.IC-US.IC-Stock change-TOT,HT,2002,0.0,0.0,0.0,1000,0.0
US.IC-US.IC-Stock change-TOT,HT,2003,0.0,0.0,0.0,1000,0.0
US.IC-US.IC-Stock change-TOT,HT,2004,0.0,0.0,0.0,1000,0.0
US.IC-US.IC-Stock change-TOT,HT,2005,0.0,0.0,0.0,1000,0.0
US.IC-US.IC-Stock change-TOT,HT,2006,0.0,0.0,0.0,1000,0.0
US.IC-US.IC-Stock change-TOT,HT,2007,0.0,0.0,0.0,1000,0.0
US.IC-US.IC-Stock change-TOT,HT,2008,0.0,0.0,0.0,1000,0.0
US.IC-US.IC-Stock change-TOT,HT,2009,0.0,0.0,0.0,1000,0.0
US.IC-US.IC-Stock change-TOT,HT,2010,0.0,0.0,0.0,1000,0.0
US.IC-US.IC-Stock change-TOT,HT,2011,0.0,0.0,0.0,1000,0.0
US.IC-US.IC-Stock change-TOT,HT,2012,0.0,0.0,0.0,1000,0.0
US.IC-US.IC-Stock change-TOT,HT,2013,0.0,0.0,0.0,1000,0.0
US.IC-US.IC-Stock change-TOT,HT,2014,0.0,0.0,0.0,1000,0.0
US.IC-US.IC-Stock change-TOT,HT,2015,0.0,0.0,0.0,1000,0.0
US.IC-US.IC-Stock change-TOT,HT,2016,0.0,0.0,0.0,1000,0.0
US.IC-US.IC-Stock change-TOT,HT,2017,0.0,0.0,0.0,1000,0.0
US.IC-US.IC-Stock change-TOT,HT,2018,0.0,0.0,0.0,1000,0.0
US.IC-US.IC-Stock change-TOT,HT,2019,0.0,0.0,0.0,1000,0.0
US.IC-US.IC-Stock change-TOT,HT,2020,0.0,0.0,0.0,1000,0.0
US.IC-US.IC-Stock change-TOT,HT,2021,0.0,0.0,0.0,1000,0.0
US.IC-US.IC-Stock change-TOT,HT,2022,0.0,0.0,0.0,1000,0.0
US.IC-US.IC-Stock change-TOT,HT,2023,0.0,0.0,0.0,1000,0.0
US.IC-US.IC-Stock change-TOT,HT,2024,0.0,0.0,0.0,1000,0.0
US.IC-US.IC-Stock change-TOT,HT,2025,0.0,0.0,0.0,1000,0.0
US.IC-US.IC-Stock change-TOT,OM,1988,0.0,0.0,0.0,1000,0.0
US.IC-US.IC-Stock change-TOT,OM,1989,0.0,0.0,0.0,1000,0.0
US.IC-US.IC-Stock change-TOT,OM,1990,0.0,0.0,0.0,1000,0.0
US.IC-US.IC-Stock change-TOT,OM,1991,0.0,0.0,0.0,1000,0.0
US.IC-US.IC-Stock change-TOT,OM,1992,0.0,0.0,0.0,1000,0.0
US.IC-US.IC-Stock change-TOT,OM,1993,0.0,0.0,0.0,1000,0.0
US.IC-US.IC-Stock change-TOT,OM,1994,0.0,0.0,0.0,1000,0.0
US.IC-US.IC-Stock change-TOT,OM,1995,0.0,0.0,0.0,1000,0.0
US.IC-US.IC-Stock change-TOT,OM,1996,0.0,0.0,0.0,1000,0.0
US.IC-US.IC-Stock change-TOT,OM,1997,0.0,0.0,0.0,1000,0.0
US.IC-US.IC-Stock change-TOT,OM,1998,0.0,0.0,0.0,1000,0.0
US.IC-US.IC-Stock change-TOT,OM,1999,0.0,0.0,0.0,1000,0.0
US.IC-US.IC-Stock change-TOT,OM,2000,0.0,0.0,0.0,1000,0.0
US.IC-US.IC-Stock change-TOT,OM,2001,0.0,0.0,0.0,1000,0.0
US.IC-US.IC-Stock change-TOT,OM,2002,0.0,0.0,0.0,1000,0.0
US.IC-US.IC-Stock change-TOT,OM,2003,0.0,0.0,0.0,1000,0.0
US.IC-US.IC-Stock change-TOT,OM,2004,0.0,0.0,0.0,1000,0.0
US.IC-US.IC-Stock change-TOT,OM,2005,0.0,0.0,0.0,1000,0.0
US.IC-US.IC-Stock change-TOT,OM,2006,0.0,0.0,0.0,1000,0.0
US.IC-US.IC-Stock change-TOT,OM,2007,0.0,0.0,0.0,1000,0.0
US.IC-US.IC-Stock change-TOT,OM,2008,0.0,0.0,0.0,1000,0.0
US.IC-US.IC-Stock change-TOT,OM,2009,0.0,0.0,0.0,1000,0.0
US.IC-US.IC-Stock change-TOT,OM,2010,0.0,0.0,0.0,1000,0.0
US.IC-US.IC-Stock change-TOT,OM,2011,0.0,0.0,0.0,1000,0.0
US.IC-US.IC-Stock change-TOT,OM,2012,0.0,0.0,0.0,1000,0.0
US.IC-US.IC-Stock change-TOT,OM,2013,0.0,0.0,0.0,1000,0.0
US.IC-US.IC-Stock change-TOT,OM,2014,0.0,0.0,0.0,1000,0.0
US.IC-US.IC-Stock change-TOT,OM,2015,0.0,0.0,0.0,1000,0.0
US.IC-US.IC-Stock change-TOT,OM,2016,0.0,0.0,0.0,1000,0.0
US.IC-US.IC-Stock change-TOT,OM,2017,0.0,0.0,0.0,1000,0.0
US.IC-US.IC-Stock change-TOT,OM,2018,0.0,0.0,0.0,1000,0.0
US.IC-US.IC-Stock change-TOT,OM,2019,0.0,0.0,0.0,1000,0.0
US.IC-US.IC-Stock change-TOT,OM,2020,0.0,0.0,0.0,1000,0.0
US.IC-US.IC-Stock change-TOT,OM,2021,0.0,0.0,0.0,1000,0.0
US.IC-US.IC-Stock change-TOT,OM,2022,0.0,0.0,0.0,1000,0.0
US.IC-US.IC-Stock change-TOT,OM,2023,0.0,0.0,0.0,1000,0.0
US.IC-US.IC-Stock change-TOT,OM,2024,0.0,0.0,0.0,1000,0.0
US.IC-US.IC-Stock change-TOT,OM,2025,0.0,0.0,0.0,1000,0.0
US.IC-US.IC-Stock change-TOT,SA,1988,0.0,0.0,0.0,1000,0.0
US.IC-US.IC-Stock change-TOT,SA,1989,0.0,0.0,0.0,1000,0.0
US.IC-US.IC-Stock change-TOT,SA,1990,0.0,0.0,0.0,1000,0.0
US.IC-US.IC-Stock change-TOT,SA,1991,0.0,0.0,0.0,1000,0.0
US.IC-US.IC-Stock change-TOT,SA,1992,0.0,0.0,0.0,1000,0.0
US.IC-US.IC-Stock change-TOT,SA,1993,0.0,0.0,0.0,1000,0.0
US.IC-US.IC-Stock change-TOT,SA,1994,0.0,0.0,0.0,1000,0.0
US.IC-US.IC-Stock change-TOT,SA,1995,0.0,0.0,0.0,1000,0.0
US.IC-US.IC-Stock change-TOT,SA,1996,0.0,0.0,0.0,1000,0.0
US.IC-US.IC-Stock change-TOT,SA,1997,0.0,0.0,0.0,1000,0.0
US.IC-US.IC-Stock change-TOT,SA,1998,0.0,0.0,0.0,1000,0.0
US.IC-US.IC-Stock change-TOT,SA,1999,0.0,0.0,0.0,1000,0.0
US.IC-US.IC-Stock change-TOT,SA,2000,0.0,0.0,0.0,1000,0.0
US.IC-US.IC-Stock change-TOT,SA,2001,0.0,0.0,0.0,1000,0.0
US.IC-US.IC-Stock change-TOT,SA,2002,0.0,0.0,0.0,1000,0.0
US.IC-US.IC-Stock change-TOT,SA,2003,0.0,0.0,0.0,1000,0.0
US.IC-US.IC-Stock change-TOT,SA,2004,0.0,0.0,0.0,1000,0.0
US.IC-US.IC-Stock change-TOT,SA,2005,0.0,0.0,0.0,1000,0.0
US.IC-US.IC-Stock change-TOT,SA,2006,0.0,0.0,0.0,1000,0.0
US.IC-US.IC-Stock change-TOT,SA,2007,0.0,0.0,0.0,1000,0.0
US.IC-US.IC-Stock change-TOT,SA,2008,0.0,0.0,0.0,1000,0.0
US.IC-US.IC-Stock change-TOT,SA,2009,0.0,0.0,0.0,1000,0.0
US.IC-US.IC-Stock change-TOT,SA,2010,0.0,0.0,0.0,1000,0.0
US.IC-US.IC-Stock change-TOT,SA,2011,0.0,0.0,0.0,1000,0.0
US.IC-US.IC-Stock change-TOT,SA,2012,0.0,0.0,0.0,1000,0.0
US.IC-US.IC-Stock change-TOT,SA,2013,0.0,0.0,0.0,1000,0.0
US.IC-US.IC-Stock change-TOT,SA,2014,0.0,0.0,0.0,1000,0.0
US.IC-US.IC-Stock change-TOT,SA,2015,0.0,0.0,0.0,1000,0.0
US.IC-US.IC-Stock change-TOT,SA,2016,0.0,0.0,0.0,1000,0.0
US.IC-US.IC-Stock change-TOT,SA,2017,0.0,0.0,0.0,1000,0.0
US.IC-US.IC-Stock change-TOT,SA,2018,0.0,0.0,0.0,1000,0.0
US.IC-US.IC-Stock change-TOT,SA,2019,0.0,0.0,0.0,1000,0.0
US.IC-US.IC-Stock change-TOT,SA,2020,0.0,0.0,0.0,1000,0.0
US.IC-US.IC-Stock change-TOT,SA,2021,0.0,0.0,0.0,1000,0.0
US.IC-US.IC-Stock change-TOT,SA,2022,0.0,0.0,0.0,1000,0.0
US.IC-US.IC-Stock change-TOT,SA,2023,0.0,0.0,0.0,1000,0.0
US.IC-US.IC-Stock change-TOT,SA,2024,0.0,0.0,0.0,1000,0.0
US.IC-US.IC-Stock change-TOT,SA,2025,0.0,0.0,0.0,1000,0.0
US.IC-US.IC-Stock change-TOT,TA,1988,0.0,0.0,0.0,1000,0.0
US.IC-US.IC-Stock change-TOT,TA,1989,0.0,0.0,0.0,1000,0.0
US.IC-US.IC-Stock change-TOT,TA,1990,0.0,0.0,0.0,1000,0.0
US.IC-US.IC-Stock change-TOT,TA,1991,0.0,0.0,0.0,1000,0.0
US.IC-US.IC-Stock change-TOT,TA,1992,0.0,0.0,0.0,1000,0.0
US.IC-US.IC-Stock change-TOT,TA,1993,0.0,0.0,0.0,1000,0.0
US.IC-US.IC-Stock change-TOT,TA,1994,0.0,0.0,0.0,1000,0.0
US.IC-US.IC-Stock change-TOT,TA,1995,0.0,0.0,0.0,1000,0.0
US.IC-US.IC-Stock change-TOT,TA,1996,0.0,0.0,0.0,1000,0.0
US.IC-US.IC-Stock change-TOT,TA,1997,0.0,0.0,0.0,1000,0.0
US.IC-US.IC-Stock change-TOT,TA,1998,0.0,0.0,0.0,1000,0.0
US.IC-US.IC-Stock change-TOT,TA,1999,0.0,0.0,0.0,1000,0.0
US.IC-US.IC-Stock change-TOT,TA,2000,0.0,0.0,0.0,1000,0.0
US.IC-US.IC-Stock change-TOT,TA,2001,0.0,0.0,0.0,1000,0.0
US.IC-US.IC-Stock change-TOT,TA,2002,0.0,0.0,0.0,1000,0.0
US.IC-US.IC-Stock change-TOT,TA,2003,0.0,0.0,0.0,1000,0.0
US.IC-US.IC-Stock change-TOT,TA,2004,0.0,0.0,0.0,1000,0.0
US.IC-US.IC-Stock change-TOT,TA,2005,0.0,0.0,0.0,1000,0.0
US.IC-US.IC-Stock change-TOT,TA,2006,0.0,0.0,0.0,1000,0.0
US.IC-US.IC-Stock change-TOT,TA,2007,0.0,0.0,0.0,1000,0.0
US.IC-US.IC-Stock change-TOT,TA,2008,0.0,0.0,0.0,1000,0.0
US.IC-US.IC-Stock change-TOT,TA,2009,0.0,0.0,0.0,1000,0.0
US.IC-US.IC-Stock change-TOT,TA,2010,0.0,0.0,0.0,1000,0.0
US.IC-US.IC-Stock change-TOT,TA,2011,0.0,0.0,0.0,1000,0.0
US.IC-US.IC-Stock change-TOT,TA,2012,0.0,0.0,0.0,1000,0.0
US.IC-US.IC-Stock change-TOT,TA,2013,0.0,0.0,0.0,1000,0.0
US.IC-US.IC-Stock change-TOT,TA,2014,0.0,0.0,0.0,1000,0.0
US.IC-US.IC-Stock change-TOT,TA,2015,0.0,0.0,0.0,1000,0.0
US.IC-US.IC-Stock change-TOT,TA,2016,0.0,0.0,0.0,1000,0.0
US.IC-US.IC-Stock change-TOT,TA,2017,0.0,0.0,0.0,1000,0.0
US.IC-US.IC-Stock change-TOT,TA,2018,0.0,0.0,0.0,1000,0.0
US.IC-US.IC-Stock change-TOT,TA,2019,0.0,0.0,0.0,1000,0.0
US.IC-US.IC-Stock change-TOT,TA,2020,0.0,0.0,0.0,1000,0.0
US.IC-US.IC-Stock change-TOT,TA,2021,0.0,0.0,0.0,1000,0.0
US.IC-US.IC-Stock change-TOT,TA,2022,0.0,0.0,0.0,1000,0.0
US.IC-US.IC-Stock change-TOT,TA,2023,0.0,0.0,0.0,1000,0.0
US.IC-US.IC-Stock change-TOT,TA,2024,0.0,0.0,0.0,1000,0.0
US.IC-US.IC-Stock change-TOT,TA,2025,0.0,0.0,0.0,1000,0.0
US.IC-WM.RS-Institutional textile waste-TOT,CA,1988,2.674550595992275,2.0640045775848077,3.1960993695631794,1000,2.7120806400000004
US.IC-WM.RS-Institutional textile waste-TOT,CA,1989,2.3514883362202266,1.814690923166162,2.8100385912274377,1000,2.38448508
US.IC-WM.RS-Institutional textile waste-TOT,CA,1990,2.034759602632599,1.5702649785020026,2.431546403695501,1000,2.06331192
US.IC-WM.RS-Institutional textile waste-TOT,CA,1991,1.7309669069335663,1.3358220348915082,2.0685128366145435,1000,1.75525632
US.IC-WM.RS-Institutional textile waste-TOT,CA,1992,1.6609041669492584,1.2817532069312374,1.9847875635053849,1000,1.6842104399999998
US.IC-WM.RS-Institutional textile waste-TOT,CA,1993,1.475573143839339,1.138729522638052,1.7633162004249072,1000,1.4962788
US.IC-WM.RS-Institutional textile waste-TOT,CA,1994,1.535133141252766,1.184693172563562,1.8344906513661186,1000,1.5566745599999998
US.IC-WM.RS-Institutional textile waste-TOT,CA,1995,1.4011837960293838,1.08132176425301,1.674420612510481,1000,1.4208455999999998
US.IC-WM.RS-Institutional textile waste-TOT,CA,1996,1.3797324079230693,1.064767295882388,1.6487861122301037,1000,1.3990932
US.IC-WM.RS-Institutional textile waste-TOT,CA,1997,1.395794500140656,1.077162736040584,1.6679803809373102,1000,1.41538068
US.IC-WM.RS-Institutional textile waste-TOT,CA,1998,1.3676881759635813,1.0554725194309247,1.6343932036680915,1000,1.38687996
US.IC-WM.RS-Institutional textile waste-TOT,CA,1999,1.2635267581885863,0.9750890548528127,1.5099198651631764,1000,1.2812569200000001
US.IC-WM.RS-Institutional textile waste-TOT,CA,2000,1.3578747605605679,1.0478993090590916,1.6226661304058276,1000,1.37692884
US.IC-WM.RS-Institutional textile waste-TOT,CA,2001,1.2424835227693056,0.9588495661335964,1.4847731090846361,1000,1.2599184
US.IC-WM.RS-Institutional textile waste-TOT,CA,2002,1.332225399586799,1.0281051804524712,1.5920150346438693,1000,1.3509195600000001
US.IC-WM.RS-Institutional textile waste-TOT,CA,2003,1.2508600608380287,0.9653139093186027,1.4947831078039293,1000,1.26841248
US.IC-WM.RS-Institutional textile waste-TOT,CA,2004,1.4073440732912714,1.0860757743236287,1.6817821701129267,1000,1.4270923199999999
US.IC-WM.RS-Institutional textile waste-TOT,CA,2005,1.4171148865002192,1.0936161077240192,1.6934583335715776,1000,1.43700024
US.IC-WM.RS-Institutional textile waste-TOT,CA,2006,1.5948293473477753,1.2307619374727683,1.9058278722627706,1000,1.61720844
US.IC-WM.RS-Institutional textile waste-TOT,CA,2007,1.74678959848839,1.3480327247351798,2.087421020508669,1000,1.77130104
US.IC-WM.RS-Institutional textile waste-TOT,CA,2008,1.7416225440453714,1.3440452047237799,2.081246368411013,1000,1.7660614799999999
US.IC-WM.RS-Institutional textile waste-TOT,CA,2009,1.588967403783775,1.2262381575271692,1.8988228247017371,1000,1.61126424
US.IC-WM.RS-Institutional textile waste-TOT,CA,2010,1.6631849227443318,1.2835133121273923,1.9875130764082576,1000,1.6865232000000001
US.IC-WM.RS-Institutional textile waste-TOT,CA,2011,1.7052336433053739,1.3159631569161299,2.0377614768226917,1000,1.7291619599999999
US.IC-WM.RS-Institutional textile waste-TOT,CA,2012,1.761656107465297,1.3595055092198034,2.105186562143924,1000,1.78637616
US.IC-WM.RS-Institutional textile waste-TOT,CA,2013,1.6833617952115172,1.2990842111023524,2.0116245250638785,1000,1.7069832
US.IC-WM.RS-Institutional textile waste-TOT,CA,2014,1.7420004018388475,1.3443368051954927,2.081697910085836,1000,1.7664446399999998
US.IC-WM.RS-Institutional textile waste-TOT,CA,2015,1.7741979567193567,1.369184306962702,2.120174125495361,1000,1.799094
US.IC-WM.RS-Institutional textile waste-TOT,CA,2016,1.6955283901395157,1.308473417521793,2.0261636578951565,1000,1.7193205199999997
US.IC-WM.RS-Institutional textile waste-TOT,CA,2017,1.7277685472140905,1.3333537962604454,2.064690783108295,1000,1.75201308
US.IC-WM.RS-Institutional textile waste-TOT,CA,2018,1.7406025765157838,1.3432580752324883,2.0800275028628437,1000,1.7650272
US.IC-WM.RS-Institutional textile waste-TOT,CA,2019,1.7013563702876913,1.3129709872151587,2.033128119029421,1000,1.72523028
US.IC-WM.RS-Institutional textile waste-TOT,CA,2020,1.6933628969472752,1.3068022627983749,2.0235758842942815,1000,1.71712464
US.IC-WM.RS-Institutional textile waste-TOT,CA,2021,1.8604476370177498,1.43574492287248,2.223242861319536,1000,1.8865539599999999
US.IC-WM.RS-Institutional textile waste-TOT,CA,2022,1.8454288251970583,1.4241546032149486,2.2052953171363647,1000,1.8713244
US.IC-WM.RS-Institutional textile waste-TOT,CA,2023,1.693573659468472,1.3069649124820957,2.0238277464060452,1000,1.7173383599999998
US.IC-WM.RS-Institutional textile waste-TOT,CA,2024,1.9313156768093251,1.4904352169179387,2.3079304711331026,1000,1.9584164399999997
US.IC-WM.RS-Institutional textile waste-TOT,CA,2025,1.7493168553119043,1.3499830597410991,2.0904411031918912,1000,1.7738637599999998
US.IC-WM.RS-Institutional textile waste-TOT,CL,1988,3.4931190932808716,2.695710378178778,4.174292215138316,1000,3.54213552
US.IC-WM.RS-Institutional textile waste-TOT,CL,1989,3.4859477239464938,2.6901760879859187,4.165722398196789,1000,3.5348635200000005
US.IC-WM.RS-Institutional textile waste-TOT,CL,1990,3.80034801094958,2.9328051235108914,4.54143208212903,1000,3.8536755600000006
US.IC-WM.RS-Institutional textile waste-TOT,CL,1991,4.0795440932259766,3.1482663650090843,4.875072591261756,1000,4.1367894
US.IC-WM.RS-Institutional textile waste-TOT,CL,1992,4.376947524870019,3.3777785848274546,5.2304709605458495,1000,4.43836608
US.IC-WM.RS-Institutional textile waste-TOT,CL,1993,4.624713128437943,3.5689842926942483,5.526551913566327,1000,4.6896084
US.IC-WM.RS-Institutional textile waste-TOT,CL,1994,4.992644492357604,3.8529243387360608,5.966231462731808,1000,5.06270268
US.IC-WM.RS-Institutional textile waste-TOT,CL,1995,4.984447593540525,3.8465986267806382,5.9564361336844165,1000,5.0543907599999995
US.IC-WM.RS-Institutional textile waste-TOT,CL,1996,4.942689514614553,3.814373075997077,5.90653505126352,1000,5.01204672
US.IC-WM.RS-Institutional textile waste-TOT,CL,1997,5.285941664190862,4.079267675131957,6.3167228340282096,1000,5.36011548
US.IC-WM.RS-Institutional textile waste-TOT,CL,1998,5.517068744187605,4.25763309915195,6.592920680415373,1000,5.594485799999999
US.IC-WM.RS-Institutional textile waste-TOT,CL,1999,5.513689325143352,4.255025133392255,6.5888822602437696,1000,5.591058960000001
US.IC-WM.RS-Institutional textile waste-TOT,CL,2000,5.846317789253405,4.511721220423445,6.986374693564697,1000,5.928354959999999
US.IC-WM.RS-Institutional textile waste-TOT,CL,2001,5.6257115577600185,4.341474947151075,6.722749306012017,1000,5.70465312
US.IC-WM.RS-Institutional textile waste-TOT,CL,2002,6.019237254819449,4.645166655711394,7.193014192443122,1000,6.103700880000001
US.IC-WM.RS-Institutional textile waste-TOT,CL,2003,6.437870909969728,4.9682346813662495,7.693283195881936,1000,6.52820892
US.IC-WM.RS-Institutional textile waste-TOT,CL,2004,6.582647602814886,5.079961771968971,7.866291961325828,1000,6.67501716
US.IC-WM.RS-Institutional textile waste-TOT,CL,2005,6.939456835597724,5.355318645341214,8.292680516345277,1000,7.03683324
US.IC-WM.RS-Institutional textile waste-TOT,CL,2006,7.265850113587991,5.607202913626998,8.682721875659073,1000,7.36780656
US.IC-WM.RS-Institutional textile waste-TOT,CL,2007,7.635594437544,5.89254205745354,9.124567919800532,1000,7.742739240000001
US.IC-WM.RS-Institutional textile waste-TOT,CL,2008,7.911735824166465,6.105645928774368,9.454558054598081,1000,8.02275552
US.IC-WM.RS-Institutional textile waste-TOT,CL,2009,7.271490052385138,5.6115553680214125,8.689461626576835,1000,7.3735256399999995
US.IC-WM.RS-Institutional textile waste-TOT,CL,2010,8.081094219666333,6.236343214549387,9.656942059558938,1000,8.1944904
US.IC-WM.RS-Institutional textile waste-TOT,CL,2011,8.102208932100105,6.252637863520691,9.682174230974653,1000,8.2159014
US.IC-WM.RS-Institutional textile waste-TOT,CL,2012,7.044269593584211,5.436204762282717,8.417932209180988,1000,7.14311676
US.IC-WM.RS-Institutional textile waste-TOT,CL,2013,7.318758251755786,5.648033189761409,8.745947326430594,1000,7.42145712
US.IC-WM.RS-Institutional textile waste-TOT,CL,2014,7.366497205370858,5.684874302035847,8.802995579614276,1000,7.469865960000001
US.IC-WM.RS-Institutional textile waste-TOT,CL,2015,7.111588870610121,5.488156404606996,8.498379032353585,1000,7.2113806799999995
US.IC-WM.RS-Institutional textile waste-TOT,CL,2016,6.986630481765431,5.391723498469592,8.349053224718238,1000,7.08466884
US.IC-WM.RS-Institutional textile waste-TOT,CL,2017,6.895593143230059,5.321468150244096,8.240263216880804,1000,6.9923540399999995
US.IC-WM.RS-Institutional textile waste-TOT,CL,2018,6.76195514904164,5.218337017799838,8.080565243839905,1000,6.8568408
US.IC-WM.RS-Institutional textile waste-TOT,CL,2019,6.451793780348082,4.978979240933416,7.709921085367163,1000,6.54232716
US.IC-WM.RS-Institutional textile waste-TOT,CL,2020,6.127263519972189,4.728532700873807,7.3221060400485865,1000,6.213243
US.IC-WM.RS-Institutional textile waste-TOT,CL,2021,6.65971935043841,5.139439592330937,7.9583930284583,1000,6.7531704
US.IC-WM.RS-Institutional textile waste-TOT,CL,2022,7.185646276324649,5.545307996589546,8.586877948048194,1000,7.286477279999999
US.IC-WM.RS-Institutional textile waste-TOT,CL,2023,5.687586629402629,4.389225186499735,6.796690280531233,1000,5.76739644
US.IC-WM.RS-Institutional textile waste-TOT,CL,2024,5.969795160157176,4.607011195178612,7.133930678443886,1000,6.053564999999999
US.IC-WM.RS-Institutional textile waste-TOT,CL,2025,6.07893795781272,4.691238890967586,7.264356787152377,1000,6.16423932
US.IC-WM.RS-Institutional textile waste-TOT,FW,1988,1.3489582396820634,1.0410182502610485,1.6120108499257393,1000,1.3678872
US.IC-WM.RS-Institutional textile waste-TOT,FW,1989,1.2806000608180914,0.9882648664581698,1.5303225346255867,1000,1.2985697999999997
US.IC-WM.RS-Institutional textile waste-TOT,FW,1990,1.3323091839017946,1.0281698384963087,1.5921151572576417,1000,1.35100452
US.IC-WM.RS-Institutional textile waste-TOT,FW,1991,1.336918741299694,1.0317271268064123,1.597623598008573,1000,1.35567876
US.IC-WM.RS-Institutional textile waste-TOT,FW,1992,1.3375375381684969,1.0322046648166179,1.5983630629060523,1000,1.3563062399999999
US.IC-WM.RS-Institutional textile waste-TOT,FW,1993,1.3403462061517,1.0343721704839004,1.601719433125363,1000,1.3591543199999998
US.IC-WM.RS-Institutional textile waste-TOT,FW,1994,1.5173653045205633,1.1709813749987679,1.8132580106886942,1000,1.5386573999999997
US.IC-WM.RS-Institutional textile waste-TOT,FW,1995,1.4709135288634125,1.1351336038865034,1.757747940654731,1000,1.4915538
US.IC-WM.RS-Institutional textile waste-TOT,FW,1996,1.4040593257893847,1.0835408685004735,1.6778568828382403,1000,1.42376148
US.IC-WM.RS-Institutional textile waste-TOT,FW,1997,1.554948605106961,1.1999851652307831,1.8581702151877553,1000,1.5767680800000001
US.IC-WM.RS-Institutional textile waste-TOT,FW,1998,1.544799815765109,1.1921531400337593,1.8460423686381597,1000,1.56647688
US.IC-WM.RS-Institutional textile waste-TOT,FW,1999,1.6052094902712895,1.2387725028897105,1.918232187329209,1000,1.62773424
US.IC-WM.RS-Institutional textile waste-TOT,FW,2000,1.6547690959855261,1.2770186490687219,1.9774561275367435,1000,1.6779892799999998
US.IC-WM.RS-Institutional textile waste-TOT,FW,2001,1.578392710840695,1.2180774539406387,1.8861860215321329,1000,1.6005411600000001
US.IC-WM.RS-Institutional textile waste-TOT,FW,2002,1.6891012574675788,1.3035134697550537,2.018483206939524,1000,1.7128032
US.IC-WM.RS-Institutional textile waste-TOT,FW,2003,1.8310051423595781,1.413023556583488,2.188058954626443,1000,1.8566983200000002
US.IC-WM.RS-Institutional textile waste-TOT,FW,2004,2.026985175573337,1.5642652965133872,2.422255930200606,1000,2.0554284
US.IC-WM.RS-Institutional textile waste-TOT,FW,2005,2.187545626301519,1.6881730310608793,2.6141263536347656,1000,2.21824188
US.IC-WM.RS-Institutional textile waste-TOT,FW,2006,2.2797986657803238,1.759366560196462,2.7243691292847454,1000,2.3117894399999996
US.IC-WM.RS-Institutional textile waste-TOT,FW,2007,2.3978286361362393,1.8504526662031517,2.8654154472752804,1000,2.43147564
US.IC-WM.RS-Institutional textile waste-TOT,FW,2008,2.3690362982952795,1.8282330390283439,2.83100848075177,1000,2.4022792799999997
US.IC-WM.RS-Institutional textile waste-TOT,FW,2009,2.1128233896807123,1.6305083756739804,2.524832962171552,1000,2.14247112
US.IC-WM.RS-Institutional textile waste-TOT,FW,2010,2.3224699700718636,1.7922968653928661,2.775361519912536,1000,2.3550595199999997
US.IC-WM.RS-Institutional textile waste-TOT,FW,2011,2.5805656589852743,1.9914745082351573,3.0837869689802084,1000,2.61677688
US.IC-WM.RS-Institutional textile waste-TOT,FW,2012,2.1692066834899806,1.6740204994289105,2.592211238756684,1000,2.1996455999999998
US.IC-WM.RS-Institutional textile waste-TOT,FW,2013,2.204660702749094,1.701381080363234,2.6345789429879414,1000,2.23559712
US.IC-WM.RS-Institutional textile waste-TOT,FW,2014,2.0565338206983883,1.5870685812562237,2.457566687154369,1000,2.08539168
US.IC-WM.RS-Institutional textile waste-TOT,FW,2015,2.1354234986142355,1.6479493350495873,2.551840188739907,1000,2.16538836
US.IC-WM.RS-Institutional textile waste-TOT,FW,2016,2.09313194554702,1.615312091523626,2.5013016024448778,1000,2.12250336
US.IC-WM.RS-Institutional textile waste-TOT,FW,2017,1.9956927989772941,1.5401163390644153,2.3848614067017366,1000,2.02369692
US.IC-WM.RS-Institutional textile waste-TOT,FW,2018,2.117671046007667,1.6342494097244809,2.5306259321582316,1000,2.1473868
US.IC-WM.RS-Institutional textile waste-TOT,FW,2019,2.081282263607098,1.6061674532417514,2.487141181986032,1000,2.1104874000000002
US.IC-WM.RS-Institutional textile waste-TOT,FW,2020,1.6734503947621528,1.2914353836962011,1.9997803592533043,1000,1.69693272
US.IC-WM.RS-Institutional textile waste-TOT,FW,2021,1.9234666959104487,1.4843780002292986,2.298550905481885,1000,1.9504573200000002
US.IC-WM.RS-Institutional textile waste-TOT,FW,2022,2.1728113024656435,1.6768022565126486,2.5965187738068325,1000,2.2033008
US.IC-WM.RS-Institutional textile waste-TOT,FW,2023,1.7497541194982167,1.3503205053229903,2.0909636357595307,1000,1.7743071599999998
US.IC-WM.RS-Institutional textile waste-TOT,FW,2024,1.7689527982538844,1.3651365125036572,2.1139061387577476,1000,1.7937752399999998
US.IC-WM.RS-Institutional textile waste-TOT,FW,2025,1.7356143329484128,1.3394085471762276,2.074066530524242,1000,1.75996896
US.IC-WM.RS-Institutional textile waste-TOT,HT,1988,0.688588966515562,0.5313979780723568,0.8228667519195086,1000,0.69825144
US.IC-WM.RS-Institutional textile waste-TOT,HT,1989,0.6461015616950724,0.49860959180267994,0.7720941219439811,1000,0.6551678400000001
US.IC-WM.RS-Institutional textile waste-TOT,HT,1990,0.7983852344923018,0.6161299700732941,0.9540737604489752,1000,0.8095884
US.IC-WM.RS-Institutional textile waste-TOT,HT,1991,0.7726656982377529,0.596281685788714,0.923338804927177,1000,0.78350796
US.IC-WM.RS-Institutional textile waste-TOT,HT,1992,0.7590210438545333,0.5857518311100519,0.907033384742768,1000,0.76967184
US.IC-WM.RS-Institutional textile waste-TOT,HT,1993,0.866988020953867,0.6690721224872065,1.036054382871539,1000,0.87915384
US.IC-WM.RS-Institutional textile waste-TOT,HT,1994,0.8592154873254522,0.6630739016973215,1.0267661720345818,1000,0.8712722399999999
US.IC-WM.RS-Institutional textile waste-TOT,HT,1995,0.8874737593280277,0.6848813795051265,1.0605349276033542,1000,0.89992704
US.IC-WM.RS-Institutional textile waste-TOT,HT,1996,0.9496485847416599,0.7328629448778549,1.134834109157437,1000,0.9629743199999998
US.IC-WM.RS-Institutional textile waste-TOT,HT,1997,1.0494215031701852,0.8098597160976827,1.254063172225724,1000,1.06414728
US.IC-WM.RS-Institutional textile waste-TOT,HT,1998,1.0818069810622948,0.8348522418389229,1.2927639564356308,1000,1.0969872
US.IC-WM.RS-Institutional textile waste-TOT,HT,1999,1.1475986144126695,0.8856249707622185,1.3713852389003394,1000,1.16370204
US.IC-WM.RS-Institutional textile waste-TOT,HT,2000,1.3433448089167794,1.0366862526488654,1.6053027762191152,1000,1.3621949999999998
US.IC-WM.RS-Institutional textile waste-TOT,HT,2001,1.3032960246882621,1.0057797990195227,1.557444308252071,1000,1.32158424
US.IC-WM.RS-Institutional textile waste-TOT,HT,2002,1.550551940339962,1.1965921704529725,1.8529161820387683,1000,1.5723097199999998
US.IC-WM.RS-Institutional textile waste-TOT,HT,2003,1.7303328442785566,1.3353327159665356,2.067755129037436,1000,1.7546133599999998
US.IC-WM.RS-Institutional textile waste-TOT,HT,2004,2.0463204180288708,1.579186692652512,2.4453616274026273,1000,2.07503496
US.IC-WM.RS-Institutional textile waste-TOT,HT,2005,2.1200301425040506,1.636069972018122,2.5334450625333034,1000,2.149779
US.IC-WM.RS-Institutional textile waste-TOT,HT,2006,2.0370181106152163,1.5720079146130708,2.434245330367598,1000,2.06560212
US.IC-WM.RS-Institutional textile waste-TOT,HT,2007,2.137279889220644,1.6493819490802044,2.554058583432345,1000,2.1672708
US.IC-WM.RS-Institutional textile waste-TOT,HT,2008,2.128096867950374,1.6422952265608033,2.5430848338474337,1000,2.15795892
US.IC-WM.RS-Institutional textile waste-TOT,HT,2009,1.9469432266474436,1.5024953119674187,2.3266054598434565,1000,1.9742632800000002
US.IC-WM.RS-Institutional textile waste-TOT,HT,2010,2.1211014693453727,1.6368967365249858,2.5347253026780505,1000,2.1508653599999996
US.IC-WM.RS-Institutional textile waste-TOT,HT,2011,2.200011856661112,1.697793472179467,2.6290235520847896,1000,2.23088304
US.IC-WM.RS-Institutional textile waste-TOT,HT,2012,1.86661063608648,1.4405010334162742,2.2306076714927685,1000,1.89280344
US.IC-WM.RS-Institutional textile waste-TOT,HT,2013,2.1219873583030813,1.6375803948811534,2.53578394376096,1000,2.15176368
US.IC-WM.RS-Institutional textile waste-TOT,HT,2014,2.094105760699703,1.6160636042958547,2.502465315705799,1000,2.12349084
US.IC-WM.RS-Institutional textile waste-TOT,HT,2015,2.018060725953159,1.5573781189456595,2.411591174840401,1000,2.04637872
US.IC-WM.RS-Institutional textile waste-TOT,HT,2016,1.9931035322935284,1.5381181498000627,2.381767221971034,1000,2.02107132
US.IC-WM.RS-Institutional textile waste-TOT,HT,2017,2.119682342925276,1.6358015680762603,2.533029440553251,1000,2.14942632
US.IC-WM.RS-Institutional textile waste-TOT,HT,2018,1.9994279463419962,1.5429988275356568,2.3893249237335104,1000,2.0274844799999996
US.IC-WM.RS-Institutional textile waste-TOT,HT,2019,2.080000174244579,1.6051780390511665,2.485609079729522,1000,2.10918732
US.IC-WM.RS-Institutional textile waste-TOT,HT,2020,1.9618732838971649,1.5140171379344445,2.3444469419357676,1000,1.98940284
US.IC-WM.RS-Institutional textile waste-TOT,HT,2021,2.1956644210961445,1.6944384685686573,2.6238283480422,1000,2.2264746
US.IC-WM.RS-Institutional textile waste-TOT,HT,2022,1.847504853781761,1.425756716298337,2.2077761801496525,1000,1.8734295600000002
US.IC-WM.RS-Institutional textile waste-TOT,HT,2023,1.6723303120765112,1.290570993322019,1.998441855666645,1000,1.69579692
US.IC-WM.RS-Institutional textile waste-TOT,HT,2024,1.9277276253535773,1.4876662453230955,2.3036427343399155,1000,1.9547780399999999
US.IC-WM.RS-Institutional textile waste-TOT,HT,2025,1.6092514917726923,1.2418917968802603,1.9230623963631173,1000,1.6318329599999999
US.IC-WM.RS-Institutional textile waste-TOT,OM,1988,0.09536015949932367,0.07359135625280576,0.11395579732682425,1000,0.09669828
US.IC-WM.RS-Institutional textile waste-TOT,OM,1989,0.10271578332303527,0.07926783934715528,0.12274579916897914,1000,0.10415711999999999
US.IC-WM.RS-Institutional textile waste-TOT,OM,1990,0.08930283753976156,0.06891679886317345,0.10671727174977676,1000,0.09055595999999998
US.IC-WM.RS-Institutional textile waste-TOT,OM,1991,0.014790653403584401,0.011414245210471503,0.01767489390159968,1000,0.014998200000000014
US.IC-WM.RS-Institutional textile waste-TOT,OM,1992,0.0711960766858812,0.054943446725568036,0.08507961530138647,1000,0.07219511999999999
US.IC-WM.RS-Institutional textile waste-TOT,OM,1993,0.08326752671380003,0.06425922790878656,0.0995050495712627,1000,0.08443596
US.IC-WM.RS-Institutional textile waste-TOT,OM,1994,0.0852459252704358,0.06578599793261872,0.10186924428460382,1000,0.08644212
US.IC-WM.RS-Institutional textile waste-TOT,OM,1995,0.12079414271420524,0.09321927350379888,0.14434951574829408,1000,0.12248915999999999
US.IC-WM.RS-Institutional textile waste-TOT,OM,1996,0.13414294852752462,0.10352081588077529,0.16030139562983456,1000,0.13602527999999997
US.IC-WM.RS-Institutional textile waste-TOT,OM,1997,0.17036972425121694,0.13147774854710162,0.20359254713218367,1000,0.1727604
US.IC-WM.RS-Institutional textile waste-TOT,OM,1998,0.21055294206989678,0.16248794728633026,0.25161166381285144,1000,0.21350748
US.IC-WM.RS-Institutional textile waste-TOT,OM,1999,0.2698538944755196,0.20825168696048435,0.32247655486487137,1000,0.27364056
US.IC-WM.RS-Institutional textile waste-TOT,OM,2000,0.3199812927651089,0.24693601010889116,0.38237900962167093,1000,0.32447136000000004
US.IC-WM.RS-Institutional textile waste-TOT,OM,2001,0.3199786892976938,0.24693400096063634,0.38237589846700576,1000,0.32446872
US.IC-WM.RS-Institutional textile waste-TOT,OM,2002,0.3738636011038699,0.288518072990292,0.4467685979024754,1000,0.37910975999999996
US.IC-WM.RS-Institutional textile waste-TOT,OM,2003,0.4098767741600943,0.3163101641748013,0.48980449330615355,1000,0.41562828
US.IC-WM.RS-Institutional textile waste-TOT,OM,2004,0.4757965691109496,0.36718179798718714,0.5685789294300649,1000,0.48247308
US.IC-WM.RS-Institutional textile waste-TOT,OM,2005,0.48850137175731057,0.37698635014585424,0.5837612227803217,1000,0.49535616
US.IC-WM.RS-Institutional textile waste-TOT,OM,2006,0.4699445660588981,0.3626656893349246,0.5615857608232081,1000,0.47653896
US.IC-WM.RS-Institutional textile waste-TOT,OM,2007,0.5502213004098644,0.42461686252351083,0.6575168007647143,1000,0.5579421600000001
US.IC-WM.RS-Institutional textile waste-TOT,OM,2008,0.522714483774835,0.4033892979619874,0.6246460375652277,1000,0.53004936
US.IC-WM.RS-Institutional textile waste-TOT,OM,2009,0.519789014776235,0.4011316545979992,0.6211500896343444,1000,0.52708284
US.IC-WM.RS-Institutional textile waste-TOT,OM,2010,0.5546896788702071,0.4280652002032498,0.6628565320831165,1000,0.56247324
US.IC-WM.RS-Institutional textile waste-TOT,OM,2011,0.5999491847906604,0.4629928727397213,0.7169418346965204,1000,0.60836784
US.IC-WM.RS-Institutional textile waste-TOT,OM,2012,0.6568689112268716,0.5069189723600681,0.7849611505588135,1000,0.6660862799999999
US.IC-WM.RS-Institutional textile waste-TOT,OM,2013,0.6741038655149705,0.5202195338070663,0.8055569944427114,1000,0.68356308
US.IC-WM.RS-Institutional textile waste-TOT,OM,2014,0.6816438621674439,0.5260383011278263,0.8145673226016139,1000,0.69120888
US.IC-WM.RS-Institutional textile waste-TOT,OM,2015,0.6449586394998343,0.49772757571880794,0.77072832504594,1000,0.65400888
US.IC-WM.RS-Institutional textile waste-TOT,OM,2016,0.6795622716296268,0.5244318957731662,0.8120798130306321,1000,0.6890980799999998
US.IC-WM.RS-Institutional textile waste-TOT,OM,2017,0.7029993953371108,0.542518796312702,0.8400872758238619,1000,0.7128640799999999
US.IC-WM.RS-Institutional textile waste-TOT,OM,2018,0.7645279691346533,0.5900016362936282,0.9136141839403592,1000,0.77525604
US.IC-WM.RS-Institutional textile waste-TOT,OM,2019,0.7949545744757405,0.6134824606229474,0.9499741070969139,1000,0.8061096
US.IC-WM.RS-Institutional textile waste-TOT,OM,2020,1.1363233520560658,0.8769236236452963,1.3579112522935426,1000,1.15226856
US.IC-WM.RS-Institutional textile waste-TOT,OM,2021,1.234923763432363,0.9530155475510838,1.475739164433502,1000,1.2522525599999998
US.IC-WM.RS-Institutional textile waste-TOT,OM,2022,1.1363087963064267,0.8769123906800534,1.3578938581106417,1000,1.1522538000000002
US.IC-WM.RS-Institutional textile waste-TOT,OM,2023,0.9424251460589796,0.7272884717198983,1.1262020691226036,1000,0.9556495199999999
US.IC-WM.RS-Institutional textile waste-TOT,OM,2024,1.0953737681019167,0.8453220047197813,1.3089763248123245,1000,1.1107443599999998
US.IC-WM.RS-Institutional textile waste-TOT,OM,2025,1.1964293675901008,0.9233086467547975,1.4297381972177279,1000,1.2132180000000001
US.IC-WM.RS-Institutional textile waste-TOT,SA,1988,2.322591590478895,2.23966720485065,2.4033174963346853,1000,2.322393
US.IC-WM.RS-Institutional textile waste-TOT,SA,1989,2.7339177604422282,2.636307637520844,2.828940057367632,1000,2.7336840000000002
US.IC-WM.RS-Institutional textile waste-TOT,SA,1990,2.753816461857432,2.655495887905216,2.8495303744347993,1000,2.7535809999999996
US.IC-WM.RS-Institutional textile waste-TOT,SA,1991,2.3342325858285946,2.2508925772421713,2.4153630957045316,1000,2.3340330000000002
US.IC-WM.RS-Institutional textile waste-TOT,SA,1992,2.6996648316855962,2.603277654324144,2.793496605613574,1000,2.699434
US.IC-WM.RS-Institutional textile waste-TOT,SA,1993,2.911607953634482,2.8076536890383257,3.0128061972333935,1000,2.911359
US.IC-WM.RS-Institutional textile waste-TOT,SA,1994,3.694004851566638,3.5621163679952508,3.822396726014489,1000,3.693689
US.IC-WM.RS-Institutional textile waste-TOT,SA,1995,4.836838568227639,4.664147050572322,5.004951712397721,1000,4.836425
US.IC-WM.RS-Institutional textile waste-TOT,SA,1996,5.209650445071361,5.023648280822424,5.390721345824812,1000,5.209205
US.IC-WM.RS-Institutional textile waste-TOT,SA,1997,5.754554036415961,5.549096968548107,5.9545640550908265,1000,5.754062
US.IC-WM.RS-Institutional textile waste-TOT,SA,1998,6.004063370419895,5.789697974322659,6.212745540965762,1000,6.00355
US.IC-WM.RS-Institutional textile waste-TOT,SA,1999,6.024853148025527,5.809745486459681,6.234257905201189,1000,6.024338
US.IC-WM.RS-Institutional textile waste-TOT,SA,2000,6.465498824919026,6.2346586203671785,6.690219026090303,1000,6.464946
US.IC-WM.RS-Institutional textile waste-TOT,SA,2001,5.99176031846182,5.777834182985847,6.200014874002888,1000,5.991248
US.IC-WM.RS-Institutional textile waste-TOT,SA,2002,5.532781073978055,5.335242051940775,5.725082968951574,1000,5.5323080000000004
US.IC-WM.RS-Institutional textile waste-TOT,SA,2003,5.37400549805804,5.182135301801371,5.560788858371198,1000,5.373546
US.IC-WM.RS-Institutional textile waste-TOT,SA,2004,6.5679765871602935,6.333477579438206,6.796258589821299,1000,6.5674150000000004
US.IC-WM.RS-Institutional textile waste-TOT,SA,2005,6.869400360047637,6.624139502811028,7.1081588955664,1000,6.868813
US.IC-WM.RS-Institutional textile waste-TOT,SA,2006,7.0029527792911255,6.752923648389731,7.246353172666801,1000,7.002354
US.IC-WM.RS-Institutional textile waste-TOT,SA,2007,7.665395420674798,7.391714844002275,7.93182021598253,1000,7.66474
US.IC-WM.RS-Institutional textile waste-TOT,SA,2008,7.715610714274778,7.440137281558173,7.983780833676632,1000,7.714951
US.IC-WM.RS-Institutional textile waste-TOT,SA,2009,5.945215338687733,5.73295101662212,6.15185213858433,1000,5.944707
US.IC-WM.RS-Institutional textile waste-TOT,SA,2010,8.455031937622117,8.15315866305733,8.748901989938737,1000,8.454309
US.IC-WM.RS-Institutional textile waste-TOT,SA,2011,10.692034209886408,10.3102923782163,11.063655355236465,1000,10.69112
US.IC-WM.RS-Institutional textile waste-TOT,SA,2012,9.699058306642565,9.352769077598632,10.036166763833874,1000,9.698229000000001
US.IC-WM.RS-Institutional textile waste-TOT,SA,2013,8.432843040386395,8.131761984599365,8.725941877119254,1000,8.432122
US.IC-WM.RS-Institutional textile waste-TOT,SA,2014,9.661664109295433,9.31670997973855,9.997472862971508,1000,9.660838
US.IC-WM.RS-Institutional textile waste-TOT,SA,2015,9.234268565339061,8.904573904148515,9.5552224075507,1000,9.233478999999999
US.IC-WM.RS-Institutional textile waste-TOT,SA,2016,8.735107885188611,8.423234950771265,9.03871248776728,1000,8.734361
US.IC-WM.RS-Institutional textile waste-TOT,SA,2017,10.948450134430292,10.55755338585819,11.328983482799385,1000,10.947514
US.IC-WM.RS-Institutional textile waste-TOT,SA,2018,12.533501662408309,12.086013206243058,12.969126366893844,1000,12.53243
US.IC-WM.RS-Institutional textile waste-TOT,SA,2019,10.58527508157194,10.207344912340451,10.953185618747538,1000,10.58437
US.IC-WM.RS-Institutional textile waste-TOT,SA,2020,10.35367627898706,9.984014971356256,10.713537177470077,1000,10.352791
US.IC-WM.RS-Institutional textile waste-TOT,SA,2021,11.915130789329666,11.48972026755058,12.329262886553236,1000,11.914112
US.IC-WM.RS-Institutional textile waste-TOT,SA,2022,13.905477971638826,13.40900531480488,14.388788214481314,1000,13.904289
US.IC-WM.RS-Institutional textile waste-TOT,SA,2023,11.046424511614886,10.652029745970541,11.430363138114366,1000,11.04548
US.IC-WM.RS-Institutional textile waste-TOT,SA,2024,12.096762319521332,11.664866936988593,12.517207351772653,1000,12.095728
US.IC-WM.RS-Institutional textile waste-TOT,SA,2025,13.177536729873893,12.707054040666742,13.635546047494678,1000,13.176409999999999
US.IC-WM.RS-Institutional textile waste-TOT,TA,1988,0.07500991977017707,0.05788666626905786,0.08963717405372282,1000,0.07606248
US.IC-WM.RS-Institutional textile waste-TOT,TA,1989,0.05586851729764215,0.043114860349997466,0.0667631164581414,1000,0.05665247999999999
US.IC-WM.RS-Institutional textile waste-TOT,TA,1990,0.07155275172175274,0.05521870003648024,0.08550584349052456,1000,0.07255679999999999
US.IC-WM.RS-Institutional textile waste-TOT,TA,1991,0.045187318869397766,0.034871964334860076,0.05399903877950408,1000,0.0458214
US.IC-WM.RS-Institutional textile waste-TOT,TA,1992,0.056324242434716246,0.043466552619514015,0.06730770994067976,1000,0.0571146
US.IC-WM.RS-Institutional textile waste-TOT,TA,1993,0.07622408230104699,0.0588236599551757,0.09108810345669445,1000,0.07729368
US.IC-WM.RS-Institutional textile waste-TOT,TA,1994,0.05527019314987624,0.04265312155106844,0.06604811654962046,1000,0.05604575999999999
US.IC-WM.RS-Institutional textile waste-TOT,TA,1995,0.06224133217214572,0.048032889978147336,0.07437865741416767,1000,0.06311472000000001
US.IC-WM.RS-Institutional textile waste-TOT,TA,1996,0.0700926798595819,0.05409193316520132,0.08376105138780875,1000,0.07107623999999998
US.IC-WM.RS-Institutional textile waste-TOT,TA,1997,0.08705438840852098,0.06718162537036265,0.10403036544797739,1000,0.08827595999999999
US.IC-WM.RS-Institutional textile waste-TOT,TA,1998,0.12503211430830985,0.09648980156298524,0.14941390987882242,1000,0.12678659999999997
US.IC-WM.RS-Institutional textile waste-TOT,TA,1999,0.09733441617598086,0.0751149299044143,0.11631504247592525,1000,0.09870024
US.IC-WM.RS-Institutional textile waste-TOT,TA,2000,0.13079157592769658,0.10093449412728044,0.15629649107894206,1000,0.13262688
US.IC-WM.RS-Institutional textile waste-TOT,TA,2001,0.20403918493669285,0.1574611496776573,0.24382769625653875,1000,0.20690232
US.IC-WM.RS-Institutional textile waste-TOT,TA,2002,0.2523285352312069,0.19472701415815158,0.3015336758196779,1000,0.25586928
US.IC-WM.RS-Institutional textile waste-TOT,TA,2003,0.3672144636650797,0.2833867996723677,0.43882285030357016,1000,0.37236732
US.IC-WM.RS-Institutional textile waste-TOT,TA,2004,0.41843780339700676,0.32291688291113874,0.5000349597583151,1000,0.42430944
US.IC-WM.RS-Institutional textile waste-TOT,TA,2005,0.5801389278712954,0.44770489836901,0.6932684931842142,1000,0.5882796
US.IC-WM.RS-Institutional textile waste-TOT,TA,2006,0.48377856352685367,0.37334166388666545,0.5781174468014527,1000,0.49056708000000004
US.IC-WM.RS-Institutional textile waste-TOT,TA,2007,0.36532067779943533,0.28192532696681766,0.4365597681168494,1000,0.37044696000000005
US.IC-WM.RS-Institutional textile waste-TOT,TA,2008,0.5406211326560348,0.4172082196587327,0.6460445593527578,1000,0.5482072800000001
US.IC-WM.RS-Institutional textile waste-TOT,TA,2009,0.4999902367813821,0.3858525387445934,0.5974904654857895,1000,0.5070062399999999
US.IC-WM.RS-Institutional textile waste-TOT,TA,2010,0.6060115953456249,0.4676713571009426,0.7241864411667772,1000,0.6145153199999999
US.IC-WM.RS-Institutional textile waste-TOT,TA,2011,0.6845474383718712,0.5282790493814898,0.8180371085500848,1000,0.6941532
US.IC-WM.RS-Institutional textile waste-TOT,TA,2012,0.6319882831771312,0.4877180904381478,0.7552286939198287,1000,0.6408565199999999
US.IC-WM.RS-Institutional textile waste-TOT,TA,2013,0.6965902502582235,0.5375727299339051,0.8324283201186435,1000,0.706365
US.IC-WM.RS-Institutional textile waste-TOT,TA,2014,0.7219931102035517,0.5571766287307609,0.8627848461002515,1000,0.73212432
US.IC-WM.RS-Institutional textile waste-TOT,TA,2015,0.8411603224621623,0.6491403672251301,1.0051901730150121,1000,0.8529637199999999
US.IC-WM.RS-Institutional textile waste-TOT,TA,2016,0.7302956861297993,0.5635838938403458,0.8727064597438274,1000,0.7405434
US.IC-WM.RS-Institutional textile waste-TOT,TA,2017,0.7295257698114914,0.5629897339064391,0.8717864064596427,1000,0.73976268
US.IC-WM.RS-Institutional textile waste-TOT,TA,2018,0.8177166900861406,0.6310484438149574,0.9771749323351191,1000,0.82919112
US.IC-WM.RS-Institutional textile waste-TOT,TA,2019,0.8368631811540777,0.6458241767056067,1.00005507082391,1000,0.8486062799999999
US.IC-WM.RS-Institutional textile waste-TOT,TA,2020,0.802674802076997,0.6194403157978944,0.9591998120083238,1000,0.81393816
US.IC-WM.RS-Institutional textile waste-TOT,TA,2021,1.085679757181715,0.8378409411929085,1.2973919404162984,1000,1.10091432
US.IC-WM.RS-Institutional textile waste-TOT,TA,2022,0.9147312347883455,0.705916522458789,1.0931077270355833,1000,0.927567
US.IC-WM.RS-Institutional textile waste-TOT,TA,2023,0.6573672385580113,0.5073035416010274,0.7855566538449651,1000,0.6665916000000001
US.IC-WM.RS-Institutional textile waste-TOT,TA,2024,0.5942642770108886,0.4586057148754508,0.7101483456527236,1000,0.60260316
US.IC-WM.RS-Institutional textile waste-TOT,TA,2025,0.6145404362581322,0.47425323545885667,0.7343784424339869,1000,0.62316384
WM.LF-WM.LF-Stock change-TOT,ALL,1988,71.26829211195891,57.394185706952705,85.90560983171443,1000,71.4793307471014
WM.LF-WM.LF-Stock change-TOT,ALL,1989,69.22734847259697,55.500526773529245,83.84281514430872,1000,69.4783247921328
WM.LF-WM.LF-Stock change-TOT,ALL,1990,67.52787863873314,53.81168536842361,82.12826471336545,1000,67.8157212242758
WM.LF-WM.LF-Stock change-TOT,ALL,1991,64.74125671469977,51.00458962158441,79.21631293153926,1000,64.98840028721682
WM.LF-WM.LF-Stock change-TOT,ALL,1992,63.97399449418856,50.68352171076855,78.02186944886277,1000,64.31931142615517
WM.LF-WM.LF-Stock change-TOT,ALL,1993,62.102826957932095,49.704730630341174,75.55235130572126,1000,62.59817701143813
WM.LF-WM.LF-Stock change-TOT,ALL,1994,62.199061123838305,49.9502718767289,75.73896758790481,1000,62.68062008922448
WM.LF-WM.LF-Stock change-TOT,ALL,1995,61.28585464005629,48.81144267865675,74.9449185175404,1000,61.74079005971308
WM.LF-WM.LF-Stock change-TOT,ALL,1996,62.61158263210616,49.961479830926535,77.12889270041829,1000,63.172899053488436
WM.LF-WM.LF-Stock change-TOT,ALL,1997,62.9147611380202,50.01403563008896,76.80352973529301,1000,63.27709375890067
WM.LF-WM.LF-Stock change-TOT,ALL,1998,63.2170925881553,50.17571771943394,76.83344812481141,1000,63.525669167687994
WM.LF-WM.LF-Stock change-TOT,ALL,1999,57.69625783592293,46.79429368173717,70.28541340397996,1000,58.20372045892225
WM.LF-WM.LF-Stock change-TOT,ALL,2000,54.81729641292125,44.61700165071236,66.20232148127424,1000,55.196394895483664
WM.LF-WM.LF-Stock change-TOT,ALL,2001,48.522004183337515,39.37982513894423,58.44352136521901,1000,48.629808356871635
WM.LF-WM.LF-Stock change-TOT,ALL,2002,47.31150676529411,39.45506776413965,55.996329165076965,1000,47.60870574570625
WM.LF-WM.LF-Stock change-TOT,ALL,2003,45.09590786568069,37.34316597933595,53.31350189910924,1000,45.312611273548164
WM.LF-WM.LF-Stock change-TOT,ALL,2004,45.86894744410094,39.32889934311338,54.36839100763689,1000,46.31987803921201
WM.LF-WM.LF-Stock change-TOT,ALL,2005,43.02457205931528,36.929576863899044,50.22415852239954,1000,43.3816613339368
WM.LF-WM.LF-Stock change-TOT,ALL,2006,41.90430984437042,36.1154752814978,48.52190263192341,1000,42.0740910593226
WM.LF-WM.LF-Stock change-TOT,ALL,2007,43.29145228528017,37.1492690216637,49.33009884326171,1000,43.39325514103496
WM.LF-WM.LF-Stock change-TOT,ALL,2008,41.80639084144729,36.195485502802775,47.70276448766064,1000,41.9601282873362
WM.LF-WM.LF-Stock change-TOT,ALL,2009,31.794065440335164,27.616382887299178,36.18994293052276,1000,31.94695120314362
WM.LF-WM.LF-Stock change-TOT,ALL,2010,17.294734289144806,15.242054588522484,19.48056108403792,1000,17.35054651287144
WM.LF-WM.LF-Stock change-TOT,ALL,2011,5.4012631388487975,4.748424529845368,6.070982781389449,1000,5.4194228889852
WM.LF-WM.LF-Stock change-TOT,ALL,2012,0.0,0.0,0.0,1000,0.0
WM.LF-WM.LF-Stock change-TOT,ALL,2013,0.0,0.0,0.0,1000,0.0
WM.LF-WM.LF-Stock change-TOT,ALL,2014,0.0,0.0,0.0,1000,0.0
WM.LF-WM.LF-Stock change-TOT,ALL,2015,0.0,0.0,0.0,1000,0.0
WM.LF-WM.LF-Stock change-TOT,ALL,2016,0.0,0.0,0.0,1000,0.0
WM.LF-WM.LF-Stock change-TOT,ALL,2017,0.0,0.0,0.0,1000,0.0
WM.LF-WM.LF-Stock change-TOT,ALL,2018,0.0,0.0,0.0,1000,0.0
WM.LF-WM.LF-Stock change-TOT,ALL,2019,0.0,0.0,0.0,1000,0.0
WM.LF-WM.LF-Stock change-TOT,ALL,2020,0.0,0.0,0.0,1000,0.0
WM.LF-WM.LF-Stock change-TOT,ALL,2021,0.0,0.0,0.0,1000,0.0
WM.LF-WM.LF-Stock change-TOT,ALL,2022,0.0,0.0,0.0,1000,0.0
WM.LF-WM.LF-Stock change-TOT,ALL,2023,0.0,0.0,0.0,1000,0.0
WM.LF-WM.LF-Stock change-TOT,ALL,2024,0.0,0.0,0.0,1000,0.0
WM.LF-WM.LF-Stock change-TOT,ALL,2025,0.0,0.0,0.0,1000,0.0
WM.RS-RW.RW-Residual waste export for incineration-TOT,ALL,1988,0.0,0.0,0.0,1000,0.0
WM.RS-RW.RW-Residual waste export for incineration-TOT,ALL,1989,0.0,0.0,0.0,1000,0.0
WM.RS-RW.RW-Residual waste export for incineration-TOT,ALL,1990,0.0,0.0,0.0,1000,0.0
WM.RS-RW.RW-Residual waste export for incineration-TOT,ALL,1991,0.0,0.0,0.0,1000,0.0
WM.RS-RW.RW-Residual waste export for incineration-TOT,ALL,1992,0.0,0.0,0.0,1000,0.0
WM.RS-RW.RW-Residual waste export for incineration-TOT,ALL,1993,0.0,0.0,0.0,1000,0.0
WM.RS-RW.RW-Residual waste export for incineration-TOT,ALL,1994,0.0,0.0,0.0,1000,0.0
WM.RS-RW.RW-Residual waste export for incineration-TOT,ALL,1995,0.0,0.0,0.0,1000,0.0
WM.RS-RW.RW-Residual waste export for incineration-TOT,ALL,1996,0.0,0.0,0.0,1000,0.0
WM.RS-RW.RW-Residual waste export for incineration-TOT,ALL,1997,0.0,0.0,0.0,1000,0.0
WM.RS-RW.RW-Residual waste export for incineration-TOT,ALL,1998,0.0,0.0,0.0,1000,0.0
WM.RS-RW.RW-Residual waste export for incineration-TOT,ALL,1999,0.0,0.0,0.0,1000,0.0
WM.RS-RW.RW-Residual waste export for incineration-TOT,ALL,2000,0.0,0.0,0.0,1000,0.0
WM.RS-RW.RW-Residual waste export for incineration-TOT,ALL,2001,0.0,0.0,0.0,1000,0.0
WM.RS-RW.RW-Residual waste export for incineration-TOT,ALL,2002,0.0,0.0,0.0,1000,0.0
WM.RS-RW.RW-Residual waste export for incineration-TOT,ALL,2003,0.0,0.0,0.0,1000,0.0
WM.RS-RW.RW-Residual waste export for incineration-TOT,ALL,2004,0.0,0.0,0.0,1000,0.0
WM.RS-RW.RW-Residual waste export for incineration-TOT,ALL,2005,0.0,0.0,0.0,1000,0.0
WM.RS-RW.RW-Residual waste export for incineration-TOT,ALL,2006,1.4147192194330178,1.2082068459339128,1.6249527416436453,1000,1.4218749431368563
WM.RS-RW.RW-Residual waste export for incineration-TOT,ALL,2007,2.853858828534783,2.4588187408581477,3.263151910671759,1000,2.8726869522525
WM.RS-RW.RW-Residual waste export for incineration-TOT,ALL,2008,4.299566552384649,3.716201305519055,4.8809166664870025,1000,4.317429370160807
WM.RS-RW.RW-Residual waste export for incineration-TOT,ALL,2009,5.355298771788862,4.623787252343447,6.081269496672245,1000,5.378431889239428
WM.RS-RW.RW-Residual waste export for incineration-TOT,ALL,2010,7.044045949457734,6.155028996231772,7.9393504240523995,1000,7.062899237057767
WM.RS-RW.RW-Residual waste export for incineration-TOT,ALL,2011,8.717551854103363,7.677512612625118,9.788924833171366,1000,8.736109697044144
WM.RS-RW.RW-Residual waste export for incineration-TOT,ALL,2012,9.766119684858738,8.610883685098418,10.922749504042255,1000,9.780079690830034
WM.RS-RW.RW-Residual waste export for incineration-TOT,ALL,2013,10.903843875033548,9.575981780439221,12.19548351331019,1000,10.922139627565755
WM.RS-RW.RW-Residual waste export for incineration-TOT,ALL,2014,12.344764303544897,10.923171600082847,13.752306487664532,1000,12.369712756407086
WM.RS-RW.RW-Residual waste export for incineration-TOT,ALL,2015,13.53878372309176,12.004528305670975,15.106299664817808,1000,13.578342772841392
WM.RS-RW.RW-Residual waste export for incineration-TOT,ALL,2016,12.791826194825699,11.430967405777182,14.28139647767597,1000,12.828385386818143
WM.RS-RW.RW-Residual waste export for incineration-TOT,ALL,2017,15.6675511766902,13.934417453755605,17.505230355296046,1000,15.687069876452085
WM.RS-RW.RW-Residual waste export for incineration-TOT,ALL,2018,13.724517631387586,12.196529981979918,15.481250940445795,1000,13.72606547416773
WM.RS-RW.RW-Residual waste export for incineration-TOT,ALL,2019,15.128957660084058,13.52117635025571,16.851662844749004,1000,15.14537198424584
WM.RS-RW.RW-Residual waste export for incineration-TOT,ALL,2020,11.457332041651377,10.15287633098958,12.628598082358526,1000,11.433632048913958
WM.RS-RW.RW-Residual waste export for incineration-TOT,ALL,2021,13.302781388790521,11.721746384986528,14.809726813679982,1000,13.273405234546805
WM.RS-RW.RW-Residual waste export for incineration-TOT,ALL,2022,13.739736046239916,12.026514331465796,15.61624212086224,1000,13.755743571556751
WM.RS-RW.RW-Residual waste export for incineration-TOT,ALL,2023,10.684935098200711,9.585816113564155,11.914749666842308,1000,10.705531940713243
WM.RS-RW.RW-Residual waste export for incineration-TOT,ALL,2024,10.706512159096892,9.540973973990084,11.93398161015653,1000,10.738464523931047
WM.RS-RW.RW-Residual waste export for incineration-TOT,ALL,2025,11.34652802375319,9.99239421031809,12.892053316270736,1000,11.37473882853144
WM.RS-WM.IN-Domestic incineration-TOT,ALL,1988,18.643738985136164,13.11732010963676,25.414818058152356,1000,19.0008347555586
WM.RS-WM.IN-Domestic incineration-TOT,ALL,1989,18.09480981336425,12.690615328419979,24.767395845046327,1000,18.468921780187188
WM.RS-WM.IN-Domestic incineration-TOT,ALL,1990,17.665474721332046,12.341104629195762,24.232345845024835,1000,18.026963869744193
WM.RS-WM.IN-Domestic incineration-TOT,ALL,1991,16.9223796884937,11.723722388018071,23.39349260047317,1000,17.275397544703196
WM.RS-WM.IN-Domestic incineration-TOT,ALL,1992,18.262209307267412,13.513620927513516,24.338422280905238,1000,18.59311065074482
WM.RS-WM.IN-Domestic incineration-TOT,ALL,1993,19.280786291721785,14.643925010632318,25.20848689211303,1000,19.605601073181866
WM.RS-WM.IN-Domestic incineration-TOT,ALL,1994,20.92607702866715,16.017095793663298,27.29264177084434,1000,21.201106360055526
WM.RS-WM.IN-Domestic incineration-TOT,ALL,1995,22.15443015494041,16.504884423815025,29.41766123273921,1000,22.489482873046924
WM.RS-WM.IN-Domestic incineration-TOT,ALL,1996,21.149093025030904,15.48532613052548,28.275069187484597,1000,21.395908247031556
WM.RS-WM.IN-Domestic incineration-TOT,ALL,1997,22.66640766549802,17.038086136830856,29.734040262279517,1000,23.04909145105932
WM.RS-WM.IN-Domestic incineration-TOT,ALL,1998,23.643848033389244,17.451851478374998,30.299478730209692,1000,23.734865403312
WM.RS-WM.IN-Domestic incineration-TOT,ALL,1999,27.01745296668736,20.779700677544003,34.466278978524656,1000,27.264297836117763
WM.RS-WM.IN-Domestic incineration-TOT,ALL,2000,31.151728473413847,24.904987449442014,38.46358864436401,1000,31.454146541696346
WM.RS-WM.IN-Domestic incineration-TOT,ALL,2001,34.984092047349336,28.75472521770046,42.95756942116381,1000,35.504808177508366
WM.RS-WM.IN-Domestic incineration-TOT,ALL,2002,36.79722819249281,30.26648596374294,44.40153005423109,1000,37.10429380181376
WM.RS-WM.IN-Domestic incineration-TOT,ALL,2003,38.88425570134896,32.383677838443795,46.18578860248348,1000,39.225842595011834
WM.RS-WM.IN-Domestic incineration-TOT,ALL,2004,40.83870578753836,34.42093360991353,47.47524934097056,1000,41.07611826118801
WM.RS-WM.IN-Domestic incineration-TOT,ALL,2005,44.88340880737235,38.62881442289179,51.867262231880126,1000,45.1523413883832
WM.RS-WM.IN-Domestic incineration-TOT,ALL,2006,44.4690650256331,37.93208095504266,50.76620496962538,1000,44.709675631340545
WM.RS-WM.IN-Domestic incineration-TOT,ALL,2007,42.57477518471373,36.818808005172244,48.78105244736498,1000,42.837251214792545
WM.RS-WM.IN-Domestic incineration-TOT,ALL,2008,42.81990054633424,37.68233774599224,48.41168846807931,1000,42.99931103896299
WM.RS-WM.IN-Domestic incineration-TOT,ALL,2009,45.916675029233204,40.66872449615343,51.74830077185569,1000,46.08702213775695
WM.RS-WM.IN-Domestic incineration-TOT,ALL,2010,63.055061502850556,56.22891744904989,69.45239948765916,1000,63.21557704235079
WM.RS-WM.IN-Domestic incineration-TOT,ALL,2011,75.96686723644494,68.80654819417053,82.77194480822422,1000,76.16818223039067
WM.RS-WM.IN-Domestic incineration-TOT,ALL,2012,76.71672500642143,69.6486665711265,83.41878443623185,1000,76.89201966072997
WM.RS-WM.IN-Domestic incineration-TOT,ALL,2013,73.63729124071844,66.9495465465845,80.06295988329995,1000,73.77187113209425
WM.RS-WM.IN-Domestic incineration-TOT,ALL,2014,72.75119823566101,66.40274989460691,79.15197549902648,1000,72.89161035089292
WM.RS-WM.IN-Domestic incineration-TOT,ALL,2015,70.57823465684163,64.48046945590251,76.75348374939979,1000,70.6545528403186
WM.RS-WM.IN-Domestic incineration-TOT,ALL,2016,67.90440555341912,61.96407995662135,74.18192231565402,1000,68.05676837622185
WM.RS-WM.IN-Domestic incineration-TOT,ALL,2017,66.36907134532115,60.44874817109328,72.36184085904121,1000,66.5302774844079
WM.RS-WM.IN-Domestic incineration-TOT,ALL,2018,69.85709694206128,63.6039652479989,76.47402221842914,1000,70.02052070135228
WM.RS-WM.IN-Domestic incineration-TOT,ALL,2019,70.65165327668709,64.95907375105388,76.09665051871278,1000,70.66410101431416
WM.RS-WM.IN-Domestic incineration-TOT,ALL,2020,79.98806999827893,73.5096963478146,86.08127864478782,1000,79.96230759068604
WM.RS-WM.IN-Domestic incineration-TOT,ALL,2021,89.69558176991006,81.62900714943821,97.07210281032,1000,89.5415075040032
WM.RS-WM.IN-Domestic incineration-TOT,ALL,2022,93.39139752249054,83.20900696916421,102.87619825258142,1000,93.29284453394325
WM.RS-WM.IN-Domestic incineration-TOT,ALL,2023,85.07277036545545,77.58169415139578,91.89361773711056,1000,84.87957467279786
WM.RS-WM.IN-Domestic incineration-TOT,ALL,2024,87.62455358617558,81.19185434025493,94.69680762279066,1000,87.87002513567452
WM.RS-WM.IN-Domestic incineration-TOT,ALL,2025,86.18841818733927,77.5245767708321,95.0268138230883,1000,86.26250433482856
WM.RS-WM.LF-Landfilling of textiles-TOT,ALL,1988,71.26829211195891,57.394185706952705,85.90560983171443,1000,71.4793307471014
WM.RS-WM.LF-Landfilling of textiles-TOT,ALL,1989,69.22734847259697,55.500526773529245,83.84281514430872,1000,69.4783247921328
WM.RS-WM.LF-Landfilling of textiles-TOT,ALL,1990,67.52787863873314,53.81168536842361,82.12826471336545,1000,67.8157212242758
WM.RS-WM.LF-Landfilling of textiles-TOT,ALL,1991,64.74125671469977,51.00458962158441,79.21631293153926,1000,64.98840028721682
WM.RS-WM.LF-Landfilling of textiles-TOT,ALL,1992,63.97399449418856,50.68352171076855,78.02186944886277,1000,64.31931142615517
WM.RS-WM.LF-Landfilling of textiles-TOT,ALL,1993,62.102826957932095,49.704730630341174,75.55235130572126,1000,62.59817701143813
WM.RS-WM.LF-Landfilling of textiles-TOT,ALL,1994,62.199061123838305,49.9502718767289,75.73896758790481,1000,62.68062008922448
WM.RS-WM.LF-Landfilling of textiles-TOT,ALL,1995,61.28585464005629,48.81144267865675,74.9449185175404,1000,61.74079005971308
WM.RS-WM.LF-Landfilling of textiles-TOT,ALL,1996,62.61158263210616,49.961479830926535,77.12889270041829,1000,63.172899053488436
WM.RS-WM.LF-Landfilling of textiles-TOT,ALL,1997,62.9147611380202,50.01403563008896,76.80352973529301,1000,63.27709375890067
WM.RS-WM.LF-Landfilling of textiles-TOT,ALL,1998,63.2170925881553,50.17571771943394,76.83344812481141,1000,63.525669167687994
WM.RS-WM.LF-Landfilling of textiles-TOT,ALL,1999,57.69625783592293,46.79429368173717,70.28541340397996,1000,58.20372045892225
WM.RS-WM.LF-Landfilling of textiles-TOT,ALL,2000,54.81729641292125,44.61700165071236,66.20232148127424,1000,55.196394895483664
WM.RS-WM.LF-Landfilling of textiles-TOT,ALL,2001,48.522004183337515,39.37982513894423,58.44352136521901,1000,48.629808356871635
WM.RS-WM.LF-Landfilling of textiles-TOT,ALL,2002,47.31150676529411,39.45506776413965,55.996329165076965,1000,47.60870574570625
WM.RS-WM.LF-Landfilling of textiles-TOT,ALL,2003,45.09590786568069,37.34316597933595,53.31350189910924,1000,45.312611273548164
WM.RS-WM.LF-Landfilling of textiles-TOT,ALL,2004,45.86894744410094,39.32889934311338,54.36839100763689,1000,46.31987803921201
WM.RS-WM.LF-Landfilling of textiles-TOT,ALL,2005,43.02457205931528,36.929576863899044,50.22415852239954,1000,43.3816613339368
WM.RS-WM.LF-Landfilling of textiles-TOT,ALL,2006,41.90430984437042,36.1154752814978,48.52190263192341,1000,42.0740910593226
WM.RS-WM.LF-Landfilling of textiles-TOT,ALL,2007,43.29145228528017,37.1492690216637,49.33009884326171,1000,43.39325514103496
WM.RS-WM.LF-Landfilling of textiles-TOT,ALL,2008,41.80639084144729,36.195485502802775,47.70276448766064,1000,41.9601282873362
WM.RS-WM.LF-Landfilling of textiles-TOT,ALL,2009,31.794065440335164,27.616382887299178,36.18994293052276,1000,31.94695120314362
WM.RS-WM.LF-Landfilling of textiles-TOT,ALL,2010,17.294734289144806,15.242054588522484,19.48056108403792,1000,17.35054651287144
WM.RS-WM.LF-Landfilling of textiles-TOT,ALL,2011,5.4012631388487975,4.748424529845368,6.070982781389449,1000,5.4194228889852
WM.RS-WM.LF-Landfilling of textiles-TOT,ALL,2012,0.0,0.0,0.0,1000,0.0
WM.RS-WM.LF-Landfilling of textiles-TOT,ALL,2013,0.0,0.0,0.0,1000,0.0
WM.RS-WM.LF-Landfilling of textiles-TOT,ALL,2014,0.0,0.0,0.0,1000,0.0
WM.RS-WM.LF-Landfilling of textiles-TOT,ALL,2015,0.0,0.0,0.0,1000,0.0
WM.RS-WM.LF-Landfilling of textiles-TOT,ALL,2016,0.0,0.0,0.0,1000,0.0
WM.RS-WM.LF-Landfilling of textiles-TOT,ALL,2017,0.0,0.0,0.0,1000,0.0
WM.RS-WM.LF-Landfilling of textiles-TOT,ALL,2018,0.0,0.0,0.0,1000,0.0
WM.RS-WM.LF-Landfilling of textiles-TOT,ALL,2019,0.0,0.0,0.0,1000,0.0
WM.RS-WM.LF-Landfilling of textiles-TOT,ALL,2020,0.0,0.0,0.0,1000,0.0
WM.RS-WM.LF-Landfilling of textiles-TOT,ALL,2021,0.0,0.0,0.0,1000,0.0
WM.RS-WM.LF-Landfilling of textiles-TOT,ALL,2022,0.0,0.0,0.0,1000,0.0
WM.RS-WM.LF-Landfilling of textiles-TOT,ALL,2023,0.0,0.0,0.0,1000,0.0
WM.RS-WM.LF-Landfilling of textiles-TOT,ALL,2024,0.0,0.0,0.0,1000,0.0
WM.RS-WM.LF-Landfilling of textiles-TOT,ALL,2025,0.0,0.0,0.0,1000,0.0
